-- phpMyAdmin SQL Dump
-- version 5.1.1
-- https://www.phpmyadmin.net/
--
-- Host: 127.0.0.1:3306
-- Generation Time: Sep 19, 2022 at 11:54 AM
-- Server version: 8.0.27
-- PHP Version: 7.4.26

SET SQL_MODE = "NO_AUTO_VALUE_ON_ZERO";
START TRANSACTION;
SET time_zone = "+00:00";


/*!40101 SET @OLD_CHARACTER_SET_CLIENT=@@CHARACTER_SET_CLIENT */;
/*!40101 SET @OLD_CHARACTER_SET_RESULTS=@@CHARACTER_SET_RESULTS */;
/*!40101 SET @OLD_COLLATION_CONNECTION=@@COLLATION_CONNECTION */;
/*!40101 SET NAMES utf8mb4 */;

--
-- Database: `tlsleadcrm`
--

-- --------------------------------------------------------

--
-- Table structure for table `attachment`
--

DROP TABLE IF EXISTS `attachment`;
CREATE TABLE IF NOT EXISTS `attachment` (
  `a_id` int NOT NULL AUTO_INCREMENT,
  `t_id` int NOT NULL,
  `url` text NOT NULL,
  PRIMARY KEY (`a_id`)
) ENGINE=MyISAM AUTO_INCREMENT=43 DEFAULT CHARSET=utf8mb4 COLLATE=utf8mb4_0900_ai_ci;

--
-- Dumping data for table `attachment`
--

INSERT INTO `attachment` (`a_id`, `t_id`, `url`) VALUES
(41, 31, 'logo sample1.jpg'),
(40, 25, 'logo sample1.jpg'),
(42, 41, 'generatedBy_react-csv (2).csv');

-- --------------------------------------------------------

--
-- Table structure for table `attributes`
--

DROP TABLE IF EXISTS `attributes`;
CREATE TABLE IF NOT EXISTS `attributes` (
  `a_id` int NOT NULL AUTO_INCREMENT,
  `name` varchar(50) NOT NULL,
  `type` int NOT NULL COMMENT '1-lead_Source,2-lead_status,3-lead_label,4-task_status',
  `created_by` int NOT NULL DEFAULT '0',
  `color_code` varchar(50) DEFAULT NULL,
  `created_at` timestamp NOT NULL DEFAULT CURRENT_TIMESTAMP,
  `updated_at` timestamp NOT NULL DEFAULT CURRENT_TIMESTAMP ON UPDATE CURRENT_TIMESTAMP,
  PRIMARY KEY (`a_id`)
) ENGINE=MyISAM AUTO_INCREMENT=122 DEFAULT CHARSET=utf8mb4 COLLATE=utf8mb4_0900_ai_ci;

--
-- Dumping data for table `attributes`
--

INSERT INTO `attributes` (`a_id`, `name`, `type`, `created_by`, `color_code`, `created_at`, `updated_at`) VALUES
(1, 'New', 2, 0, '#b8fff9', '2022-09-10 11:54:14', '2022-09-10 11:54:14'),
(2, 'Processing', 2, 0, ' #fff0b5', '2022-09-10 11:54:14', '2022-09-10 11:54:14'),
(3, 'Confirm', 2, 0, '#9ee3a1', '2022-09-10 11:54:14', '2022-09-10 11:54:14'),
(4, 'Cancel', 2, 0, '#fbc8c8', '2022-09-10 11:54:14', '2022-09-10 11:54:14'),
(5, 'Close-by', 2, 0, '', '2022-09-10 11:54:14', '2022-09-10 11:54:14'),
(6, 'Online', 1, 0, NULL, '2022-09-10 11:55:04', '2022-09-10 11:55:04'),
(7, 'Offline', 1, 0, NULL, '2022-09-10 11:55:04', '2022-09-10 11:55:04'),
(8, 'Website', 1, 0, NULL, '2022-09-10 11:55:04', '2022-09-10 11:55:04'),
(9, 'Whatsapp', 1, 0, NULL, '2022-09-10 11:55:04', '2022-09-10 11:55:04'),
(10, 'New', 4, 0, NULL, '2022-09-10 11:56:34', '2022-09-10 11:56:34'),
(11, 'Processing', 4, 0, NULL, '2022-09-10 11:56:34', '2022-09-10 11:56:34'),
(12, 'In Feedback', 4, 0, NULL, '2022-09-10 11:56:34', '2022-09-10 11:56:34'),
(13, 'Completed', 4, 0, NULL, '2022-09-10 11:56:34', '2022-09-10 11:56:34'),
(114, 'SEO', 3, 54, '#dfb9b9', '2022-09-16 08:44:30', '2022-09-16 08:44:30'),
(115, 'BWMS', 3, 54, '#1f34d1', '2022-09-16 08:44:38', '2022-09-16 08:44:38'),
(103, 'g', 3, 55, '#000594', '2022-09-13 11:10:37', '2022-09-13 11:13:55'),
(79, 'abc', 2, 55, NULL, '2022-09-13 03:59:01', '2022-09-13 03:59:01'),
(46, 'vxcv', 1, 55, NULL, '2022-09-12 06:55:42', '2022-09-12 09:51:52'),
(108, 'dghrfg', 3, 2, '#a647b3', '2022-09-13 12:19:04', '2022-09-13 12:19:04'),
(37, 'demo2', 2, 55, NULL, '2022-09-12 04:58:25', '2022-09-13 10:51:12'),
(45, 'harsh', 2, 67, NULL, '2022-09-12 06:49:17', '2022-09-12 06:49:17'),
(64, '12', 4, 55, NULL, '2022-09-12 12:10:36', '2022-09-13 04:27:41'),
(84, 'jkbjkkj', 3, 2, '#ff0000', '2022-09-13 05:50:04', '2022-09-13 05:50:04'),
(116, 'Graphics', 3, 54, '#7ff91a', '2022-09-16 08:44:49', '2022-09-16 08:44:49'),
(113, 'newww', 2, 2, NULL, '2022-09-16 05:33:37', '2022-09-16 05:33:37'),
(112, 'fwegeg', 2, 2, NULL, '2022-09-15 11:58:14', '2022-09-15 11:58:14'),
(110, 'hello', 3, 2, '#7ff91a', '2022-09-14 03:48:07', '2022-09-14 03:48:15'),
(101, 'aaa123', 3, 55, '#a647b3', '2022-09-13 10:32:13', '2022-09-13 11:36:46'),
(117, 'development ', 3, 54, '#fb8f13', '2022-09-16 08:45:11', '2022-09-16 08:45:11'),
(118, 'app', 3, 67, '#dfb9b9', '2022-09-16 11:53:40', '2022-09-17 10:32:00'),
(119, 'web', 3, 67, '#a05a5a', '2022-09-16 11:53:48', '2022-09-17 10:32:06'),
(120, 'graphics', 3, 67, '#fb8f13', '2022-09-16 11:54:02', '2022-09-17 10:33:13'),
(121, 'flutter', 3, 67, '#a647b3', '2022-09-17 10:32:24', '2022-09-17 10:32:24');

-- --------------------------------------------------------

--
-- Table structure for table `color`
--

DROP TABLE IF EXISTS `color`;
CREATE TABLE IF NOT EXISTS `color` (
  `color_id` int NOT NULL AUTO_INCREMENT,
  `color_code` varchar(30) NOT NULL,
  `created_at` timestamp NOT NULL DEFAULT CURRENT_TIMESTAMP,
  `updated_at` timestamp NOT NULL DEFAULT CURRENT_TIMESTAMP ON UPDATE CURRENT_TIMESTAMP,
  PRIMARY KEY (`color_id`)
) ENGINE=MyISAM AUTO_INCREMENT=23 DEFAULT CHARSET=utf8mb4 COLLATE=utf8mb4_0900_ai_ci;

--
-- Dumping data for table `color`
--

INSERT INTO `color` (`color_id`, `color_code`, `created_at`, `updated_at`) VALUES
(1, '#dfb9b9', '2022-07-30 04:56:16', '2022-07-30 04:56:16'),
(2, '#a05a5a', '2022-07-30 04:57:56', '2022-07-30 04:57:56'),
(8, '#1f34d1', '2022-07-30 08:03:01', '2022-07-30 08:03:01'),
(9, '#7ff91a', '2022-07-30 08:03:08', '2022-07-30 08:03:08'),
(10, '#fb8f13', '2022-07-30 08:03:14', '2022-07-30 08:03:14'),
(13, '#a647b3', '2022-07-30 08:03:51', '2022-07-30 08:03:51'),
(16, '#ff0000', '2022-08-27 11:40:22', '2022-08-27 11:40:22'),
(17, '#000000', '2022-08-27 11:43:20', '2022-08-27 11:43:20'),
(18, '#c62f2f', '2022-08-29 12:00:33', '2022-08-29 12:00:33'),
(19, '#000594', '2022-09-10 05:03:31', '2022-09-10 05:03:31'),
(21, '#fac940', '2022-09-16 11:59:24', '2022-09-16 11:59:24'),
(22, '#959a44', '2022-09-16 12:01:08', '2022-09-16 12:01:08');

-- --------------------------------------------------------

--
-- Table structure for table `customer`
--

DROP TABLE IF EXISTS `customer`;
CREATE TABLE IF NOT EXISTS `customer` (
  `c_id` int NOT NULL AUTO_INCREMENT,
  `name` varchar(100) NOT NULL,
  `email` varchar(100) NOT NULL,
  `mo_no` varchar(20) NOT NULL,
  `address` text NOT NULL,
  `type` int NOT NULL COMMENT '0-lead\r\n1-converted to customer',
  `status` int NOT NULL COMMENT '0-activew,1-deactive',
  `created_at` timestamp NOT NULL DEFAULT CURRENT_TIMESTAMP,
  `updated_at` timestamp NOT NULL DEFAULT CURRENT_TIMESTAMP ON UPDATE CURRENT_TIMESTAMP,
  PRIMARY KEY (`c_id`)
) ENGINE=MyISAM AUTO_INCREMENT=565 DEFAULT CHARSET=utf8mb4 COLLATE=utf8mb4_0900_ai_ci;

--
-- Dumping data for table `customer`
--

INSERT INTO `customer` (`c_id`, `name`, `email`, `mo_no`, `address`, `type`, `status`, `created_at`, `updated_at`) VALUES
(1, 'abcaaaaaaaaaaaaaaaaaa', 'abc@gmail.com', '1234567890', 'abcaaaaaaaaaaaasd', 0, 1, '0000-00-00 00:00:00', '2022-08-02 04:56:58'),
(2, 'mmmmm', 'mmmm@gmail.com', '9876543222', 'address', 0, 0, '2022-07-29 10:13:44', '2022-08-02 04:54:33'),
(3, 'demo', 'harshpatel.tls@gmail.com', 'abcc', 'asas', 0, 0, '2022-07-29 10:20:11', '2022-07-29 10:20:11'),
(4, 'vcvb', 'harshpatel.tls@gmail.com', '5544120036', 'asas', 0, 0, '2022-07-29 10:25:33', '2022-07-29 10:25:33'),
(5, 'vcvb', '', '8855441120', 'fgsdfg', 0, 0, '2022-07-30 09:25:59', '2022-08-02 04:23:03'),
(6, 'vatsal', 'harshpatel.tls@gmail.com', '123', 'hjkhjkhjk', 1, 0, '2022-07-30 09:26:44', '2022-08-15 04:25:01'),
(8, 'DFG', 'harshpatel.tls@gmail.com', '343432432423', 'GFDGF', 0, 0, '2022-07-30 09:52:12', '2022-07-30 09:52:12'),
(9, 'vcvb', 'harshpatel.tls@gmail.com', '54354353465', 'gddgd', 0, 0, '2022-07-30 11:08:03', '2022-07-30 11:08:03'),
(10, 'vcvb', 'staff1@gmail.com', '6456546456', 'gdfg', 0, 0, '2022-07-30 11:08:47', '2022-07-30 11:08:47'),
(11, 'lll', 'dhruvi.tls@gmail.com', '77446555555', 'jhfgh', 0, 0, '2022-08-02 04:56:15', '2022-08-02 04:56:15'),
(12, 'kashyap', 'dhruvi.tls@gmail.com', 'sdasdsad', 'dasd', 0, 0, '2022-08-02 07:00:55', '2022-08-03 09:47:55'),
(13, 'darshan', 'dhruvi.tls@gmail.com', 'sdsad', 'asd', 1, 1, '2022-08-02 07:48:24', '2022-08-16 06:09:56'),
(14, 'harsh', 'harshpatel.tls@gmail.com', 'asasa', 'asd', 1, 1, '2022-08-02 07:57:55', '2022-08-15 09:25:42'),
(15, 'prash bhai edit', 'staff1@gmail.com', '69696969669', 'dsfdsfdsfdsfn', 0, 0, '2022-08-02 11:05:28', '2022-08-04 08:56:52'),
(16, 'ght', 'ghgfh', '5345345df', 'fgh', 0, 0, '2022-08-06 03:59:17', '2022-08-06 04:15:16'),
(17, 'vcvb', 'staff1@gmail.com', '343434234', 'fgfdghtg', 0, 0, '2022-08-06 04:07:51', '2022-08-06 04:07:51'),
(18, 'vcvb', 'staff1@gmail.com', 'abc', 'fghgf', 0, 0, '2022-08-06 05:46:40', '2022-08-06 05:47:05'),
(19, 'chaman', 'staff1@gmail.com', '45345345453', 'rtgera', 1, 1, '2022-08-06 09:47:20', '2022-08-08 09:06:53'),
(20, '', '', '', '', 0, 0, '2022-08-10 05:04:52', '2022-08-10 05:04:52'),
(21, 'vcvb', 'dhruvi.tls@gmail.com', '32434234', 'fsdf', 1, 0, '2022-08-15 09:50:29', '2022-08-16 04:38:02'),
(22, 'sadsa', 'staff3@gmail.com', '232323123', 'df', 1, 0, '2022-08-16 05:35:35', '2022-08-16 05:38:06'),
(23, 'aaa', 'staff1@gmail.com', '435646546', 'sdf', 1, 0, '2022-08-16 06:40:19', '2022-08-16 06:40:25'),
(24, 'vcvb', 'staff1@gmail.com', '5423432445345', 'rtydfgdrg', 1, 0, '2022-08-16 06:49:21', '2022-08-16 06:49:40'),
(25, 'The Gost Of The Uchiha', 'madarauchiha@gmail.com', '123213123', 'hidden leaf village', 1, 0, '2022-08-16 06:51:28', '2022-08-17 05:34:33'),
(26, 'dfsgsdfg', 'staff1@gmail.com', '464565465466', 'dfg', 1, 0, '2022-08-16 06:52:12', '2022-08-16 06:53:52'),
(27, 'sadsa', 'staff1@gmail.com', '332323222', 'dfsd', 1, 0, '2022-08-16 07:01:00', '2022-08-16 07:01:07'),
(28, 'sasuke uchiha', 'staff1@gmail.com', '11111111111123', 'df', 1, 0, '2022-08-16 08:30:10', '2022-08-17 05:33:28'),
(29, 'itachi uchiha', 'staff1@gmail.com', '56555555654645', 'fsdf', 1, 0, '2022-08-16 08:34:02', '2022-08-17 05:33:05'),
(30, 'nobita', 'staff1@gmail.com', '1112121212', 'sdf', 1, 0, '2022-08-17 04:41:56', '2022-08-17 10:08:21'),
(31, 'sadsa', 'staff1@gmail.com', '6546546546546', '546hfgh', 1, 1, '2022-08-17 05:08:14', '2022-08-17 05:31:53'),
(32, 'fhfgh', 'staff1@gmail.com', '56546546546', 'hfghh', 1, 0, '2022-08-17 05:09:10', '2022-08-17 05:09:46'),
(33, 'dfsd', 'bwms@gmail.com', '69696969696', 'sdf', 1, 1, '2022-08-17 05:13:33', '2022-08-17 05:31:45'),
(34, 'sadsa', 'staff1@gmail.com', '5454545454546', 'hhgv', 1, 0, '2022-08-17 05:50:19', '2022-08-17 05:51:45'),
(35, 'gdfg', '', '54345435', 'dfg', 1, 0, '2022-08-17 05:53:43', '2022-08-17 05:56:03'),
(36, 'fgvdfsg', '', '546465465464', '', 1, 0, '2022-08-17 05:57:49', '2022-08-17 05:58:00'),
(37, 'ghfh', '', '5645654654', '', 1, 0, '2022-08-17 06:00:55', '2022-08-17 06:01:02'),
(38, 'kakashi hatake', '', '5354345', '', 1, 0, '2022-08-17 06:02:16', '2022-08-17 06:03:25'),
(39, 'dfgdfg', 'staff1@gmail.com', '6546546546', 'gdf', 0, 0, '2022-08-17 10:14:38', '2022-08-17 11:38:27'),
(40, 'dsfsdf', 'staff1@gmail.com', '4535345345', 'fsdf', 0, 0, '2022-08-17 10:15:33', '2022-08-17 10:15:33'),
(41, 'fdsfdsf', 'dhruvi.tls@gmail.com', '4535435345', 'sdf', 0, 0, '2022-08-17 10:15:52', '2022-08-17 11:38:38'),
(42, 'fdsfsd', 'staff3@gmail.com', '54434545345', 'sdfsdf', 0, 0, '2022-08-17 10:16:13', '2022-08-17 10:16:13'),
(43, 'fghfgh', 'dhruvi.tls@gmail.com', '43535345345', 'gdfg', 0, 0, '2022-08-17 12:44:48', '2022-08-17 12:44:48'),
(44, 'dgdfgdfg', 'dhruvi.tls@gmail.com', '54646546', 'fgdfgd', 0, 0, '2022-08-17 12:45:54', '2022-08-17 12:45:54'),
(45, 'dfgdfg', 'staff1@gmail.com', '565756546546', 'fdgdfg', 0, 0, '2022-08-17 12:46:11', '2022-08-17 12:46:11'),
(46, 'hdfgdfg', 'staff1@gmail.com', '4654756546', 'gdfgdfgdf', 0, 0, '2022-08-17 12:46:30', '2022-08-17 12:46:30'),
(47, 'sdfsdf', 'sdf', '53545234', 'fsdf', 0, 0, '2022-08-17 12:46:44', '2022-08-17 12:46:44'),
(48, 'dfgdfg', 'truelinesolution', '5756756756756', 'ddfgfdg', 0, 0, '2022-08-17 12:47:00', '2022-08-17 12:47:00'),
(49, 'dfgdfg', 'truelinesolution', '5756756756756', 'ddfgfdg', 0, 0, '2022-08-18 07:54:01', '2022-08-18 07:54:01'),
(50, 'sdfsdf', 'sdf', '53545234', 'fsdf', 0, 0, '2022-08-18 07:54:01', '2022-08-18 07:54:01'),
(51, 'hdfgdfg', 'staff1@gmail.com', '4654756546', 'gdfgdfgdf', 0, 0, '2022-08-18 07:54:01', '2022-08-18 07:54:01'),
(52, 'dfgdfg', 'staff1@gmail.com', '565756546546', 'fdgdfg', 0, 0, '2022-08-18 07:54:01', '2022-08-18 07:54:01'),
(53, 'dgdfgdfg', 'dhruvi.tls@gmail.com', '54646546', 'fgdfgd', 0, 0, '2022-08-18 07:54:01', '2022-08-18 07:54:01'),
(54, 'fghfgh', 'dhruvi.tls@gmail.com', '43535345345', 'gdfg', 0, 0, '2022-08-18 07:54:01', '2022-08-18 07:54:01'),
(55, 'fhfgh', 'staff1@gmail.com', '56546546546', 'hfghh', 0, 0, '2022-08-18 07:54:01', '2022-08-18 07:54:01'),
(56, 'harsh', 'harshpatel.tls@gmail.com', 'asasa', 'asd', 0, 0, '2022-08-18 07:54:01', '2022-08-18 07:54:01'),
(57, 'darshan', 'dhruvi.tls@gmail.com', 'sdsad', 'asd', 0, 0, '2022-08-18 07:54:01', '2022-08-18 07:54:01'),
(58, 'dfgdfg', 'truelinesolution', '5756756756756', 'ddfgfdg', 0, 0, '2022-08-18 07:54:20', '2022-08-18 07:54:20'),
(59, 'sdfsdf', 'sdf', '53545234', 'fsdf', 0, 0, '2022-08-18 07:54:20', '2022-08-18 07:54:20'),
(60, 'hdfgdfg', 'staff1@gmail.com', '4654756546', 'gdfgdfgdf', 0, 0, '2022-08-18 07:54:20', '2022-08-18 07:54:20'),
(61, 'dfgdfg', 'staff1@gmail.com', '565756546546', 'fdgdfg', 0, 0, '2022-08-18 07:54:20', '2022-08-18 07:54:20'),
(62, 'dgdfgdfg', 'dhruvi.tls@gmail.com', '54646546', 'fgdfgd', 0, 0, '2022-08-18 07:54:20', '2022-08-18 07:54:20'),
(63, 'fghfgh', 'dhruvi.tls@gmail.com', '43535345345', 'gdfg', 0, 0, '2022-08-18 07:54:20', '2022-08-18 07:54:20'),
(64, 'fhfgh', 'staff1@gmail.com', '56546546546', 'hfghh', 0, 0, '2022-08-18 07:54:20', '2022-08-18 07:54:20'),
(65, 'harsh', 'harshpatel.tls@gmail.com', 'asasa', 'asd', 0, 0, '2022-08-18 07:54:20', '2022-08-18 07:54:20'),
(66, 'darshan', 'dhruvi.tls@gmail.com', 'sdsad', 'asd', 0, 0, '2022-08-18 07:54:20', '2022-08-18 07:54:20'),
(67, 'dfgdfg', 'truelinesolution', '5756756756756', 'ddfgfdg', 0, 0, '2022-08-18 07:58:37', '2022-08-18 07:58:37'),
(68, 'sdfsdf', 'sdf', '53545234', 'fsdf', 0, 0, '2022-08-18 07:58:37', '2022-08-18 07:58:37'),
(69, 'hdfgdfg', 'staff1@gmail.com', '4654756546', 'gdfgdfgdf', 0, 0, '2022-08-18 07:58:37', '2022-08-18 07:58:37'),
(70, 'dfgdfg', 'staff1@gmail.com', '565756546546', 'fdgdfg', 0, 0, '2022-08-18 07:58:37', '2022-08-18 07:58:37'),
(71, 'dgdfgdfg', 'dhruvi.tls@gmail.com', '54646546', 'fgdfgd', 0, 0, '2022-08-18 07:58:37', '2022-08-18 07:58:37'),
(72, 'fghfgh', 'dhruvi.tls@gmail.com', '43535345345', 'gdfg', 0, 0, '2022-08-18 07:58:37', '2022-08-18 07:58:37'),
(73, 'fhfgh', 'staff1@gmail.com', '56546546546', 'hfghh', 0, 0, '2022-08-18 07:58:37', '2022-08-18 07:58:37'),
(74, 'harsh', 'harshpatel.tls@gmail.com', 'asasa', 'asd', 0, 0, '2022-08-18 07:58:37', '2022-08-18 07:58:37'),
(75, 'darshan', 'dhruvi.tls@gmail.com', 'sdsad', 'asd', 0, 0, '2022-08-18 07:58:37', '2022-08-18 07:58:37'),
(76, 'dfgdfg', 'truelinesolution', '5756756756756', 'ddfgfdg', 0, 0, '2022-08-18 08:00:24', '2022-08-18 08:00:24'),
(77, 'sdfsdf', 'sdf', '53545234', 'fsdf', 0, 0, '2022-08-18 08:00:24', '2022-08-18 08:00:24'),
(78, 'hdfgdfg', 'staff1@gmail.com', '4654756546', 'gdfgdfgdf', 0, 0, '2022-08-18 08:00:24', '2022-08-18 08:00:24'),
(79, 'dfgdfg', 'staff1@gmail.com', '565756546546', 'fdgdfg', 0, 0, '2022-08-18 08:00:24', '2022-08-18 08:00:24'),
(80, 'dgdfgdfg', 'dhruvi.tls@gmail.com', '54646546', 'fgdfgd', 0, 0, '2022-08-18 08:00:24', '2022-08-18 08:00:24'),
(81, 'fghfgh', 'dhruvi.tls@gmail.com', '43535345345', 'gdfg', 0, 0, '2022-08-18 08:00:24', '2022-08-18 08:00:24'),
(82, 'fhfgh', 'staff1@gmail.com', '56546546546', 'hfghh', 0, 0, '2022-08-18 08:00:24', '2022-08-18 08:00:24'),
(83, 'harsh', 'harshpatel.tls@gmail.com', 'asasa', 'asd', 0, 0, '2022-08-18 08:00:24', '2022-08-18 08:00:24'),
(84, 'darshan', 'dhruvi.tls@gmail.com', 'sdsad', 'asd', 0, 0, '2022-08-18 08:00:24', '2022-08-18 08:00:24'),
(85, 'dfgdfg', 'truelinesolution', '5756756756756', 'ddfgfdg', 0, 0, '2022-08-18 08:03:17', '2022-08-18 08:03:17'),
(86, 'sdfsdf', 'sdf', '53545234', 'fsdf', 0, 0, '2022-08-18 08:03:17', '2022-08-18 08:03:17'),
(87, 'hdfgdfg', 'staff1@gmail.com', '4654756546', 'gdfgdfgdf', 0, 0, '2022-08-18 08:03:17', '2022-08-18 08:03:17'),
(88, 'dfgdfg', 'staff1@gmail.com', '565756546546', 'fdgdfg', 0, 0, '2022-08-18 08:03:17', '2022-08-18 08:03:17'),
(89, 'dgdfgdfg', 'dhruvi.tls@gmail.com', '54646546', 'fgdfgd', 0, 0, '2022-08-18 08:03:17', '2022-08-18 08:03:17'),
(90, 'fghfgh', 'dhruvi.tls@gmail.com', '43535345345', 'gdfg', 0, 0, '2022-08-18 08:03:17', '2022-08-18 08:03:17'),
(91, 'fhfgh', 'staff1@gmail.com', '56546546546', 'hfghh', 0, 0, '2022-08-18 08:03:17', '2022-08-18 08:03:17'),
(92, 'harsh', 'harshpatel.tls@gmail.com', 'asasa', 'asd', 0, 0, '2022-08-18 08:03:17', '2022-08-18 08:03:17'),
(93, 'darshan', 'dhruvi.tls@gmail.com', 'sdsad', 'asd', 0, 0, '2022-08-18 08:03:17', '2022-08-18 08:03:17'),
(94, 'dfgdfg', 'truelinesolution', '5756756756756', 'ddfgfdg', 0, 0, '2022-08-18 09:55:42', '2022-08-18 09:55:42'),
(95, 'sdfsdf', 'sdf', '53545234', 'fsdf', 0, 0, '2022-08-18 09:55:42', '2022-08-18 09:55:42'),
(96, 'hdfgdfg', 'staff1@gmail.com', '4654756546', 'gdfgdfgdf', 0, 0, '2022-08-18 09:55:42', '2022-08-18 09:55:42'),
(97, 'dfgdfg', 'staff1@gmail.com', '565756546546', 'fdgdfg', 0, 0, '2022-08-18 09:55:42', '2022-08-18 09:55:42'),
(98, 'dgdfgdfg', 'dhruvi.tls@gmail.com', '54646546', 'fgdfgd', 0, 0, '2022-08-18 09:55:42', '2022-08-18 09:55:42'),
(99, 'fghfgh', 'dhruvi.tls@gmail.com', '43535345345', 'gdfg', 0, 0, '2022-08-18 09:55:42', '2022-08-18 09:55:42'),
(100, 'fhfgh', 'staff1@gmail.com', '56546546546', 'hfghh', 0, 0, '2022-08-18 09:55:42', '2022-08-18 09:55:42'),
(101, 'harsh', 'harshpatel.tls@gmail.com', 'asasa', 'asd', 0, 0, '2022-08-18 09:55:42', '2022-08-18 09:55:42'),
(102, 'darshan', 'dhruvi.tls@gmail.com', 'sdsad', 'asd', 0, 0, '2022-08-18 09:55:42', '2022-08-18 09:55:42'),
(103, 'dfgdfg', 'truelinesolution', '5756756756756', 'ddfgfdg', 0, 0, '2022-08-18 09:56:23', '2022-08-18 09:56:23'),
(104, 'sdfsdf', 'sdf', '53545234', 'fsdf', 0, 0, '2022-08-18 09:56:23', '2022-08-18 09:56:23'),
(105, 'hdfgdfg', 'staff1@gmail.com', '4654756546', 'gdfgdfgdf', 0, 0, '2022-08-18 09:56:23', '2022-08-18 09:56:23'),
(106, 'dfgdfg', 'staff1@gmail.com', '565756546546', 'fdgdfg', 0, 0, '2022-08-18 09:56:23', '2022-08-18 09:56:23'),
(107, 'dgdfgdfg', 'dhruvi.tls@gmail.com', '54646546', 'fgdfgd', 0, 0, '2022-08-18 09:56:23', '2022-08-18 09:56:23'),
(108, 'fghfgh', 'dhruvi.tls@gmail.com', '43535345345', 'gdfg', 0, 0, '2022-08-18 09:56:23', '2022-08-18 09:56:23'),
(109, 'fhfgh', 'staff1@gmail.com', '56546546546', 'hfghh', 0, 0, '2022-08-18 09:56:23', '2022-08-18 09:56:23'),
(110, 'harsh', 'harshpatel.tls@gmail.com', 'asasa', 'asd', 0, 0, '2022-08-18 09:56:23', '2022-08-18 09:56:23'),
(111, 'darshan', 'dhruvi.tls@gmail.com', 'sdsad', 'asd', 0, 0, '2022-08-18 09:56:23', '2022-08-18 09:56:23'),
(112, 'dfgdfg', 'truelinesolution', '5756756756756', 'ddfgfdg', 0, 0, '2022-08-18 10:05:20', '2022-08-18 10:05:20'),
(113, 'sdfsdf', 'sdf', '53545234', 'fsdf', 0, 0, '2022-08-18 10:05:20', '2022-08-18 10:05:20'),
(114, 'hdfgdfg', 'staff1@gmail.com', '4654756546', 'gdfgdfgdf', 0, 0, '2022-08-18 10:05:20', '2022-08-18 10:05:20'),
(115, 'dfgdfg', 'staff1@gmail.com', '565756546546', 'fdgdfg', 0, 0, '2022-08-18 10:05:20', '2022-08-18 10:05:20'),
(116, 'dgdfgdfg', 'dhruvi.tls@gmail.com', '54646546', 'fgdfgd', 0, 0, '2022-08-18 10:05:20', '2022-08-18 10:05:20'),
(117, 'fghfgh', 'dhruvi.tls@gmail.com', '43535345345', 'gdfg', 0, 0, '2022-08-18 10:05:20', '2022-08-18 10:05:20'),
(118, 'fhfgh', 'staff1@gmail.com', '56546546546', 'hfghh', 0, 0, '2022-08-18 10:05:20', '2022-08-18 10:05:20'),
(119, 'harsh', 'harshpatel.tls@gmail.com', 'asasa', 'asd', 0, 0, '2022-08-18 10:05:20', '2022-08-18 10:05:20'),
(120, 'darshan', 'dhruvi.tls@gmail.com', 'sdsad', 'asd', 0, 0, '2022-08-18 10:05:20', '2022-08-18 10:05:20'),
(121, 'dfgdfg', 'truelinesolution', '5756756756756', 'ddfgfdg', 0, 0, '2022-08-18 10:05:51', '2022-08-18 10:05:51'),
(122, 'sdfsdf', 'sdf', '53545234', 'fsdf', 0, 0, '2022-08-18 10:05:51', '2022-08-18 10:05:51'),
(123, 'hdfgdfg', 'staff1@gmail.com', '4654756546', 'gdfgdfgdf', 0, 0, '2022-08-18 10:05:51', '2022-08-18 10:05:51'),
(124, 'dfgdfg', 'staff1@gmail.com', '565756546546', 'fdgdfg', 0, 0, '2022-08-18 10:05:51', '2022-08-18 10:05:51'),
(125, 'dgdfgdfg', 'dhruvi.tls@gmail.com', '54646546', 'fgdfgd', 0, 0, '2022-08-18 10:05:51', '2022-08-18 10:05:51'),
(126, 'harsh', 'harshpatel.tls@gmail.com', 'asasa', 'asd', 0, 0, '2022-08-18 10:05:51', '2022-08-18 10:05:51'),
(127, 'fhfgh', 'staff1@gmail.com', '56546546546', 'hfghh', 0, 0, '2022-08-18 10:05:51', '2022-08-18 10:05:51'),
(128, 'fghfgh', 'dhruvi.tls@gmail.com', '43535345345', 'gdfg', 0, 0, '2022-08-18 10:05:51', '2022-08-18 10:05:51'),
(129, 'darshan', 'dhruvi.tls@gmail.com', 'sdsad', 'asd', 0, 0, '2022-08-18 10:05:51', '2022-08-18 10:05:51'),
(130, 'dfgdfg', 'truelinesolution', '5756756756756', 'ddfgfdg', 0, 0, '2022-08-18 10:06:25', '2022-08-18 10:06:25'),
(131, 'sdfsdf', 'sdf', '53545234', 'fsdf', 0, 0, '2022-08-18 10:06:25', '2022-08-18 10:06:25'),
(132, 'hdfgdfg', 'staff1@gmail.com', '4654756546', 'gdfgdfgdf', 0, 0, '2022-08-18 10:06:25', '2022-08-18 10:06:25'),
(133, 'dfgdfg', 'staff1@gmail.com', '565756546546', 'fdgdfg', 0, 0, '2022-08-18 10:06:25', '2022-08-18 10:06:25'),
(134, 'dgdfgdfg', 'dhruvi.tls@gmail.com', '54646546', 'fgdfgd', 0, 0, '2022-08-18 10:06:25', '2022-08-18 10:06:25'),
(135, 'fghfgh', 'dhruvi.tls@gmail.com', '43535345345', 'gdfg', 0, 0, '2022-08-18 10:06:25', '2022-08-18 10:06:25'),
(136, 'fhfgh', 'staff1@gmail.com', '56546546546', 'hfghh', 0, 0, '2022-08-18 10:06:25', '2022-08-18 10:06:25'),
(137, 'harsh', 'harshpatel.tls@gmail.com', 'asasa', 'asd', 0, 0, '2022-08-18 10:06:25', '2022-08-18 10:06:25'),
(138, 'darshan', 'dhruvi.tls@gmail.com', 'sdsad', 'asd', 0, 0, '2022-08-18 10:06:25', '2022-08-18 10:06:25'),
(139, 'dfgdfg', 'truelinesolution', '5756756756756', 'ddfgfdg', 0, 0, '2022-08-18 10:06:48', '2022-08-18 10:06:48'),
(140, 'sdfsdf', 'sdf', '53545234', 'fsdf', 0, 0, '2022-08-18 10:06:48', '2022-08-18 10:06:48'),
(141, 'hdfgdfg', 'staff1@gmail.com', '4654756546', 'gdfgdfgdf', 0, 0, '2022-08-18 10:06:48', '2022-08-18 10:06:48'),
(142, 'dfgdfg', 'staff1@gmail.com', '565756546546', 'fdgdfg', 0, 0, '2022-08-18 10:06:48', '2022-08-18 10:06:48'),
(143, 'dgdfgdfg', 'dhruvi.tls@gmail.com', '54646546', 'fgdfgd', 0, 0, '2022-08-18 10:06:48', '2022-08-18 10:06:48'),
(144, 'harsh', 'harshpatel.tls@gmail.com', 'asasa', 'asd', 0, 0, '2022-08-18 10:06:48', '2022-08-18 10:06:48'),
(145, 'fghfgh', 'dhruvi.tls@gmail.com', '43535345345', 'gdfg', 0, 0, '2022-08-18 10:06:48', '2022-08-18 10:06:48'),
(146, 'fhfgh', 'staff1@gmail.com', '56546546546', 'hfghh', 0, 0, '2022-08-18 10:06:48', '2022-08-18 10:06:48'),
(147, 'darshan', 'dhruvi.tls@gmail.com', 'sdsad', 'asd', 0, 0, '2022-08-18 10:06:48', '2022-08-18 10:06:48'),
(148, 'dfgdfg', 'truelinesolution', '5756756756756', 'ddfgfdg', 0, 0, '2022-08-18 10:13:40', '2022-08-18 10:13:40'),
(149, 'sdfsdf', 'sdf', '53545234', 'fsdf', 0, 0, '2022-08-18 10:13:40', '2022-08-18 10:13:40'),
(150, 'hdfgdfg', 'staff1@gmail.com', '4654756546', 'gdfgdfgdf', 0, 0, '2022-08-18 10:13:40', '2022-08-18 10:13:40'),
(151, 'dfgdfg', 'staff1@gmail.com', '565756546546', 'fdgdfg', 0, 0, '2022-08-18 10:13:40', '2022-08-18 10:13:40'),
(152, 'dgdfgdfg', 'dhruvi.tls@gmail.com', '54646546', 'fgdfgd', 0, 0, '2022-08-18 10:13:40', '2022-08-18 10:13:40'),
(153, 'fghfgh', 'dhruvi.tls@gmail.com', '43535345345', 'gdfg', 0, 0, '2022-08-18 10:13:40', '2022-08-18 10:13:40'),
(154, 'fhfgh', 'staff1@gmail.com', '56546546546', 'hfghh', 0, 0, '2022-08-18 10:13:40', '2022-08-18 10:13:40'),
(155, 'harsh', 'harshpatel.tls@gmail.com', 'asasa', 'asd', 0, 0, '2022-08-18 10:13:40', '2022-08-18 10:13:40'),
(156, 'darshan', 'dhruvi.tls@gmail.com', 'sdsad', 'asd', 0, 0, '2022-08-18 10:13:40', '2022-08-18 10:13:40'),
(157, 'dfgdfg', 'truelinesolution', '5756756756756', 'ddfgfdg', 0, 0, '2022-08-18 10:15:53', '2022-08-18 10:15:53'),
(158, 'sdfsdf', 'sdf', '53545234', 'fsdf', 0, 0, '2022-08-18 10:15:53', '2022-08-18 10:15:53'),
(159, 'hdfgdfg', 'staff1@gmail.com', '4654756546', 'gdfgdfgdf', 0, 0, '2022-08-18 10:15:53', '2022-08-18 10:15:53'),
(160, 'dfgdfg', 'staff1@gmail.com', '565756546546', 'fdgdfg', 0, 0, '2022-08-18 10:15:53', '2022-08-18 10:15:53'),
(161, 'dgdfgdfg', 'dhruvi.tls@gmail.com', '54646546', 'fgdfgd', 0, 0, '2022-08-18 10:15:53', '2022-08-18 10:15:53'),
(162, 'harsh', 'harshpatel.tls@gmail.com', 'asasa', 'asd', 0, 0, '2022-08-18 10:15:53', '2022-08-18 10:15:53'),
(163, 'fghfgh', 'dhruvi.tls@gmail.com', '43535345345', 'gdfg', 0, 0, '2022-08-18 10:15:53', '2022-08-18 10:15:53'),
(164, 'fhfgh', 'staff1@gmail.com', '56546546546', 'hfghh', 0, 0, '2022-08-18 10:15:53', '2022-08-18 10:15:53'),
(165, 'darshan', 'dhruvi.tls@gmail.com', 'sdsad', 'asd', 0, 0, '2022-08-18 10:15:53', '2022-08-18 10:15:53'),
(166, 'dfgdfg', 'truelinesolution', '5756756756756', 'ddfgfdg', 0, 0, '2022-08-18 10:18:33', '2022-08-18 10:18:33'),
(167, 'sdfsdf', 'sdf', '53545234', 'fsdf', 0, 0, '2022-08-18 10:18:33', '2022-08-18 10:18:33'),
(168, 'hdfgdfg', 'staff1@gmail.com', '4654756546', 'gdfgdfgdf', 0, 0, '2022-08-18 10:18:33', '2022-08-18 10:18:33'),
(169, 'dfgdfg', 'staff1@gmail.com', '565756546546', 'fdgdfg', 0, 0, '2022-08-18 10:18:33', '2022-08-18 10:18:33'),
(170, 'dgdfgdfg', 'dhruvi.tls@gmail.com', '54646546', 'fgdfgd', 0, 0, '2022-08-18 10:18:33', '2022-08-18 10:18:33'),
(171, 'fghfgh', 'dhruvi.tls@gmail.com', '43535345345', 'gdfg', 0, 0, '2022-08-18 10:18:33', '2022-08-18 10:18:33'),
(172, 'fhfgh', 'staff1@gmail.com', '56546546546', 'hfghh', 0, 0, '2022-08-18 10:18:33', '2022-08-18 10:18:33'),
(173, 'harsh', 'harshpatel.tls@gmail.com', 'asasa', 'asd', 0, 0, '2022-08-18 10:18:33', '2022-08-18 10:18:33'),
(174, 'darshan', 'dhruvi.tls@gmail.com', 'sdsad', 'asd', 0, 0, '2022-08-18 10:18:33', '2022-08-18 10:18:33'),
(175, 'dfgdfg', 'truelinesolution', '5756756756756', 'ddfgfdg', 0, 0, '2022-08-18 10:21:10', '2022-08-18 10:21:10'),
(176, 'hdfgdfg', 'staff1@gmail.com', '4654756546', 'gdfgdfgdf', 0, 0, '2022-08-18 10:21:10', '2022-08-18 10:21:10'),
(177, 'sdfsdf', 'sdf', '53545234', 'fsdf', 0, 0, '2022-08-18 10:21:10', '2022-08-18 10:21:10'),
(178, 'dgdfgdfg', 'dhruvi.tls@gmail.com', '54646546', 'fgdfgd', 0, 0, '2022-08-18 10:21:10', '2022-08-18 10:21:10'),
(179, 'harsh', 'harshpatel.tls@gmail.com', 'asasa', 'asd', 0, 0, '2022-08-18 10:21:10', '2022-08-18 10:21:10'),
(180, 'darshan', 'dhruvi.tls@gmail.com', 'sdsad', 'asd', 0, 0, '2022-08-18 10:21:10', '2022-08-18 10:21:10'),
(181, 'dfgdfg', 'staff1@gmail.com', '565756546546', 'fdgdfg', 0, 0, '2022-08-18 10:21:10', '2022-08-18 10:21:10'),
(182, 'fghfgh', 'dhruvi.tls@gmail.com', '43535345345', 'gdfg', 0, 0, '2022-08-18 10:21:10', '2022-08-18 10:21:10'),
(183, 'fhfgh', 'staff1@gmail.com', '56546546546', 'hfghh', 0, 0, '2022-08-18 10:21:10', '2022-08-18 10:21:10'),
(184, 'dfgdfg', 'truelinesolution', '5756756756756', 'ddfgfdg', 0, 0, '2022-08-18 10:24:09', '2022-08-18 10:24:09'),
(185, 'sdfsdf', 'sdf', '53545234', 'fsdf', 0, 0, '2022-08-18 10:24:09', '2022-08-18 10:24:09'),
(186, 'hdfgdfg', 'staff1@gmail.com', '4654756546', 'gdfgdfgdf', 0, 0, '2022-08-18 10:24:09', '2022-08-18 10:24:09'),
(187, 'dfgdfg', 'staff1@gmail.com', '565756546546', 'fdgdfg', 0, 0, '2022-08-18 10:24:09', '2022-08-18 10:24:09'),
(188, 'dgdfgdfg', 'dhruvi.tls@gmail.com', '54646546', 'fgdfgd', 0, 0, '2022-08-18 10:24:09', '2022-08-18 10:24:09'),
(189, 'fghfgh', 'dhruvi.tls@gmail.com', '43535345345', 'gdfg', 0, 0, '2022-08-18 10:24:09', '2022-08-18 10:24:09'),
(190, 'fhfgh', 'staff1@gmail.com', '56546546546', 'hfghh', 0, 0, '2022-08-18 10:24:09', '2022-08-18 10:24:09'),
(191, 'harsh', 'harshpatel.tls@gmail.com', 'asasa', 'asd', 0, 0, '2022-08-18 10:24:09', '2022-08-18 10:24:09'),
(192, 'darshan', 'dhruvi.tls@gmail.com', 'sdsad', 'asd', 0, 0, '2022-08-18 10:24:09', '2022-08-18 10:24:09'),
(193, 'dfgdfg', 'truelinesolution', '5756756756756', 'ddfgfdg', 0, 0, '2022-08-18 10:24:28', '2022-08-18 10:24:28'),
(194, 'sdfsdf', 'sdf', '53545234', 'fsdf', 0, 0, '2022-08-18 10:24:28', '2022-08-18 10:24:28'),
(195, 'hdfgdfg', 'staff1@gmail.com', '4654756546', 'gdfgdfgdf', 0, 0, '2022-08-18 10:24:28', '2022-08-18 10:24:28'),
(196, 'dfgdfg', 'staff1@gmail.com', '565756546546', 'fdgdfg', 0, 0, '2022-08-18 10:24:28', '2022-08-18 10:24:28'),
(197, 'dgdfgdfg', 'dhruvi.tls@gmail.com', '54646546', 'fgdfgd', 0, 0, '2022-08-18 10:24:28', '2022-08-18 10:24:28'),
(198, 'fghfgh', 'dhruvi.tls@gmail.com', '43535345345', 'gdfg', 0, 0, '2022-08-18 10:24:28', '2022-08-18 10:24:28'),
(199, 'fhfgh', 'staff1@gmail.com', '56546546546', 'hfghh', 0, 0, '2022-08-18 10:24:28', '2022-08-18 10:24:28'),
(200, 'harsh', 'harshpatel.tls@gmail.com', 'asasa', 'asd', 0, 0, '2022-08-18 10:24:28', '2022-08-18 10:24:28'),
(201, 'darshan', 'dhruvi.tls@gmail.com', 'sdsad', 'asd', 0, 0, '2022-08-18 10:24:28', '2022-08-18 10:24:28'),
(202, 'dfgdfg', 'truelinesolution', '5756756756756', 'ddfgfdg', 0, 0, '2022-08-18 10:25:34', '2022-08-18 10:25:34'),
(203, 'sdfsdf', 'sdf', '53545234', 'fsdf', 0, 0, '2022-08-18 10:25:34', '2022-08-18 10:25:34'),
(204, 'hdfgdfg', 'staff1@gmail.com', '4654756546', 'gdfgdfgdf', 0, 0, '2022-08-18 10:25:34', '2022-08-18 10:25:34'),
(205, 'dfgdfg', 'staff1@gmail.com', '565756546546', 'fdgdfg', 0, 0, '2022-08-18 10:25:34', '2022-08-18 10:25:34'),
(206, 'dgdfgdfg', 'dhruvi.tls@gmail.com', '54646546', 'fgdfgd', 0, 0, '2022-08-18 10:25:34', '2022-08-18 10:25:34'),
(207, 'fghfgh', 'dhruvi.tls@gmail.com', '43535345345', 'gdfg', 0, 0, '2022-08-18 10:25:34', '2022-08-18 10:25:34'),
(208, 'fhfgh', 'staff1@gmail.com', '56546546546', 'hfghh', 0, 0, '2022-08-18 10:25:34', '2022-08-18 10:25:34'),
(209, 'harsh', 'harshpatel.tls@gmail.com', 'asasa', 'asd', 0, 0, '2022-08-18 10:25:34', '2022-08-18 10:25:34'),
(210, 'darshan', 'dhruvi.tls@gmail.com', 'sdsad', 'asd', 0, 0, '2022-08-18 10:25:34', '2022-08-18 10:25:34'),
(211, 'dfgdfg', 'truelinesolution', '5756756756756', 'ddfgfdg', 0, 0, '2022-08-18 10:30:24', '2022-08-18 10:30:24'),
(212, 'sdfsdf', 'sdf', '53545234', 'fsdf', 0, 0, '2022-08-18 10:30:24', '2022-08-18 10:30:24'),
(213, 'hdfgdfg', 'staff1@gmail.com', '4654756546', 'gdfgdfgdf', 0, 0, '2022-08-18 10:30:24', '2022-08-20 07:51:42'),
(214, 'dfgdfg', 'staff1@gmail.com', '565756546546', 'fdgdfg', 0, 0, '2022-08-18 10:30:24', '2022-08-18 10:30:24'),
(215, 'madara uchiha', 'madarauchiha@gmail.com', '54646546', 'fgdfgd', 1, 1, '2022-08-18 10:30:24', '2022-08-29 12:01:46'),
(216, 'fghfgh', 'dhruvi.tls@gmail.com', '43535345345', 'gdfg', 0, 0, '2022-08-18 10:30:24', '2022-08-18 10:30:24'),
(217, 'fhfgh', 'staff1@gmail.com', '56546546546', 'hfghh', 0, 0, '2022-08-18 10:30:24', '2022-08-18 10:30:24'),
(218, 'harsh', 'harshpatel.tls@gmail.com', '8855441128', 'asdzxczxc', 1, 0, '2022-08-18 10:30:24', '2022-09-13 12:35:18'),
(219, 'deadpool', 'deadpool@gmail.com', '11881818181', 'asd', 1, 1, '2022-08-18 10:30:24', '2022-08-31 10:07:21'),
(220, 'gdffg', 'dhruvi.tls@gmail.com', '34324234234', 'rg', 0, 0, '2022-08-20 06:50:00', '2022-08-20 06:50:00'),
(221, 'cdss', '', '5345345', 'dasd', 0, 0, '2022-08-20 06:51:31', '2022-08-20 06:51:31'),
(222, 'gfdg', '', '23434234', 'fdg', 0, 1, '2022-08-20 06:59:05', '2022-09-09 11:45:35'),
(223, 'gfdg', '', '5345334', '', 1, 1, '2022-08-20 07:47:51', '2022-09-10 04:38:12'),
(224, 'aaa', '', '3243432', 'fsdf', 1, 0, '2022-08-20 11:01:28', '2022-08-23 12:26:00'),
(225, 'galgoto', '', '42343', 'grg', 0, 0, '2022-08-20 11:10:44', '2022-08-22 10:54:46'),
(226, 'sdfsdf', '', '3234234324', 'dsf', 0, 0, '2022-08-23 11:44:05', '2022-08-23 11:44:05'),
(227, 'dfgdg', '', '3434234', 'fdgf', 0, 0, '2022-08-23 11:45:04', '2022-08-23 11:45:04'),
(228, 'dgdfgdf', '', '45435435', 'fdg', 0, 0, '2022-08-23 11:45:20', '2022-08-23 11:45:20'),
(229, 'vcvb', '', '534534534', 'dfg', 0, 0, '2022-08-23 11:46:02', '2022-08-23 11:46:02'),
(230, 'fcsdf', '', '3434324', '', 0, 0, '2022-08-23 11:52:07', '2022-08-23 11:52:07'),
(231, 'dasdasd', '', '45345345', 'sdasd', 0, 0, '2022-08-24 06:30:11', '2022-08-25 06:20:15'),
(232, 'gsv', '', '121212', '', 0, 0, '2022-08-25 06:34:42', '2022-08-25 06:34:42'),
(233, 'csdf', '', '43243245234', '', 0, 0, '2022-08-25 08:12:24', '2022-08-25 08:12:24'),
(234, 'cdfcsdf', '', '17171717171', '', 0, 0, '2022-08-25 08:34:33', '2022-08-25 08:34:33'),
(235, 'vfdff', '', '22212221212', 'fdsfsd', 0, 0, '2022-08-25 10:12:05', '2022-08-25 10:12:05'),
(236, 'aaa', '', '565756546546', '', 0, 0, '2022-08-25 10:14:50', '2022-08-25 10:14:50'),
(237, 'gsv', '', '565756546546', 'sdsf', 0, 0, '2022-08-25 10:28:26', '2022-08-25 10:28:26'),
(238, 'king kong', '', '565756546546', 'fgdf', 1, 0, '2022-08-25 11:15:23', '2022-08-25 11:23:18'),
(239, 'supermen', '', '565756546546', 'fdsf', 0, 0, '2022-08-25 11:18:24', '2022-08-25 11:18:24'),
(240, 'badmen', '', '565756546546', 'dasd', 0, 0, '2022-08-25 11:20:54', '2022-09-13 05:39:49'),
(241, 'babar', '', '565756546546', 'dsf', 0, 0, '2022-08-25 11:22:56', '2022-08-31 08:16:47'),
(242, 'changu', '', '23123123123', 'dfg', 0, 0, '2022-08-25 12:34:55', '2022-08-25 12:34:55'),
(243, 'mangu', '', '787787678678678', 'sdd', 0, 0, '2022-08-25 12:35:44', '2022-08-31 07:55:28'),
(244, 'vcvb', '', '4323423434', 'fd', 1, 0, '2022-08-26 09:51:39', '2022-08-31 10:33:09'),
(245, 'demo', '', '333233223', 'df', 0, 0, '2022-08-27 09:49:33', '2022-08-31 05:00:20'),
(246, 'Harsh Patel', 'harsh@tls.in', '123', 'sdasdsad', 0, 0, '2022-08-30 03:52:51', '2022-08-31 07:58:47'),
(247, 'jil sutariya', 'jill@tls.in', '1234567895', 'sdfsdsdfsf', 1, 1, '2022-08-31 10:19:27', '2022-09-09 12:17:05'),
(248, 'demo for notification', '', '12211224244', 'sdsd', 0, 0, '2022-08-31 11:49:17', '2022-08-31 11:49:17'),
(249, 'demo', 'harshpatel.tls@gmail.com', '1122312121', '', 0, 0, '2022-09-01 11:49:14', '2022-09-01 11:49:14'),
(250, 'new lead from website', 'staff3@gmail.com', '1122312121', '', 0, 0, '2022-09-01 11:50:10', '2022-09-01 11:50:10'),
(251, '', '', '', '', 0, 0, '2022-09-02 04:09:16', '2022-09-02 04:09:16'),
(252, '', '', '', '', 1, 0, '2022-09-02 04:11:24', '2022-09-02 04:27:26'),
(253, '', '', '', '', 0, 0, '2022-09-02 04:11:34', '2022-09-02 04:11:34'),
(254, '', '', '', '', 0, 0, '2022-09-05 04:54:54', '2022-09-05 04:54:54'),
(255, 'prash', '', '123', '', 0, 0, '2022-09-05 12:37:16', '2022-09-05 12:37:16'),
(256, 'fdfd', 'harshpatel.tls@gmail.com', '1234567890', 'hhyrth', 0, 0, '2022-09-05 12:38:07', '2022-09-05 12:38:07'),
(257, '123', '', '1', '', 0, 0, '2022-09-05 12:38:21', '2022-09-05 12:38:21'),
(258, 'sdsad', 'harshpatel.tls@gmail.com', '1212222', 'sfddfssdfsdasrtret', 1, 1, '2022-09-06 05:41:36', '2022-09-13 06:44:53'),
(259, 'વિદેશ અભ્યાસ લોન સહાય', 'div123@gmail.com', '65465646', '', 0, 0, '2022-09-07 06:41:18', '2022-09-07 06:41:18'),
(260, 'harsh11', 'harshpatel.tls@gmail.com', '8855441120', 'asd', 0, 0, '2022-09-07 06:42:00', '2022-09-07 06:42:00'),
(261, 'harsh11', 'harshpatel.tls@gmail.com', '8855441120', 'asd', 0, 0, '2022-09-07 06:50:00', '2022-09-07 06:50:00'),
(262, 'harsh11', 'harshpatel.tls@gmail.com', '8855441120', 'asd', 0, 0, '2022-09-07 06:52:00', '2022-09-07 06:52:00'),
(263, 'gfdg', '', '5345334', '', 0, 0, '2022-09-07 06:52:00', '2022-09-07 06:52:00'),
(264, 'harsh11', 'harshpatel.tls@gmail.com', '8855441120', 'asd', 0, 0, '2022-09-07 06:53:00', '2022-09-07 06:53:00'),
(265, 'gfdg', '', '5345334', '', 0, 0, '2022-09-07 06:53:00', '2022-09-07 06:53:00'),
(266, 'harsh11', 'harshpatel.tls@gmail.com', '8855441120', 'asd', 0, 0, '2022-09-07 06:54:00', '2022-09-07 06:54:00'),
(267, 'gfdg', '', '5345334', '', 0, 0, '2022-09-07 06:54:00', '2022-09-07 06:54:00'),
(268, 'harsh11', 'harshpatel.tls@gmail.com', '8855441120', 'asd', 1, 0, '2022-09-07 06:57:00', '2022-09-13 12:22:19'),
(269, 'gfdghbjhjhh', 'gbfxchg@gmail.com', '5345334', 'hujyghkju', 1, 0, '2022-09-07 06:57:00', '2022-09-13 10:39:35'),
(270, 'thor', 'thor@gmail..com', '565756546546', 'asd', 0, 0, '2022-09-08 05:09:13', '2022-09-08 05:09:13'),
(271, 'babu bhiya', 'babu bhiya', '21152343443', 'sdf', 1, 0, '2022-09-08 06:28:32', '2022-09-10 04:37:26'),
(272, 'harsh11', 'harshpatel.tls@gmail.com', '8855441120', 'asd', 1, 0, '2022-09-08 06:57:00', '2022-09-08 11:12:50'),
(273, 'demo 1', 'harshpatel.tls@gmail.com1', '565756546546', 'dfds', 0, 0, '2022-09-09 03:27:02', '2022-09-09 05:45:12'),
(274, 'demo', 'harshpatel.tls@gmail.com', '121222212', 'fdf', 0, 0, '2022-09-09 03:28:01', '2022-09-09 03:28:01'),
(275, 'demo', '', '888787878', '768g', 1, 1, '2022-09-09 03:30:53', '2022-09-09 04:22:25'),
(276, 'Harsh', 'harshpatel.tls@gmail.com', '1234567895', 'silver business point', 0, 0, '2022-09-09 06:39:26', '2022-09-09 08:32:13'),
(277, 'Harsh', 'harshpatel.tls@gmail.com', '1234567895', 'silver business point', 0, 0, '2022-09-09 06:54:14', '2022-09-09 06:54:14'),
(278, 'Kashyap', 'kashyap@tls.in', '4567891230', 'surat', 0, 0, '2022-09-09 06:54:14', '2022-09-09 06:54:14'),
(279, 'Vatsal', 'vatsal@ymail.com', '1478852315', 'gujarat', 0, 0, '2022-09-09 06:54:14', '2022-09-09 06:54:14'),
(280, 'Jil', 'jil@gmail.com', '6548143661', 'india', 0, 0, '2022-09-09 06:54:14', '2022-09-09 06:54:14'),
(281, 'Harsh', 'harshpatel.tls@gmail.com', '1234567895', 'silver business point', 0, 0, '2022-09-09 06:55:18', '2022-09-09 06:55:18'),
(282, 'Kashyap', 'kashyap@tls.in', '4567891230', 'surat', 0, 0, '2022-09-09 06:55:18', '2022-09-09 06:55:18'),
(283, 'Vatsal', 'vatsal@ymail.com', '1478852315', 'gujarat', 0, 0, '2022-09-09 06:55:18', '2022-09-09 06:55:18'),
(284, 'Jil', 'jil@gmail.com', '6548143661', 'india', 0, 0, '2022-09-09 06:55:18', '2022-09-09 06:55:18'),
(285, 'Harsh', 'harshpatel.tls@gmail.com', '1234567895', 'silver business point', 0, 0, '2022-09-09 06:56:21', '2022-09-09 06:56:21'),
(286, 'Kashyap', 'kashyap@tls.in', '4567891230', 'surat', 0, 0, '2022-09-09 06:56:21', '2022-09-09 06:56:21'),
(287, 'Vatsal', 'vatsal@ymail.com', '1478852315', 'gujarat', 0, 0, '2022-09-09 06:56:21', '2022-09-09 06:56:21'),
(288, 'Jil', 'jil@gmail.com', '6548143661', 'india', 0, 0, '2022-09-09 06:56:21', '2022-09-09 06:56:21'),
(289, 'Harsh', 'harshpatel.tls@gmail.com', '1234567895', 'silver business point', 0, 0, '2022-09-09 06:56:36', '2022-09-09 06:56:36'),
(290, 'Kashyap', 'kashyap@tls.in', '4567891230', 'surat', 0, 0, '2022-09-09 06:56:36', '2022-09-09 06:56:36'),
(291, 'Vatsal', 'vatsal@ymail.com', '1478852315', 'gujarat', 0, 0, '2022-09-09 06:56:36', '2022-09-09 06:56:36'),
(292, 'Jil', 'jil@gmail.com', '6548143661', 'india', 0, 0, '2022-09-09 06:56:36', '2022-09-09 06:56:36'),
(293, 'harsh11', 'harshpatel.tls@gmail.com', '8855441120', 'asd', 0, 0, '2022-09-09 06:57:00', '2022-09-09 06:57:00'),
(294, 'Harsh', 'prashanttls24@gmail.com', '1234567895', 'silver business point', 0, 0, '2022-09-09 08:31:35', '2022-09-09 09:42:09'),
(295, 'Kashyap', 'kashyap@tls.in', '4567891230', 'surat', 0, 0, '2022-09-09 08:31:35', '2022-09-09 08:31:35'),
(296, 'Vatsal', 'prashanttls24@gmail.com', '1478852315', 'gujarat', 1, 0, '2022-09-09 08:31:35', '2022-09-10 04:20:33'),
(297, 'Jil', 'jil@gmail.co.in', '6548143661', 'india', 1, 0, '2022-09-09 08:31:35', '2022-09-09 09:43:57'),
(298, 'jhon', '', '3231233', 'asd', 0, 0, '2022-09-10 04:29:47', '2022-09-10 04:29:47'),
(299, 'harsh11', 'harshpatel.tls@gmail.com', '8855441120', 'asd', 0, 0, '2022-09-10 04:30:24', '2022-09-10 04:30:24'),
(300, 'demo', 'harshpatel.tls@gmail.com', '121222212', 'fdf', 0, 0, '2022-09-10 04:30:24', '2022-09-10 04:30:24'),
(301, 'sdsad', 'harshpatel.tls@gmail.com', '1212222', 'sfddfssdfsdasrtret', 0, 0, '2022-09-10 04:30:24', '2022-09-10 04:30:24'),
(302, 'babu bhiya', 'babu bhiya', '21152343443', 'sdf', 0, 0, '2022-09-10 04:30:24', '2022-09-10 04:30:24'),
(303, 'harsh11', 'harshpatel.tls@gmail.com', '8855441120', 'asd', 0, 0, '2022-09-10 04:30:24', '2022-09-10 04:30:24'),
(304, 'sdsad', 'harshpatel.tls@gmail.com', '1212222', 'sfddfssdfsdasrtret', 0, 0, '2022-09-10 04:30:24', '2022-09-10 04:30:24'),
(305, 'thor', 'thor@gmail..com', '565756546546', 'asd', 0, 0, '2022-09-10 04:30:24', '2022-09-10 04:30:24'),
(306, 'prash', '', '9876479877', '', 1, 1, '2022-09-10 05:10:46', '2022-09-10 09:52:24'),
(307, 'prash', 'harshpatel.tls@gmail.com', '123456789', '', 0, 0, '2022-09-10 05:23:16', '2022-09-10 05:23:16'),
(308, 'babu bhiya', 'babu bhiya', '21152343443', 'sdf', 0, 0, '2022-09-10 06:07:01', '2022-09-10 06:07:01'),
(309, 'sdsad', 'harshpatel.tls@gmail.com', '1212222', 'sfddfssdfsdasrtret', 0, 0, '2022-09-10 06:07:01', '2022-09-10 06:07:01'),
(310, 'thor', 'thor@gmail..com', '5.65757E+11', 'asd', 0, 0, '2022-09-10 06:07:01', '2022-09-10 06:07:01'),
(311, 'harsh11', 'harshpatel.tls@gmail.com', '8855441120', 'asd', 0, 0, '2022-09-10 06:07:01', '2022-09-10 06:07:01'),
(312, 'babu bhiya', 'babu bhiya', '21152343443', 'sdf', 0, 0, '2022-09-10 06:14:05', '2022-09-10 06:14:05'),
(313, 'babu bhiya', 'babu bhiya', '21152343443', 'sdf', 0, 0, '2022-09-10 06:22:26', '2022-09-10 06:22:26'),
(314, 'sdsad', 'harshpatel.tls@gmail.com', '1212222', 'sfddfssdfsdasrtret', 0, 0, '2022-09-10 06:22:26', '2022-09-10 06:22:26'),
(315, 'rajesh', 'raju@gmail.com', '9988774455', 'sdfg', 1, 0, '2022-09-10 06:39:42', '2022-09-10 10:53:34'),
(316, 'prash', 'harshpatel.tls@gmail.com', '123456789', '', 0, 0, '2022-09-10 06:47:53', '2022-09-10 06:47:53'),
(317, 'babu bhiya', 'babu bhiya', '21152343443', 'sdf', 0, 0, '2022-09-10 06:47:53', '2022-09-10 06:47:53'),
(318, 'sdsad', 'harshpatel.tls@gmail.com', '1212222', 'sfddfssdfsdasrtret', 0, 0, '2022-09-10 06:47:53', '2022-09-10 06:47:53'),
(319, 'thor', 'thor@gmail..com', '565756546546', 'asd', 0, 0, '2022-09-10 06:47:53', '2022-09-10 06:47:53'),
(320, 'gfdg', '', '5345334', '', 0, 0, '2022-09-10 06:47:53', '2022-09-10 06:47:53'),
(321, 'harsh11', 'harshpatel.tls@gmail.com', '8855441120', 'asd', 0, 0, '2022-09-10 06:47:53', '2022-09-10 06:47:53'),
(322, 'gfdg', '', '5345334', '', 0, 0, '2022-09-10 06:47:53', '2022-09-10 06:47:53'),
(323, 'harsh11', 'harshpatel.tls@gmail.com', '8855441120', 'asd', 0, 0, '2022-09-10 06:47:53', '2022-09-10 06:47:53'),
(324, 'gfdg', '', '5345334', '', 0, 0, '2022-09-10 06:47:53', '2022-09-10 06:47:53'),
(325, 'harsh11', 'harshpatel.tls@gmail.com', '8855441120', 'asd', 0, 0, '2022-09-10 06:47:53', '2022-09-10 06:47:53'),
(326, 'વિદેશ અભ્યાસ લોન સહાય', 'div123@gmail.com', '65465646', '', 0, 0, '2022-09-10 06:47:53', '2022-09-10 06:47:53'),
(327, 'sdsad', 'harshpatel.tls@gmail.com', '1212222', 'sfddfssdfsdasrtret', 0, 0, '2022-09-10 06:47:53', '2022-09-10 06:47:53'),
(328, '123', '', '1', '', 0, 0, '2022-09-10 06:47:53', '2022-09-10 06:47:53'),
(329, 'fdfd', 'harshpatel.tls@gmail.com', '1234567890', 'hhyrth', 0, 0, '2022-09-10 06:47:53', '2022-09-10 06:47:53'),
(330, 'prash', '', '123', '', 0, 0, '2022-09-10 06:47:53', '2022-09-10 06:47:53'),
(331, '', '', '', '', 0, 0, '2022-09-10 06:47:53', '2022-09-10 06:47:53'),
(332, 'demo', 'harshpatel.tls@gmail.com', '1122312121', '', 0, 0, '2022-09-10 06:47:53', '2022-09-10 06:47:53'),
(333, 'demo for notification', '', '12211224244', 'sdsd', 0, 0, '2022-09-10 06:47:53', '2022-09-10 06:47:53'),
(334, 'jil sutariya', 'jill@tls.in', '1234567895', 'sdfsdsdfsf', 0, 0, '2022-09-10 06:47:53', '2022-09-10 06:47:53'),
(335, 'mangu', '', '787787678678678', 'sdd', 0, 0, '2022-09-10 06:47:53', '2022-09-10 06:47:53'),
(336, 'changu', '', '23123123123', 'dfg', 0, 0, '2022-09-10 06:47:53', '2022-09-10 06:47:53'),
(337, 'babar', '', '565756546546', 'dsf', 0, 0, '2022-09-10 06:47:53', '2022-09-10 06:47:53'),
(338, 'badmen', '', '565756546546', 'dasd', 0, 0, '2022-09-10 06:47:53', '2022-09-10 06:47:53'),
(339, 'dasdasd', '', '45345345', 'sdasd', 0, 0, '2022-09-10 06:47:53', '2022-09-10 06:47:53'),
(340, 'gfdg', '', '5345334', '', 0, 0, '2022-09-10 06:47:53', '2022-09-10 06:47:53'),
(341, 'gfdg', '', '23434234', 'fdg', 0, 0, '2022-09-10 06:47:53', '2022-09-10 06:47:53'),
(342, 'deadpool', 'harshpatel.tls@gmail.com', '11881818181', 'asd', 0, 0, '2022-09-10 06:47:53', '2022-09-12 06:40:19'),
(343, 'harsh11', 'harshpatel.tls@gmail.com', '8855441120', 'asd', 0, 0, '2022-09-10 06:47:53', '2022-09-10 06:47:53'),
(344, 'fhfgh', 'staff1@gmail.com', '56546546546', 'hfghh', 0, 0, '2022-09-10 06:47:53', '2022-09-12 10:34:25'),
(345, 'madara uchiha', 'madarauchiha@gmail.com', '54646546', 'fgdfgd', 0, 0, '2022-09-10 06:47:53', '2022-09-13 05:39:21'),
(346, 'hdfgdfg', 'staff1@gmail.com', '4654756546', 'gdfgdfgdf', 1, 0, '2022-09-10 06:47:53', '2022-09-13 05:15:57'),
(347, 'dfgdfgkjhkjhk', 'prashanttls24@gmail.com', '565756546546', 'fdgdfgmml', 1, 0, '2022-09-10 06:47:53', '2022-09-13 08:27:07'),
(348, 'fhfgh', 'staff1@gmail.com', '56546546546', 'hfghh', 0, 0, '2022-09-10 06:47:53', '2022-09-13 05:15:32'),
(349, 'sdfsdf', 'sdf', '53545234', 'fsdf', 1, 1, '2022-09-10 06:47:53', '2022-09-13 11:25:50'),
(350, '09876sdfdf', '', '0987654321', '', 1, 0, '2022-09-10 08:55:09', '2022-09-17 05:22:13'),
(351, 'વિદેશ અભ્યાસ લોન સહાય', 'sdfsdf@gmail.com', '0123456789', 'sdf', 0, 0, '2022-09-10 10:52:49', '2022-09-10 10:52:49'),
(352, 'rajesh', 'raju@gmail.com', '9988774455', 'sdfg', 0, 0, '2022-09-12 06:57:00', '2022-09-12 06:57:00'),
(353, 'abc', 'abc@gmail.com', '987654321', '12356', 0, 0, '2022-09-13 05:41:45', '2022-09-13 06:03:55'),
(354, 'harsh11', 'harshpatel.tls@gmail.com', '8855441120', 'asdzxczxc', 0, 0, '2022-09-13 06:57:00', '2022-09-13 07:57:30'),
(355, 'rajesh', 'raju@gmail.com', '9988774455', 'sdfg', 0, 0, '2022-09-13 06:57:00', '2022-09-13 06:57:00'),
(356, 'Sakshi', 'sakshiantala.tls@gmail.com', '91857577588', 'surat1', 0, 0, '2022-09-13 09:10:20', '2022-09-16 11:24:56'),
(357, 'Sakshi', 'sakshiantala.tls@gmail.com', '91857577588452127676', 'surat1', 0, 0, '2022-09-13 09:53:17', '2022-09-13 10:08:37'),
(358, 'harsh11', 'harshpatel.tls@gmail.com', '8855441120', 'asdzxczxc', 0, 0, '2022-09-13 09:53:17', '2022-09-13 09:53:17'),
(359, 'dfgdfgkjhkjhk', 'prashanttls24@gmail.com', '565756546546', 'fdgdfgmml', 0, 0, '2022-09-13 09:53:17', '2022-09-13 09:53:17'),
(360, 'dfgdfgkjhkjhk', 'prashanttls24@gmail.com', '565756546546', 'fdgdfgmml', 0, 0, '2022-09-13 09:53:17', '2022-09-13 09:53:17'),
(361, 'dfgdfgkjhkjhk', 'prashanttls24@gmail.com', '565756546546', 'fdgdfgmml', 0, 0, '2022-09-13 09:53:17', '2022-09-13 09:53:17'),
(362, 'abc', 'abc@gmail.com', '987654321', '12356', 0, 0, '2022-09-13 09:53:17', '2022-09-13 10:07:41'),
(363, 'dfgdfgkjhkjhk', 'prashanttls24@gmail.com', '565756546546', 'fdgdfgmml', 0, 0, '2022-09-13 09:53:17', '2022-09-13 09:53:17'),
(364, 'sdfsdf', 'sdf', '53545234', 'fsdf', 0, 0, '2022-09-13 09:53:17', '2022-09-13 09:53:17'),
(365, 'fhfgh', 'staff1@gmail.com', '56546546546', 'hfghh', 0, 0, '2022-09-13 09:53:17', '2022-09-13 09:53:17'),
(366, 'dfgdfgkjhkjhk', 'prashanttls24@gmail.com', '565756546546', 'fdgdfgmml', 0, 0, '2022-09-13 09:53:17', '2022-09-13 09:53:17'),
(367, 'hdfgdfg', 'staff1@gmail.com', '4654756546', 'gdfgdfgdf', 0, 0, '2022-09-13 09:53:17', '2022-09-13 09:53:17'),
(368, 'madara uchiha', 'madarauchiha@gmail.com', '54646546', 'fgdfgd', 0, 0, '2022-09-13 09:53:17', '2022-09-13 09:53:17'),
(369, 'fhfgh', 'staff1@gmail.com', '56546546546', 'hfghh', 0, 0, '2022-09-13 09:53:17', '2022-09-13 09:53:17'),
(370, 'deadpool', 'harshpatel.tls@gmail.com', '11881818181', 'asd', 0, 0, '2022-09-13 09:53:17', '2022-09-13 09:53:17'),
(371, 'gfdg', '', '23434234', 'fdg', 0, 0, '2022-09-13 09:53:17', '2022-09-13 09:53:17'),
(372, 'gfdg', '', '5345334', '', 0, 0, '2022-09-13 09:53:17', '2022-09-13 09:53:17'),
(373, 'dasdasd', '', '45345345', 'sdasd', 0, 0, '2022-09-13 09:53:17', '2022-09-13 09:53:17'),
(374, 'badmen', '', '565756546546', 'dasd', 0, 0, '2022-09-13 09:53:17', '2022-09-13 09:53:17'),
(375, 'babar', '', '565756546546', 'dsf', 0, 0, '2022-09-13 09:53:17', '2022-09-13 09:53:17'),
(376, 'changu', '', '23123123123', 'dfg', 0, 0, '2022-09-13 09:53:17', '2022-09-13 09:53:17'),
(377, 'mangu', '', '787787678678678', 'sdd', 0, 0, '2022-09-13 09:53:17', '2022-09-13 09:53:17'),
(378, 'jil sutariya', 'jill@tls.in', '1234567895', 'sdfsdsdfsf', 0, 0, '2022-09-13 09:53:17', '2022-09-13 09:53:17'),
(379, 'demo for notification', '', '12211224244', 'sdsd', 0, 0, '2022-09-13 09:53:17', '2022-09-13 09:53:17'),
(380, 'demo', 'harshpatel.tls@gmail.com', '1122312121', '', 0, 0, '2022-09-13 09:53:17', '2022-09-13 09:53:17'),
(381, '', '', '', '', 0, 0, '2022-09-13 09:53:17', '2022-09-13 09:53:17'),
(382, 'prash', '', '123', '', 0, 0, '2022-09-13 09:53:17', '2022-09-13 09:53:17'),
(383, 'fdfd', 'harshpatel.tls@gmail.com', '1234567890', 'hhyrth', 0, 0, '2022-09-13 09:53:17', '2022-09-14 03:45:15'),
(384, '123', '', '1', '', 0, 0, '2022-09-13 09:53:17', '2022-09-13 09:53:17'),
(385, 'sdsad', 'harshpatel.tls@gmail.com', '1212222', 'sfddfssdfsdasrtret', 0, 0, '2022-09-13 09:53:17', '2022-09-13 09:53:17'),
(386, 'વિદેશ અભ્યાસ લોન સહાય', 'div123@gmail.com', '65465646', '', 0, 0, '2022-09-13 09:53:17', '2022-09-13 09:53:17'),
(387, 'harsh11', 'harshpatel.tls@gmail.com', '8855441120', 'asd', 0, 0, '2022-09-13 09:53:17', '2022-09-13 09:53:17'),
(388, 'gfdg', '', '5345334', '', 0, 0, '2022-09-13 09:53:17', '2022-09-13 09:53:17'),
(389, 'gfdg', '', '5345334', '', 0, 0, '2022-09-13 09:53:17', '2022-09-13 09:53:17'),
(390, 'thor', 'thor@gmail..com', '565756546546', 'asd', 0, 0, '2022-09-13 09:53:17', '2022-09-13 09:53:17'),
(391, 'harsh11', 'harshpatel.tls@gmail.com', '8855441120', 'asd', 0, 0, '2022-09-13 09:53:17', '2022-09-13 09:53:17'),
(392, 'gfdg', '', '5345334', '', 0, 0, '2022-09-13 09:53:17', '2022-09-13 09:53:17'),
(393, 'harsh11', 'harshpatel.tls@gmail.com', '8855441120', 'asd', 0, 0, '2022-09-13 09:53:17', '2022-09-13 09:53:17'),
(394, 'sdsad', 'harshpatel.tls@gmail.com', '1212222', 'sfddfssdfsdasrtret', 0, 0, '2022-09-13 09:53:17', '2022-09-13 09:53:17'),
(395, 'babu bhiya', 'babu bhiya', '21152343443', 'sdf', 0, 0, '2022-09-13 09:53:17', '2022-09-13 09:53:17'),
(396, 'prash', 'harshpatel.tls@gmail.com', '123456789', '', 0, 0, '2022-09-13 09:53:17', '2022-09-13 09:53:17'),
(397, 'babu bhiya', 'babu bhiya', '21152343443', 'sdf', 0, 0, '2022-09-13 09:53:17', '2022-09-13 09:53:17'),
(398, 'sdsad', 'harshpatel.tls@gmail.com', '1212222', 'sfddfssdfsdasrtret', 0, 0, '2022-09-13 09:53:17', '2022-09-13 09:53:17'),
(399, 'thor', 'thor@gmail..com', '565756546546', 'asd', 0, 0, '2022-09-13 09:53:17', '2022-09-13 09:53:17'),
(400, 'gfdg', '', '5345334', '', 0, 0, '2022-09-13 09:53:17', '2022-09-13 09:53:17'),
(401, 'harsh11', 'harshpatel.tls@gmail.com', '8855441120', 'asd', 0, 0, '2022-09-13 09:53:17', '2022-09-13 09:53:17'),
(402, 'gfdg', '', '5345334', '', 0, 0, '2022-09-13 09:53:17', '2022-09-13 09:53:17'),
(403, 'harsh11', 'harshpatel.tls@gmail.com', '8855441120', 'asd', 0, 0, '2022-09-13 09:53:17', '2022-09-13 09:53:17'),
(404, 'gfdg', '', '5345334', '', 0, 0, '2022-09-13 09:53:17', '2022-09-13 09:53:17'),
(405, 'harsh11', 'harshpatel.tls@gmail.com', '8855441120', 'asd', 0, 0, '2022-09-13 09:53:17', '2022-09-13 09:53:17'),
(406, 'વિદેશ અભ્યાસ લોન સહાય', 'div123@gmail.com', '65465646', '', 0, 0, '2022-09-13 09:53:17', '2022-09-13 09:53:17'),
(407, 'sdsad', 'harshpatel.tls@gmail.com', '1212222', 'sfddfssdfsdasrtret', 0, 0, '2022-09-13 09:53:17', '2022-09-16 05:03:46'),
(408, '123', '', '1', '', 0, 0, '2022-09-13 09:53:17', '2022-09-13 09:53:17'),
(409, 'fdfd', 'harshpatel.tls@gmail.com', '1234567890', 'hhyrth', 0, 0, '2022-09-13 09:53:17', '2022-09-13 09:53:17'),
(410, 'prash', '', '123', '', 0, 0, '2022-09-13 09:53:17', '2022-09-13 09:53:17'),
(411, '', '', '', '', 0, 0, '2022-09-13 09:53:17', '2022-09-13 09:53:17'),
(412, 'demo', 'harshpatel.tls@gmail.com', '1122312121', '', 0, 0, '2022-09-13 09:53:17', '2022-09-13 09:53:17'),
(413, 'demo for notification', '', '12211224244', 'sdsd', 0, 0, '2022-09-13 09:53:17', '2022-09-13 09:53:17'),
(414, 'jil sutariya', 'jill@tls.in', '1234567895', 'sdfsdsdfsf', 0, 0, '2022-09-13 09:53:17', '2022-09-13 09:53:17'),
(415, 'mangu', '', '787787678678678', 'sdd', 0, 0, '2022-09-13 09:53:17', '2022-09-13 09:53:17'),
(416, 'changu', '', '23123123123', 'dfg', 0, 0, '2022-09-13 09:53:17', '2022-09-15 12:24:40'),
(417, 'babar', '', '565756546546', 'dsf', 0, 0, '2022-09-13 09:53:17', '2022-09-14 06:28:08'),
(418, 'badmen', '', '565756546546', 'dasd', 0, 0, '2022-09-13 09:53:17', '2022-09-13 09:53:17'),
(419, 'dasdasd', '', '45345345', 'sdasd', 0, 0, '2022-09-13 09:53:17', '2022-09-13 09:53:17'),
(420, 'gfdg', '', '5345334', '', 0, 0, '2022-09-13 09:53:17', '2022-09-14 05:53:40'),
(421, 'gfdg', '', '23434234', 'fdg', 0, 0, '2022-09-13 09:53:17', '2022-09-14 06:42:11'),
(422, 'deadpool', 'deadpool@gmail.com', '11881818181', 'asd', 0, 0, '2022-09-13 09:53:17', '2022-09-13 09:53:17'),
(423, 'harsh11', 'harshpatel.tls@gmail.com', '8855441120', 'asdzxczxc', 0, 0, '2022-09-13 09:53:17', '2022-09-15 03:56:54'),
(424, 'fhfgh', 'staff1@gmail.com', '56546546546', 'hfghh', 0, 0, '2022-09-13 09:53:17', '2022-09-13 09:53:17'),
(425, 'madara uchiha', 'madarauchiha@gmail.com', '54646546', 'fgdfgd', 0, 0, '2022-09-13 09:53:17', '2022-09-14 06:02:49'),
(426, 'hdfgdfg', 'staff1@gmail.com', '4654756546', 'gdfgdfgdf', 0, 0, '2022-09-13 09:53:17', '2022-09-13 09:53:17'),
(427, 'dfgdfg', 'staff1@gmail.com', '565756546546', 'fdgdfg', 0, 0, '2022-09-13 09:53:17', '2022-09-14 05:49:44'),
(428, 'fhfgh', 'staff1@gmail.com', '56546546546', 'hfghh', 0, 0, '2022-09-13 09:53:17', '2022-09-13 09:53:17'),
(429, 'sdfsdf', 'sdf', '53545234', 'fsdf', 0, 0, '2022-09-13 09:53:17', '2022-09-13 10:09:20'),
(430, 'dhruvita', 'testing@gmail.com', '85757758845', 'efdgde', 0, 0, '2022-09-13 10:12:51', '2022-09-13 10:12:51'),
(431, 'rajesh', 'raju@gmail.com', '9988774455', 'sdfg', 0, 0, '2022-09-14 06:57:00', '2022-09-14 06:57:00'),
(432, 'qqqqqqqq', 'heelo@gmail.com', '987654321', 'qqq', 0, 0, '2022-09-14 09:17:26', '2022-09-16 03:52:32'),
(433, 'gdvasjvbh', 'prash@ymail.com', '7894561235', 'ghfh', 0, 0, '2022-09-14 11:46:45', '2022-09-14 11:46:45'),
(434, 'rajesh', 'raju@gmail.com', '9988774455', 'sdfg', 0, 0, '2022-09-15 06:57:00', '2022-09-15 06:57:00'),
(435, 'prashant', 'prash@tls.in', '7894561235', 'end of the world is our home!!!', 0, 0, '2022-09-16 04:20:34', '2022-09-16 04:20:34'),
(436, 'rajesh', 'raju@gmail.com', '9988774455', 'sdfg', 0, 0, '2022-09-16 06:57:00', '2022-09-16 06:57:00'),
(437, 'utsav', 'tlsutsav@gmail.com', '9586244522', 'abcdfgg fg ggf ', 1, 1, '2022-09-16 08:28:18', '2022-09-16 08:50:47'),
(438, 'nfbkjdbgfgfgf  igbpodfcx', 'tlsutsav@gmail.com', '9989998989', 'abcdnjhhjihinl kljhdsgfdhdh  jgidhgiefjojg ;gdmhbgdpkjhgg\'lk ', 1, 1, '2022-09-16 08:29:25', '2022-09-16 09:14:50'),
(439, 'gfdgeegdgefg ', 'tlsutsav@gmail.com', '95864754545', 'abcd vbdgffgg', 1, 1, '2022-09-16 08:42:00', '2022-09-16 09:14:56'),
(440, 'Utsav Vaghani', 'tlsutsav@gmail.com', '255595454545455', 'abcdfhbgrf ghfhggf', 1, 1, '2022-09-16 08:42:28', '2022-09-16 09:15:02'),
(441, 'Utsav Vaghani', 'tlsutsav@gmail.com', '9855456475', 'abcd', 0, 0, '2022-09-16 08:42:53', '2022-09-16 08:42:53'),
(442, 'Utsav Vaghani', 'tlsutsav@gmail.com', '995454545455', 'abcd', 1, 1, '2022-09-16 08:43:09', '2022-09-19 06:46:29'),
(443, 'Utsav Vaghani', 'tlsutsav@gmail.com', '786566669874', 'abcdgdbhfgbfg bgfbhgf', 1, 0, '2022-09-16 08:43:36', '2022-09-16 08:47:54'),
(444, 'Utsav Vaghani vfdgvbd', 'tlsutsav@gmail.com', '7889898959', 'abcd gbgbd gbgfbgf', 1, 0, '2022-09-16 08:44:12', '2022-09-17 09:58:35'),
(445, 'Brijesh', 'birju@gmail.com', '(968) 574-1020', 'varachaa', 0, 0, '2022-09-17 05:24:24', '2022-09-17 05:24:24'),
(446, 'deadpool2', '', '423123234', 'sdf', 0, 0, '2022-09-17 05:24:54', '2022-09-17 05:24:54'),
(447, 'Brijesh', '', '(968) 574-1020', '', 1, 0, '2022-09-17 05:36:47', '2022-09-17 09:54:17'),
(448, 'Brijesh', '', '(968) 574-1020', '', 0, 0, '2022-09-17 05:42:36', '2022-09-17 05:42:36'),
(449, '', 'akash@gmail.com', '9876532014', 'sdf', 0, 0, '2022-09-17 06:44:21', '2022-09-17 06:44:21'),
(450, '', 'gujju_op@gmail.com', '5623014789', 'sdf', 0, 0, '2022-09-17 06:44:21', '2022-09-17 06:44:21'),
(451, '', 'asrfet@gmail.com', '754749574', 'rytyimj', 0, 0, '2022-09-17 06:44:21', '2022-09-17 06:44:21'),
(452, '', 'asd@gmail.com', '7485963218', 'dftynf', 0, 0, '2022-09-17 06:44:21', '2022-09-17 06:44:21'),
(453, '', 'sfg@gmail.com', '8754210639', 'dfgh', 0, 0, '2022-09-17 06:44:21', '2022-09-17 06:44:21'),
(454, '', 'arf@gmail.com', '7485120369', 'dt', 0, 0, '2022-09-17 06:44:21', '2022-09-17 06:44:21'),
(455, '', 'divu@gmail.com', '(451) 263-8709', 'zsdt', 0, 0, '2022-09-17 06:44:21', '2022-09-17 06:44:21'),
(456, '', 'sdhhfdsa@gmail.com', '9586244522', 'fsdfsdgs fsgf', 0, 0, '2022-09-17 06:44:21', '2022-09-17 06:44:21'),
(457, '', 'asd@gmail.com', '7896541230', 'erst', 0, 0, '2022-09-17 06:44:21', '2022-09-17 06:44:21'),
(458, '', 'akash@gmail.com', '7485963210', 'asfd', 0, 0, '2022-09-17 06:44:21', '2022-09-17 06:44:21'),
(459, '', 'sdhhfdsa@gmail.com', '9586244522', 'fsdfsdgs fsgf', 0, 0, '2022-09-17 06:44:21', '2022-09-17 06:44:21'),
(460, '', 'sdhhfdsa@gmail.com', '9586244522', 'fsdfsdgs fsgf', 0, 0, '2022-09-17 06:44:21', '2022-09-17 06:44:21'),
(461, '', 'jil@gmail.com', '9874456310', 'sdf', 0, 0, '2022-09-17 06:44:21', '2022-09-17 06:44:21'),
(462, '', 'akash@gmail.com', '7485963210', 'sdf', 0, 0, '2022-09-17 06:44:21', '2022-09-17 06:44:21'),
(463, '', 'gujju_op@gmail.com', '5623014789', 'sdf', 0, 0, '2022-09-17 06:44:21', '2022-09-17 06:44:21');
INSERT INTO `customer` (`c_id`, `name`, `email`, `mo_no`, `address`, `type`, `status`, `created_at`, `updated_at`) VALUES
(464, '', 'jil@gmail.com', '9874456310', 'sdf', 0, 0, '2022-09-17 06:44:21', '2022-09-17 06:44:21'),
(465, '', 'akash@gmail.com', '9876532014', 'sdf', 0, 0, '2022-09-17 06:44:21', '2022-09-17 06:44:21'),
(466, '', 'gujju_op@gmail.com', '5623014789', 'sdf', 0, 0, '2022-09-17 06:44:21', '2022-09-17 06:44:21'),
(467, '', 'jil@gmail.com', '9874456310', 'sdf', 0, 0, '2022-09-17 06:44:21', '2022-09-17 06:44:21'),
(468, '', 'akash@gmail.com', '9876532014', 'sdf', 0, 0, '2022-09-17 06:44:21', '2022-09-17 06:44:21'),
(469, '', 'gujju_op@gmail.com', '5623014789', 'sdf', 0, 0, '2022-09-17 06:44:21', '2022-09-17 06:44:21'),
(470, '', 'jil@gmail.com', '9874456310', 'sdf', 0, 0, '2022-09-17 06:44:21', '2022-09-17 06:44:21'),
(471, '', 'akash@gmail.com', '9876532014', 'sdf', 0, 0, '2022-09-17 06:44:21', '2022-09-17 06:44:21'),
(472, '', 'gujju_op@gmail.com', '5623014789', 'sdf', 0, 0, '2022-09-17 06:44:21', '2022-09-17 06:44:21'),
(473, '', 'jil@gmail.com', '9874456310', 'sdf', 0, 0, '2022-09-17 06:44:21', '2022-09-17 06:44:21'),
(474, '', 'zdg@gmail.com', '9876532014', 'sdf', 0, 0, '2022-09-17 06:44:21', '2022-09-17 06:44:21'),
(475, '', 'gujju_op@gmail.com', '5623014789', 'sdf', 0, 0, '2022-09-17 06:44:21', '2022-09-17 06:44:21'),
(476, '', 'jil@gmail.com', '9874456310', 'sdf', 0, 0, '2022-09-17 06:44:21', '2022-09-17 06:44:21'),
(477, '', 'akash@gmail.com', '9876532014', 'sdf', 0, 0, '2022-09-17 06:44:21', '2022-09-17 06:44:21'),
(478, '', 'gujju_op@gmail.com', '5623014789', 'sdf', 0, 0, '2022-09-17 06:44:21', '2022-09-17 06:44:21'),
(479, '', 'jil@gmail.com', '9874456310', 'sdf', 0, 0, '2022-09-17 06:44:21', '2022-09-17 06:44:21'),
(480, '', 'akash@gmail.com', '9876532014', 'sdf', 0, 0, '2022-09-17 06:44:21', '2022-09-17 06:44:21'),
(481, '', 'gujju_op@gmail.com', '5623014789', 'sdf', 0, 0, '2022-09-17 06:44:21', '2022-09-17 06:44:21'),
(482, '', 'jil@gmail.com', '9874456310', 'sdf', 0, 0, '2022-09-17 06:44:21', '2022-09-17 06:44:21'),
(483, '', 'akash@gmail.com', '9876532014', 'sdf', 0, 0, '2022-09-17 06:44:21', '2022-09-17 06:44:21'),
(484, '', 'gujju_op@gmail.com', '5623014789', 'sdf', 0, 0, '2022-09-17 06:44:21', '2022-09-17 06:44:21'),
(485, '', 'jil@gmail.com', '9874456310', 'sdf', 0, 0, '2022-09-17 06:44:21', '2022-09-17 06:44:21'),
(486, '', 'akash@gmail.com', '9876532014', 'sdf', 0, 0, '2022-09-17 06:44:21', '2022-09-17 06:44:21'),
(487, '', 'gujju_op@gmail.com', '5623014789', 'sdf', 0, 0, '2022-09-17 06:44:21', '2022-09-17 06:44:21'),
(488, '', 'jil@gmail.com', '9874456310', 'sdf', 0, 0, '2022-09-17 06:44:21', '2022-09-17 06:44:21'),
(489, '', 'akash@gmail.com', '9876532014', 'sdf', 0, 0, '2022-09-17 06:44:21', '2022-09-17 06:44:21'),
(490, '', 'gujju_op@gmail.com', '5623014789', 'sdf', 0, 0, '2022-09-17 06:44:21', '2022-09-17 06:44:21'),
(491, '', 'kashu@gmail.com', '789654123', 'asf', 0, 0, '2022-09-17 06:44:21', '2022-09-17 06:44:21'),
(492, '', 'dgt@gmail.com', '748596321', 'sg', 0, 0, '2022-09-17 06:44:21', '2022-09-17 06:44:21'),
(493, '', 'sdhhfdsa@gmail.com', '9586244522', 'fsdfsdgs fsgf', 0, 0, '2022-09-17 06:44:21', '2022-09-17 06:44:21'),
(494, '', 'sdhhfdsa@gmail.com', '9586244522', 'fsdfsdgs fsgf', 0, 0, '2022-09-17 06:44:21', '2022-09-17 06:44:21'),
(495, '', 'sdhhfdsa@gmail.com', '9586244522', 'fsdfsdgs fsgf', 0, 0, '2022-09-17 06:44:21', '2022-09-17 06:44:21'),
(496, '', 'sdhhfdsa@gmail.com', '9586244522', 'fsdfsdgs fsgf', 0, 0, '2022-09-17 06:44:21', '2022-09-17 06:44:21'),
(497, '', 'gujju.lead54@gamil.com', '(111) 111-4512', 'cfbhsdkjj', 0, 0, '2022-09-17 06:44:21', '2022-09-17 06:44:21'),
(498, '', 'prasantBhai@gmail.com', '7410852963', 'sdf', 0, 0, '2022-09-17 06:44:21', '2022-09-17 06:44:21'),
(499, '', 'vatsal@gmail.com', '9865741230', 'drfg', 0, 0, '2022-09-17 06:44:21', '2022-09-17 06:44:21'),
(500, '', 'milan@gmail.com', '7896541230', 'sdfg', 0, 0, '2022-09-17 06:44:21', '2022-09-17 06:44:21'),
(501, '', 'gujju_op@gmail.com', '5623014789', 'dfh', 0, 0, '2022-09-17 06:44:21', '2022-09-17 06:44:21'),
(502, '', 'harsh@gmail.com', '87542119630', 'dfhg', 0, 0, '2022-09-17 06:44:21', '2022-09-17 06:44:21'),
(503, '', 'tlskashyap26@gmail.com', '7575817319', 'dfhg', 0, 0, '2022-09-17 06:44:21', '2022-09-17 06:44:21'),
(504, 'akash', 'akash@gmail.com', '9876532014', 'sdf', 0, 0, '2022-09-17 06:56:13', '2022-09-17 06:56:13'),
(505, 'gujju', 'gujju_op@gmail.com', '5623014789', 'sdf', 0, 0, '2022-09-17 06:56:13', '2022-09-17 06:56:13'),
(506, 'jmftgjhfgjhfgj', 'asrfet@gmail.com', '754749574', 'rytyimj', 0, 0, '2022-09-17 06:56:13', '2022-09-17 06:56:13'),
(507, 'sdfgsdg', 'asd@gmail.com', '7485963218', 'dftynf', 0, 0, '2022-09-17 06:56:13', '2022-09-17 06:56:13'),
(508, 'dstwesdfg', 'sfg@gmail.com', '8754210639', 'dfgh', 0, 0, '2022-09-17 06:56:13', '2022-09-17 06:56:13'),
(509, 'asfafasf', 'arf@gmail.com', '7485120369', 'dt', 0, 0, '2022-09-17 06:56:13', '2022-09-17 06:56:13'),
(510, 'Divyanshu khanna', 'divu@gmail.com', '(451) 263-8709', 'zsdt', 0, 0, '2022-09-17 06:56:13', '2022-09-17 06:56:13'),
(511, 'akshuu545', 'sdhhfdsa@gmail.com', '9586244522', 'fsdfsdgs fsgf', 0, 0, '2022-09-17 06:56:13', '2022-09-17 06:56:13'),
(512, 'kashyap', 'asd@gmail.com', '7896541230', 'erst', 0, 0, '2022-09-17 06:56:13', '2022-09-17 06:56:13'),
(513, 'Today Testing Lead', 'akash@gmail.com', '7485963210', 'asfd', 0, 0, '2022-09-17 06:56:13', '2022-09-17 06:56:13'),
(514, 'rajesh khut', 'sdhhfdsa@gmail.com', '9586244522', 'fsdfsdgs fsgf', 0, 0, '2022-09-17 06:56:13', '2022-09-17 06:56:13'),
(515, 'testing', 'sdhhfdsa@gmail.com', '9586244522', 'fsdfsdgs fsgf', 0, 0, '2022-09-17 06:56:13', '2022-09-17 06:56:13'),
(516, 'jil', 'jil@gmail.com', '9874456310', 'sdf', 0, 0, '2022-09-17 06:56:13', '2022-09-17 06:56:13'),
(517, 'takoo', 'akash@gmail.com', '7485963210', 'sdf', 0, 0, '2022-09-17 06:56:13', '2022-09-17 06:56:13'),
(518, 'gujju', 'gujju_op@gmail.com', '5623014789', 'sdf', 0, 0, '2022-09-17 06:56:13', '2022-09-17 06:56:13'),
(519, 'jil', 'jil@gmail.com', '9874456310', 'sdf', 0, 0, '2022-09-17 06:56:13', '2022-09-17 06:56:13'),
(520, 'akash', 'akash@gmail.com', '9876532014', 'sdf', 0, 0, '2022-09-17 06:56:13', '2022-09-17 06:56:13'),
(521, 'gujju', 'gujju_op@gmail.com', '5623014789', 'sdf', 0, 0, '2022-09-17 06:56:13', '2022-09-17 06:56:13'),
(522, 'jil', 'jil@gmail.com', '9874456310', 'sdf', 0, 0, '2022-09-17 06:56:13', '2022-09-17 06:56:13'),
(523, 'akash', 'akash@gmail.com', '9876532014', 'sdf', 0, 0, '2022-09-17 06:56:13', '2022-09-17 06:56:13'),
(524, 'gujju', 'gujju_op@gmail.com', '5623014789', 'sdf', 0, 0, '2022-09-17 06:56:13', '2022-09-17 06:56:13'),
(525, 'jil', 'jil@gmail.com', '9874456310', 'sdf', 0, 0, '2022-09-17 06:56:13', '2022-09-17 06:56:13'),
(526, 'akash', 'akash@gmail.com', '9876532014', 'sdf', 0, 0, '2022-09-17 06:56:13', '2022-09-17 06:56:13'),
(527, 'gujju', 'gujju_op@gmail.com', '5623014789', 'sdf', 0, 0, '2022-09-17 06:56:13', '2022-09-17 06:56:13'),
(528, 'jil', 'jil@gmail.com', '9874456310', 'sdf', 0, 0, '2022-09-17 06:56:13', '2022-09-17 06:56:13'),
(529, 'akash', 'zdg@gmail.com', '9876532014', 'sdf', 0, 0, '2022-09-17 06:56:13', '2022-09-17 06:56:13'),
(530, 'gujju', 'gujju_op@gmail.com', '5623014789', 'sdf', 0, 0, '2022-09-17 06:56:13', '2022-09-17 06:56:13'),
(531, 'jil', 'jil@gmail.com', '9874456310', 'sdf', 1, 0, '2022-09-17 06:56:13', '2022-09-17 09:58:53'),
(532, 'akash', 'akash@gmail.com', '9876532014', 'sdf', 0, 0, '2022-09-17 06:56:13', '2022-09-17 06:56:13'),
(533, 'gujju', 'gujju_op@gmail.com', '5623014789', 'sdf', 0, 0, '2022-09-17 06:56:13', '2022-09-17 06:56:13'),
(534, 'jil', 'jil@gmail.com', '9874456310', 'sdf', 0, 0, '2022-09-17 06:56:13', '2022-09-17 06:56:13'),
(535, 'akash', 'akash@gmail.com', '9876532014', 'sdf', 0, 0, '2022-09-17 06:56:13', '2022-09-17 06:56:13'),
(536, 'gujju', 'gujju_op@gmail.com', '5623014789', 'sdf', 0, 0, '2022-09-17 06:56:13', '2022-09-17 06:56:13'),
(537, 'jil', 'jil@gmail.com', '9874456310', 'sdf', 0, 0, '2022-09-17 06:56:13', '2022-09-17 06:56:13'),
(538, 'akash', 'akash@gmail.com', '9876532014', 'sdf', 0, 0, '2022-09-17 06:56:13', '2022-09-17 06:56:13'),
(539, 'gujju', 'gujju_op@gmail.com', '5623014789', 'sdf', 0, 0, '2022-09-17 06:56:13', '2022-09-17 06:56:13'),
(540, 'jil', 'jil@gmail.com', '9874456310', 'sdf', 0, 0, '2022-09-17 06:56:13', '2022-09-17 06:56:13'),
(541, 'akash', 'akash@gmail.com', '9876532014', 'sdf', 0, 0, '2022-09-17 06:56:13', '2022-09-17 06:56:13'),
(542, 'gujju', 'gujju_op@gmail.com', '5623014789', 'sdf', 0, 0, '2022-09-17 06:56:13', '2022-09-17 06:56:13'),
(543, 'jil', 'jil@gmail.com', '9874456310', 'sdf', 0, 0, '2022-09-17 06:56:13', '2022-09-17 06:56:13'),
(544, 'akash', 'akash@gmail.com', '9876532014', 'sdf', 0, 0, '2022-09-17 06:56:13', '2022-09-17 06:56:13'),
(545, 'gujju', 'gujju_op@gmail.com', '5623014789', 'sdf', 0, 0, '2022-09-17 06:56:13', '2022-09-17 06:56:13'),
(546, 'kashyap', 'kashu@gmail.com', '789654123', 'asf', 0, 0, '2022-09-17 06:56:13', '2022-09-17 06:56:13'),
(547, 'utsav mate lead', 'dgt@gmail.com', '748596321', 'sg', 0, 0, '2022-09-17 06:56:13', '2022-09-17 06:56:13'),
(548, 'akshuu545', 'sdhhfdsa@gmail.com', '9586244522', 'fsdfsdgs fsgf', 0, 0, '2022-09-17 06:56:13', '2022-09-17 06:56:13'),
(549, 'akshuu', 'sdhhfdsa@gmail.com', '9586244522', 'fsdfsdgs fsgf', 1, 0, '2022-09-17 06:56:13', '2022-09-17 10:01:58'),
(550, 'major', 'sdhhfdsa@gmail.com', '9586244522', 'fsdfsdgs fsgf', 0, 0, '2022-09-17 06:56:13', '2022-09-17 09:40:25'),
(551, 'major', 'sdhhfdsa@gmail.com', '9586244522', 'fsdfsdgs fsgf', 0, 0, '2022-09-17 06:56:13', '2022-09-17 09:40:14'),
(552, 'kanish', 'gujju.lead54@gamil.com', '(111) 111-4512', 'cfbhsdkjj', 0, 0, '2022-09-17 06:56:13', '2022-09-17 09:40:00'),
(553, 'prasantBhai', 'prasantBhai@gmail.com', '7410852963', 'sdf', 0, 0, '2022-09-17 06:56:13', '2022-09-17 06:56:13'),
(554, 'vatsal', 'vatsal@gmail.com', '9865741230', 'drfg', 0, 0, '2022-09-17 06:56:13', '2022-09-17 06:56:13'),
(555, 'milan', 'milan@gmail.com', '7896541230', 'sdfg', 0, 0, '2022-09-17 06:56:13', '2022-09-17 06:56:13'),
(556, 'gujju', 'gujju_op@gmail.com', '5623014789', 'dfh', 0, 0, '2022-09-17 06:56:13', '2022-09-17 06:56:13'),
(557, 'harsh', 'harsh@gmail.com', '87542119630', 'dfhg', 0, 0, '2022-09-17 06:56:13', '2022-09-17 06:56:13'),
(558, 'kashyap', 'tlskashyap26@gmail.com', '7575817319', 'dfhg', 0, 0, '2022-09-17 06:56:13', '2022-09-17 06:56:13'),
(559, 'rajesh', 'raju@gmail.com', '9988774455', 'sdfg', 0, 0, '2022-09-17 06:57:00', '2022-09-17 06:57:00'),
(560, 'PM आत्मनिर्भर स्वस्थ भारत योजना 2022', 'div123@gmail.com', '0011223366', 'kjb', 0, 0, '2022-09-17 09:28:08', '2022-09-17 09:28:08'),
(561, 'sdsad', 'harshpatel.tls@gmail.com', '34324324', 'fsdf', 0, 0, '2022-09-17 11:31:04', '2022-09-17 11:31:04'),
(562, 'demo', '', '5435345345', 'gdfg', 0, 0, '2022-09-17 11:51:03', '2022-09-17 11:51:03'),
(563, 'demo', '', '1545457896', '3gfg', 0, 0, '2022-09-19 05:37:47', '2022-09-19 05:37:47'),
(564, 'rajesh', 'raju@gmail.com', '9988774455', 'sdfg', 0, 0, '2022-09-19 06:57:00', '2022-09-19 06:57:00');

-- --------------------------------------------------------

--
-- Table structure for table `event`
--

DROP TABLE IF EXISTS `event`;
CREATE TABLE IF NOT EXISTS `event` (
  `e_id` int NOT NULL AUTO_INCREMENT,
  `u_id` int NOT NULL,
  `title` varchar(200) NOT NULL,
  `description` text,
  `start_date` varchar(50) CHARACTER SET utf8mb4 COLLATE utf8mb4_0900_ai_ci DEFAULT NULL,
  `end_date` varchar(50) CHARACTER SET utf8mb4 COLLATE utf8mb4_0900_ai_ci DEFAULT NULL,
  `created_at` timestamp NOT NULL DEFAULT CURRENT_TIMESTAMP,
  `updated_at` timestamp NOT NULL DEFAULT CURRENT_TIMESTAMP ON UPDATE CURRENT_TIMESTAMP,
  PRIMARY KEY (`e_id`)
) ENGINE=MyISAM AUTO_INCREMENT=66 DEFAULT CHARSET=utf8mb4 COLLATE=utf8mb4_0900_ai_ci;

--
-- Dumping data for table `event`
--

INSERT INTO `event` (`e_id`, `u_id`, `title`, `description`, `start_date`, `end_date`, `created_at`, `updated_at`) VALUES
(28, 0, 'dfgdfg', 'dfgdfgdfg', '2022-09-16', '2022-09-17', '2022-09-16 12:35:43', '2022-09-16 12:35:43'),
(27, 0, 'fgdfg', 'dfgdfg', '2022-09-14 00:00:00.000Z', '2022-09-16 00:00:00.000Z', '2022-09-16 12:30:46', '2022-09-16 12:30:46'),
(21, 58, 'hello', 'hello', '17-09-2022', '17-09-2022', '2022-09-10 05:07:16', '2022-09-10 05:07:34'),
(19, 58, 'Hello', NULL, '16-09-2022', '17-09-2022', '2022-09-09 11:00:32', '2022-09-10 05:07:27'),
(18, 59, 'hi', 'assaad', '09-09-2022', '09-09-2022', '2022-09-09 10:08:51', '2022-09-09 10:08:51'),
(29, 0, 'sdfsdfs', 'sdfsdfsdf', '2022-09-16', '2022-09-19', '2022-09-16 12:40:14', '2022-09-16 12:40:14'),
(30, 0, 'gfhyfghfg', 'fghfghfg', '2022-09-16', '2022-09-17', '2022-09-16 12:43:50', '2022-09-16 12:43:50'),
(31, 0, 'fghfghgfhjgfhfh', 'hjkhjkhjjhkk', '2022-09-14', '2022-09-16', '2022-09-16 12:46:08', '2022-09-16 12:46:08'),
(32, 0, 'ytghvb', 'twbb', '2022-09-14', '2022-09-22', '2022-09-17 03:59:47', '2022-09-17 03:59:47'),
(33, 0, 'njinkml m ', 'fvgbhg', '2022-09-15', '2022-09-17', '2022-09-17 05:24:34', '2022-09-17 05:24:34'),
(65, 67, 'kashyap', 'call now', '19-09-2022', '24-09-2022', '2022-09-19 11:13:16', '2022-09-19 11:13:16'),
(51, 2, 'fdgdfg', 'dfgfg', '28-09-2022', '28-09-2022', '2022-09-17 11:10:26', '2022-09-17 11:10:26'),
(56, 54, 'ertert', NULL, '17-09-2022', '17-09-2022', '2022-09-17 11:47:11', '2022-09-17 11:47:11');

-- --------------------------------------------------------

--
-- Table structure for table `expired_login_log`
--

DROP TABLE IF EXISTS `expired_login_log`;
CREATE TABLE IF NOT EXISTS `expired_login_log` (
  `id` int NOT NULL AUTO_INCREMENT,
  `u_id` int NOT NULL,
  `date` varchar(50) NOT NULL,
  `created_at` timestamp NOT NULL DEFAULT CURRENT_TIMESTAMP,
  PRIMARY KEY (`id`)
) ENGINE=MyISAM AUTO_INCREMENT=2 DEFAULT CHARSET=utf8mb4 COLLATE=utf8mb4_0900_ai_ci;

--
-- Dumping data for table `expired_login_log`
--

INSERT INTO `expired_login_log` (`id`, `u_id`, `date`, `created_at`) VALUES
(1, 2, '16-09-2022', '2022-09-03 11:18:07');

-- --------------------------------------------------------

--
-- Table structure for table `leads`
--

DROP TABLE IF EXISTS `leads`;
CREATE TABLE IF NOT EXISTS `leads` (
  `l_id` int NOT NULL AUTO_INCREMENT,
  `c_id` int NOT NULL,
  `created_by` int NOT NULL,
  `assign_to` int NOT NULL,
  `reference` varchar(100) DEFAULT NULL,
  `source_id` int NOT NULL,
  `status_id` int NOT NULL,
  `date` varchar(50) NOT NULL,
  `comment` text,
  `cancel_reason` text,
  `created_at` timestamp NOT NULL DEFAULT CURRENT_TIMESTAMP,
  `updated_at` timestamp NOT NULL DEFAULT CURRENT_TIMESTAMP ON UPDATE CURRENT_TIMESTAMP,
  PRIMARY KEY (`l_id`)
) ENGINE=MyISAM AUTO_INCREMENT=579 DEFAULT CHARSET=utf8mb4 COLLATE=utf8mb4_0900_ai_ci;

--
-- Dumping data for table `leads`
--

INSERT INTO `leads` (`l_id`, `c_id`, `created_by`, `assign_to`, `reference`, `source_id`, `status_id`, `date`, `comment`, `cancel_reason`, `created_at`, `updated_at`) VALUES
(246, 240, 2, 4, NULL, 6, 4, '25-08-2022', 'sad', NULL, '2022-08-25 11:20:54', '2022-09-06 10:26:28'),
(256, 249, 2, 6, 'From WebSite', 7, 3, '01-09-2022', '12333', NULL, '2022-09-01 11:49:14', '2022-09-08 12:24:23'),
(55, 0, 2, 2, 'dfgdf', 6, 1, '17-08-2022', 'gdfgdfgdfg', NULL, '2022-08-18 07:54:01', '2022-08-18 07:54:01'),
(51, 47, 2, 3, 'sdfsd', 7, 2, '17-08-2022', NULL, NULL, '2022-08-17 12:46:44', '2022-09-08 12:08:55'),
(254, 248, 2, 6, NULL, 6, 1, '31-08-2022', NULL, NULL, '2022-08-31 11:49:17', '2022-09-03 05:52:58'),
(247, 241, 2, 2, NULL, 6, 1, '27-08-2022', 'df', NULL, '2022-08-25 11:22:56', '2022-09-03 08:42:44'),
(92, 91, 2, 6, 'fghfg', 6, 2, '17-08-2022', 'gfhfgh', NULL, '2022-08-18 08:03:17', '2022-09-06 10:25:45'),
(94, 88, 2, 2, 'dfgfdg', 6, 3, '17-08-2022', 'fgdfgdfg', NULL, '2022-08-18 08:03:17', '2022-09-13 05:53:19'),
(253, 247, 2, 6, 'fdsfsfdfdf', 8, 1, '31-08-2022', 'sfsdfdsf', NULL, '2022-08-31 10:19:27', '2022-09-03 05:52:58'),
(249, 243, 2, 5, NULL, 8, 13, '25-08-2022', NULL, NULL, '2022-08-25 12:35:44', '2022-09-03 04:02:28'),
(248, 242, 2, 6, NULL, 6, 13, '25-08-2022', NULL, NULL, '2022-08-25 12:34:55', '2022-09-06 11:52:15'),
(217, 213, 2, 3, 'dfgdf', 5, 4, '17-08-2022', 'dfgdf', NULL, '2022-08-18 10:30:24', '2022-09-07 10:46:08'),
(219, 215, 2, 3, 'fdgd', 6, 4, '17-08-2022', 'fdgd', NULL, '2022-08-18 10:30:24', '2022-09-03 12:35:27'),
(221, 217, 2, 3, 'fghfg', 6, 2, '17-08-2022', 'fghfg', NULL, '2022-08-18 10:30:24', '2022-09-07 10:46:16'),
(222, 218, 2, 3, 'saad', 6, 1, '03-08-2022', 'saad', NULL, '2022-08-18 10:30:24', '2022-09-13 12:36:30'),
(223, 219, 2, 5, 'sdas', 6, 4, '03-08-2022', 'sdas', NULL, '2022-08-18 10:30:24', '2022-08-30 12:15:14'),
(228, 222, 2, 3, NULL, 0, 3, '21-08-2022', 'dfg', NULL, '2022-08-20 06:59:05', '2022-09-16 05:54:01'),
(229, 223, 2, 3, NULL, 5, 2, '27-08-2022', NULL, NULL, '2022-08-20 07:47:51', '2022-09-13 12:22:32'),
(237, 231, 2, 2, NULL, 6, 2, '24-08-2022', 'asdasd', NULL, '2022-08-24 06:30:11', '2022-09-13 11:08:31'),
(255, 0, 2, 2, 'From WebSite', 7, 1, '01-09-2022', '123', NULL, '2022-09-01 11:46:46', '2022-09-01 11:46:46'),
(262, 255, 2, 2, NULL, 6, 1, '05-09-2022', NULL, NULL, '2022-09-05 12:37:16', '2022-09-05 12:37:16'),
(575, 561, 3, 3, NULL, 6, 1, '17-09-2022', 'dsfsdf', NULL, '2022-09-17 11:31:04', '2022-09-17 11:31:04'),
(263, 256, 2, 2, 'gdfg', 6, 21, '05-09-2022', 'tghrt', NULL, '2022-09-05 12:38:07', '2022-09-12 06:53:22'),
(264, 257, 2, 2, NULL, 6, 2, '05-09-2022', NULL, NULL, '2022-09-05 12:38:21', '2022-09-06 10:26:03'),
(265, 258, 2, 5, NULL, 6, 3, '06-09-2022', NULL, NULL, '2022-09-06 05:41:36', '2022-09-13 05:53:11'),
(266, 0, 0, 0, NULL, 0, 0, '', NULL, NULL, '2022-09-06 06:26:38', '2022-09-06 06:26:38'),
(267, 259, 2, 2, NULL, 6, 2, '06-09-2022', NULL, NULL, '2022-09-07 06:41:18', '2022-09-09 08:59:29'),
(268, 264, 2, 3, 'saad', 6, 2, '07-09-2022', 'saad', NULL, '2022-09-07 06:53:00', '2022-09-08 12:25:15'),
(269, 265, 2, 3, NULL, 5, 2, '07-09-2022', NULL, NULL, '2022-09-07 06:53:00', '2022-09-08 11:59:33'),
(270, 266, 2, 3, 'saad', 6, 2, '07-09-2022', 'saad', NULL, '2022-09-07 06:54:00', '2022-09-09 08:51:59'),
(271, 267, 2, 5, NULL, 5, 2, '07-09-2022', NULL, NULL, '2022-09-07 06:54:00', '2022-09-13 05:52:49'),
(273, 269, 2, 5, NULL, 5, 3, '07-09-2022', NULL, NULL, '2022-09-07 06:57:00', '2022-09-08 12:09:00'),
(274, 270, 2, 2, 'a', 6, 2, '08-09-2022', 'asd', NULL, '2022-09-08 05:09:13', '2022-09-09 08:47:24'),
(275, 258, 2, 4, NULL, 6, 2, '08-09-2022', 'dsf', NULL, '2022-09-08 05:12:58', '2022-09-16 05:54:05'),
(276, 271, 2, 2, 'dsfsd', 6, 13, '08-09-2022', 'sdfsdf', NULL, '2022-09-08 06:28:32', '2022-09-08 06:28:32'),
(306, 294, 58, 60, 'meeting', 6, 4, '09-09-2022', 'meeting', NULL, '2022-09-09 08:31:35', '2022-09-10 05:09:07'),
(312, 306, 58, 58, NULL, 7, 1, '10-09-2022', NULL, NULL, '2022-09-10 05:10:46', '2022-09-10 05:10:46'),
(315, 316, 2, 2, 'gdfg', 6, 2, '10-09-2022', '', NULL, '2022-09-10 06:47:53', '2022-09-13 08:13:53'),
(359, 356, 2, 4, '6767', 8, 3, '14-09-2022', NULL, NULL, '2022-09-13 09:10:20', '2022-09-14 12:40:02'),
(314, 315, 67, 68, NULL, 5, 2, '10-09-2022', 'he want bulk software', NULL, '2022-09-10 06:39:42', '2022-09-17 10:31:35'),
(307, 295, 58, 60, 'eating', 6, 3, '09-09-2022', 'eating', NULL, '2022-09-09 08:31:35', '2022-09-10 05:09:17'),
(308, 296, 58, 58, 'joking', 6, 3, '09-09-2022', 'joking', NULL, '2022-09-09 08:31:35', '2022-09-10 04:19:20'),
(309, 297, 58, 59, 'solving', 6, 2, '09-09-2022', 'solving', NULL, '2022-09-09 08:31:35', '2022-09-10 04:21:12'),
(310, 296, 58, 58, NULL, 6, 1, '10-09-2022', NULL, NULL, '2022-09-10 04:20:33', '2022-09-10 04:20:33'),
(316, 317, 2, 2, 'dsfsd', 6, 1, '08-09-2022', 'dsfsd', NULL, '2022-09-10 06:47:53', '2022-09-10 06:47:53'),
(317, 318, 2, 2, '', 6, 1, '08-09-2022', NULL, NULL, '2022-09-10 06:47:53', '2022-09-10 06:47:53'),
(318, 321, 2, 2, 'saad', 6, 1, '07-09-2022', 'saad', NULL, '2022-09-10 06:47:53', '2022-09-10 06:47:53'),
(319, 322, 2, 2, '', 6, 1, '07-09-2022', '', NULL, '2022-09-10 06:47:53', '2022-09-10 06:47:53'),
(320, 323, 2, 2, 'saad', 6, 1, '07-09-2022', 'saad', NULL, '2022-09-10 06:47:53', '2022-09-10 06:47:53'),
(321, 319, 2, 2, 'a', 6, 1, '08-09-2022', 'a', NULL, '2022-09-10 06:47:53', '2022-09-10 06:47:53'),
(322, 320, 2, 2, '', 6, 1, '07-09-2022', '', NULL, '2022-09-10 06:47:53', '2022-09-10 06:47:53'),
(323, 324, 2, 2, '', 6, 1, '07-09-2022', '', NULL, '2022-09-10 06:47:53', '2022-09-10 06:47:53'),
(324, 325, 2, 2, 'saad', 6, 1, '07-09-2022', 'saad', NULL, '2022-09-10 06:47:53', '2022-09-10 06:47:53'),
(325, 326, 2, 2, '', 6, 1, '06-09-2022', '', NULL, '2022-09-10 06:47:53', '2022-09-10 06:47:53'),
(326, 327, 2, 2, '', 6, 1, '06-09-2022', '', NULL, '2022-09-10 06:47:53', '2022-09-10 06:47:53'),
(327, 328, 2, 2, '', 6, 1, '05-09-2022', '', NULL, '2022-09-10 06:47:53', '2022-09-10 06:47:53'),
(328, 329, 2, 2, 'gdfg', 6, 1, '05-09-2022', 'gdfg', NULL, '2022-09-10 06:47:53', '2022-09-10 06:47:53'),
(329, 330, 2, 2, '', 6, 1, '05-09-2022', '', NULL, '2022-09-10 06:47:53', '2022-09-10 06:47:53'),
(330, 331, 2, 2, '', 6, 1, '02-09-2022', '', NULL, '2022-09-10 06:47:53', '2022-09-10 06:47:53'),
(331, 332, 2, 2, 'From WebSite', 6, 1, '01-09-2022', 'From WebSite', NULL, '2022-09-10 06:47:53', '2022-09-10 06:47:53'),
(332, 333, 2, 2, '', 6, 1, '31-08-2022', '', NULL, '2022-09-10 06:47:53', '2022-09-10 06:47:53'),
(333, 334, 2, 2, 'fdsfsfdfdf', 6, 1, '31-08-2022', 'fdsfsfdfdf', NULL, '2022-09-10 06:47:53', '2022-09-10 06:47:53'),
(335, 336, 2, 2, '', 6, 1, '25-08-2022', '', NULL, '2022-09-10 06:47:53', '2022-09-10 06:47:53'),
(336, 337, 2, 2, '', 6, 1, '27-08-2022', NULL, NULL, '2022-09-10 06:47:53', '2022-09-10 06:47:53'),
(337, 338, 2, 2, '', 6, 1, '25-08-2022', NULL, NULL, '2022-09-10 06:47:53', '2022-09-10 06:47:53'),
(338, 339, 2, 2, '', 6, 1, '24-08-2022', NULL, NULL, '2022-09-10 06:47:53', '2022-09-10 06:47:53'),
(339, 340, 2, 2, '', 6, 1, '27-08-2022', '', NULL, '2022-09-10 06:47:53', '2022-09-10 06:47:53'),
(340, 341, 2, 2, '', 6, 1, '21-08-2022', NULL, NULL, '2022-09-10 06:47:53', '2022-09-10 06:47:53'),
(341, 342, 2, 2, 'sdas', 6, 2, '03-08-2022', 'sdas', NULL, '2022-09-10 06:47:53', '2022-09-13 08:05:26'),
(352, 347, 2, 5, 'dfgfdg', 6, 82, '17-08-2022', 'dfgfdg', NULL, '2022-09-13 04:44:02', '2022-09-13 06:56:13'),
(343, 344, 2, 2, 'fghfg', 6, 2, '17-08-2022', 'fghfg', NULL, '2022-09-10 06:47:53', '2022-09-13 08:09:45'),
(344, 345, 2, 2, 'fdgd', 6, 3, '17-08-2022', 'fdgd', NULL, '2022-09-10 06:47:53', '2022-09-13 05:53:00'),
(345, 346, 2, 2, 'dfgdf', 6, 4, '17-08-2022', 'dfgdf', NULL, '2022-09-10 06:47:53', '2022-09-14 04:51:28'),
(346, 347, 2, 5, 'dfgfdg', 6, 3, '17-08-2022', 'dfgfdg', NULL, '2022-09-10 06:47:53', '2022-09-13 06:32:14'),
(347, 348, 2, 5, 'fghfg', 6, 4, '17-08-2022', 'fghfg', NULL, '2022-09-10 06:47:53', '2022-09-13 06:09:40'),
(348, 349, 2, 5, 'sdfsd', 6, 82, '17-08-2022', '', NULL, '2022-09-10 06:47:53', '2022-09-13 06:34:47'),
(349, 350, 67, 67, NULL, 6, 3, '10-09-2022', NULL, NULL, '2022-09-10 08:55:09', '2022-09-17 10:31:37'),
(350, 351, 67, 67, 'sxdf', 6, 2, '10-09-2022', 'sdfg', NULL, '2022-09-10 10:52:49', '2022-09-17 09:39:21'),
(521, 507, 67, 67, 'sdg', 6, 3, '26-07-2022', 'sdg', NULL, '2022-09-17 06:56:13', '2022-09-17 09:39:16'),
(353, 353, 2, 4, '123', 9, 3, '13-09-2022', '123564', NULL, '2022-09-13 05:41:45', '2022-09-16 06:20:23'),
(354, 347, 2, 5, 'dfgfdg', 6, 4, '17-08-2022', 'dfgfdg', NULL, '2022-09-13 06:12:33', '2022-09-13 06:30:28'),
(355, 347, 2, 5, 'dfgfdg', 6, 3, '17-08-2022', 'dfgfdg', NULL, '2022-09-13 06:12:39', '2022-09-13 06:34:12'),
(356, 347, 2, 5, 'dfgfdg', 6, 2, '17-08-2022', 'dfgfdg', NULL, '2022-09-13 06:12:44', '2022-09-13 08:20:33'),
(357, 354, 2, 2, 'saad', 6, 2, '13-09-2022', 'saad', NULL, '2022-09-13 06:57:00', '2022-09-14 06:30:25'),
(520, 506, 67, 67, 'sdfg', 6, 4, '26-07-2022', 'sdfg', NULL, '2022-09-17 06:56:13', '2022-09-17 09:39:17'),
(360, 362, 2, 2, '123', 6, 5, '13-09-2022', '123', NULL, '2022-09-13 09:53:17', '2022-09-13 10:07:41'),
(361, 358, 2, 2, 'saad', 6, 1, '13-09-2022', 'saad', NULL, '2022-09-13 09:53:17', '2022-09-13 09:53:17'),
(362, 357, 2, 2, '6767', 6, 1, '14-09-2022', '', NULL, '2022-09-13 09:53:17', '2022-09-13 10:08:37'),
(363, 359, 2, 2, 'dfgfdg', 6, 1, '17-08-2022', 'dfgfdg', NULL, '2022-09-13 09:53:17', '2022-09-13 09:53:17'),
(364, 360, 2, 2, 'dfgfdg', 6, 1, '17-08-2022', 'dfgfdg', NULL, '2022-09-13 09:53:17', '2022-09-13 09:53:17'),
(365, 361, 2, 2, 'dfgfdg', 6, 1, '17-08-2022', 'dfgfdg', NULL, '2022-09-13 09:53:17', '2022-09-13 09:53:17'),
(366, 363, 2, 2, 'dfgfdg', 6, 1, '17-08-2022', 'dfgfdg', NULL, '2022-09-13 09:53:17', '2022-09-13 09:53:17'),
(367, 364, 2, 2, 'sdfsd', 6, 1, '17-08-2022', '', NULL, '2022-09-13 09:53:17', '2022-09-13 09:53:17'),
(368, 365, 2, 2, 'fghfg', 6, 1, '17-08-2022', 'fghfg', NULL, '2022-09-13 09:53:17', '2022-09-13 09:53:17'),
(369, 366, 2, 2, 'dfgfdg', 6, 1, '17-08-2022', 'dfgfdg', NULL, '2022-09-13 09:53:17', '2022-09-13 09:53:17'),
(370, 367, 2, 2, 'dfgdf', 6, 1, '17-08-2022', 'dfgdf', NULL, '2022-09-13 09:53:17', '2022-09-13 09:53:17'),
(371, 368, 2, 2, 'fdgd', 6, 1, '17-08-2022', 'fdgd', NULL, '2022-09-13 09:53:17', '2022-09-13 09:53:17'),
(372, 369, 2, 2, 'fghfg', 6, 1, '17-08-2022', 'fghfg', NULL, '2022-09-13 09:53:17', '2022-09-13 09:53:17'),
(373, 370, 2, 2, 'sdas', 6, 1, '03-08-2022', 'sdas', NULL, '2022-09-13 09:53:17', '2022-09-13 09:53:17'),
(374, 371, 2, 2, '', 6, 1, '21-08-2022', '', NULL, '2022-09-13 09:53:17', '2022-09-13 09:53:17'),
(375, 372, 2, 2, '', 6, 1, '27-08-2022', '', NULL, '2022-09-13 09:53:17', '2022-09-13 09:53:17'),
(376, 373, 2, 2, '', 6, 1, '24-08-2022', '', NULL, '2022-09-13 09:53:17', '2022-09-13 09:53:17'),
(377, 374, 2, 2, '', 6, 1, '25-08-2022', '', NULL, '2022-09-13 09:53:17', '2022-09-13 09:53:17'),
(378, 375, 2, 2, '', 6, 1, '27-08-2022', '', NULL, '2022-09-13 09:53:17', '2022-09-13 09:53:17'),
(379, 376, 2, 2, '', 6, 1, '25-08-2022', '', NULL, '2022-09-13 09:53:17', '2022-09-13 09:53:17'),
(560, 546, 67, 67, 'asf', 6, 2, '20-07-2022', 'asf', NULL, '2022-09-17 06:56:13', '2022-09-17 06:58:29'),
(381, 378, 2, 2, 'fdsfsfdfdf', 6, 1, '31-08-2022', 'fdsfsfdfdf', NULL, '2022-09-13 09:53:17', '2022-09-13 09:53:17'),
(382, 379, 2, 2, '', 6, 1, '31-08-2022', '', NULL, '2022-09-13 09:53:17', '2022-09-13 09:53:17'),
(383, 380, 2, 2, 'From WebSite', 6, 1, '01-09-2022', 'From WebSite', NULL, '2022-09-13 09:53:17', '2022-09-13 09:53:17'),
(384, 381, 2, 2, '', 6, 1, '02-09-2022', '', NULL, '2022-09-13 09:53:17', '2022-09-13 09:53:17'),
(385, 382, 2, 2, '', 6, 1, '05-09-2022', '', NULL, '2022-09-13 09:53:17', '2022-09-13 09:53:17'),
(386, 383, 2, 2, 'gdfg', 6, 1, '05-09-2022', 'gdfg', NULL, '2022-09-13 09:53:17', '2022-09-14 03:45:15'),
(387, 384, 2, 2, '', 6, 1, '05-09-2022', '', NULL, '2022-09-13 09:53:17', '2022-09-13 09:53:17'),
(388, 385, 2, 2, '', 6, 1, '06-09-2022', '', NULL, '2022-09-13 09:53:17', '2022-09-13 09:53:17'),
(389, 386, 2, 2, '', 6, 1, '06-09-2022', '', NULL, '2022-09-13 09:53:17', '2022-09-13 09:53:17'),
(390, 387, 2, 2, 'saad', 6, 1, '07-09-2022', 'saad', NULL, '2022-09-13 09:53:17', '2022-09-13 09:53:17'),
(391, 388, 2, 2, '', 6, 1, '07-09-2022', '', NULL, '2022-09-13 09:53:17', '2022-09-13 09:53:17'),
(392, 389, 2, 2, '', 6, 1, '07-09-2022', '', NULL, '2022-09-13 09:53:17', '2022-09-13 09:53:17'),
(393, 390, 2, 2, 'a', 6, 1, '08-09-2022', 'a', NULL, '2022-09-13 09:53:17', '2022-09-13 09:53:17'),
(394, 391, 2, 2, 'saad', 6, 1, '07-09-2022', 'saad', NULL, '2022-09-13 09:53:17', '2022-09-13 09:53:17'),
(395, 392, 2, 2, '', 6, 1, '07-09-2022', '', NULL, '2022-09-13 09:53:17', '2022-09-13 09:53:17'),
(396, 393, 2, 2, 'saad', 6, 1, '07-09-2022', 'saad', NULL, '2022-09-13 09:53:17', '2022-09-13 09:53:17'),
(397, 394, 2, 2, '', 6, 1, '08-09-2022', '', NULL, '2022-09-13 09:53:17', '2022-09-13 09:53:17'),
(398, 395, 2, 2, 'dsfsd', 6, 1, '08-09-2022', 'dsfsd', NULL, '2022-09-13 09:53:17', '2022-09-13 09:53:17'),
(399, 396, 2, 2, 'gdfg', 6, 1, '10-09-2022', '', NULL, '2022-09-13 09:53:17', '2022-09-13 09:53:17'),
(400, 397, 2, 2, 'dsfsd', 6, 1, '08-09-2022', 'dsfsd', NULL, '2022-09-13 09:53:17', '2022-09-13 09:53:17'),
(401, 398, 2, 2, '', 6, 1, '08-09-2022', NULL, NULL, '2022-09-13 09:53:17', '2022-09-13 09:53:17'),
(402, 399, 2, 2, 'a', 6, 3, '08-09-2022', 'a', NULL, '2022-09-13 09:53:17', '2022-09-15 12:22:42'),
(403, 400, 2, 2, '', 6, 3, '07-09-2022', '', NULL, '2022-09-13 09:53:17', '2022-09-15 12:22:40'),
(404, 401, 2, 2, 'saad', 6, 3, '07-09-2022', 'saad', NULL, '2022-09-13 09:53:17', '2022-09-15 12:22:37'),
(405, 402, 2, 2, '', 6, 3, '07-09-2022', '', NULL, '2022-09-13 09:53:17', '2022-09-15 12:22:35'),
(406, 403, 2, 2, 'saad', 6, 3, '07-09-2022', 'saad', NULL, '2022-09-13 09:53:17', '2022-09-15 12:22:31'),
(407, 404, 2, 2, '', 6, 1, '07-09-2022', '', NULL, '2022-09-13 09:53:17', '2022-09-13 09:53:17'),
(408, 405, 2, 2, 'saad', 6, 3, '07-09-2022', 'saad', NULL, '2022-09-13 09:53:17', '2022-09-15 12:22:14'),
(409, 406, 2, 2, '', 6, 1, '06-09-2022', '', NULL, '2022-09-13 09:53:17', '2022-09-13 09:53:17'),
(410, 407, 2, 2, '', 6, 3, '06-09-2022', '', NULL, '2022-09-13 09:53:17', '2022-09-15 12:22:12'),
(411, 408, 2, 2, '', 6, 1, '05-09-2022', '', NULL, '2022-09-13 09:53:17', '2022-09-13 09:53:17'),
(412, 409, 2, 2, 'gdfg', 6, 3, '05-09-2022', 'gdfg', NULL, '2022-09-13 09:53:17', '2022-09-15 12:22:09'),
(413, 410, 2, 2, '', 6, 3, '05-09-2022', '', NULL, '2022-09-13 09:53:17', '2022-09-15 12:22:07'),
(414, 411, 2, 2, '', 6, 1, '02-09-2022', '', NULL, '2022-09-13 09:53:17', '2022-09-13 09:53:17'),
(415, 412, 2, 2, 'From WebSite', 6, 2, '01-09-2022', 'From WebSite', NULL, '2022-09-13 09:53:17', '2022-09-15 12:21:58'),
(416, 413, 2, 2, '', 6, 1, '31-08-2022', '', NULL, '2022-09-13 09:53:17', '2022-09-13 09:53:17'),
(417, 414, 2, 4, 'fdsfsfdfdf', 6, 1, '31-08-2022', 'fdsfsfdfdf', NULL, '2022-09-13 09:53:17', '2022-09-15 12:43:50'),
(419, 416, 2, 2, '', 7, 1, '25-08-2022', '', NULL, '2022-09-13 09:53:17', '2022-09-15 12:24:40'),
(420, 417, 2, 2, '', 6, 3, '27-08-2022', NULL, NULL, '2022-09-13 09:53:17', '2022-09-14 08:29:38'),
(421, 418, 2, 2, '', 6, 2, '25-08-2022', NULL, NULL, '2022-09-13 09:53:17', '2022-09-15 06:52:54'),
(422, 419, 2, 2, '', 6, 3, '24-08-2022', NULL, NULL, '2022-09-13 09:53:17', '2022-09-15 06:52:52'),
(423, 420, 2, 2, '', 6, 4, '27-08-2022', '', NULL, '2022-09-13 09:53:17', '2022-09-15 06:52:49'),
(424, 421, 2, 2, '', 6, 3, '21-08-2022', NULL, 'aaaa', '2022-09-13 09:53:17', '2022-09-14 12:40:00'),
(425, 422, 2, 2, 'sdas', 6, 2, '03-08-2022', 'sdas', NULL, '2022-09-13 09:53:17', '2022-09-16 05:25:39'),
(426, 423, 2, 2, 'saad', 6, 2, '03-08-2022', 'saad', 'sadsadasdsd', '2022-09-13 09:53:17', '2022-09-16 05:25:49'),
(435, 432, 2, 3, 'qqqq', 6, 3, '14-09-2022', 'qqq', NULL, '2022-09-14 09:17:26', '2022-09-17 11:56:45'),
(428, 425, 2, 3, 'fdgd', 6, 4, '17-08-2022', 'fdgd', NULL, '2022-09-13 09:53:17', '2022-09-17 11:56:45'),
(436, 433, 2, 3, 'gdfg', 6, 3, '14-09-2022', 'fdgdfgfgf', NULL, '2022-09-14 11:46:45', '2022-09-17 11:56:45'),
(438, 435, 2, 2, 'for enquiry', 7, 1, '16-09-2022', 'Just Chill!!!', NULL, '2022-09-16 04:20:34', '2022-09-17 05:30:26'),
(518, 509, 67, 67, 'cvn', 6, 3, '26-07-2022', 'cvn', NULL, '2022-09-17 06:56:13', '2022-09-17 09:39:20'),
(440, 437, 54, 54, 'rfgggd', 7, 1, '16-09-2022', 'gdgrgtrhtrgt', NULL, '2022-09-16 08:28:18', '2022-09-16 08:28:18'),
(441, 438, 54, 54, 'fgfffdhg', 6, 2, '16-09-2022', 'hgfvdfyugduisyfiusiefgysdfhisfh hgffhgjjfk gdghkjxhfh hgiodfhgifsdyt gjkdfjdhjffgu ihgefekgiueigb', NULL, '2022-09-16 08:29:25', '2022-09-16 08:40:17'),
(442, 439, 54, 54, 'fvdgg', 6, 1, '16-09-2022', 'gvfbgfgddd fdgfgd', NULL, '2022-09-16 08:42:00', '2022-09-16 08:42:00'),
(443, 440, 54, 66, NULL, 6, 1, '16-09-2022', 'gdhbgfhrf hgfhjjhfr', NULL, '2022-09-16 08:42:28', '2022-09-16 08:42:28'),
(444, 441, 54, 66, NULL, 6, 5, '16-09-2022', 'vdxfbhgf bgfbhfgfhg', NULL, '2022-09-16 08:42:53', '2022-09-16 08:42:53'),
(445, 442, 54, 54, NULL, 6, 3, '16-09-2022', 'knhjiofksms gftrtrghrrg', NULL, '2022-09-16 08:43:09', '2022-09-16 08:43:09'),
(446, 443, 54, 54, NULL, 8, 4, '16-09-2022', 'gdhg hrjttnnbjiu6y7i7 u6i70oiuouhdf', NULL, '2022-09-16 08:43:36', '2022-09-16 08:43:36'),
(447, 444, 54, 54, ',lnkjnblkdjhdv', 9, 5, '16-09-2022', 'gffd gdhdd gfhgth', NULL, '2022-09-16 08:44:12', '2022-09-16 08:44:12'),
(448, 0, 0, 0, NULL, 0, 0, '', NULL, NULL, '2022-09-16 12:24:06', '2022-09-16 12:24:06'),
(449, 0, 0, 0, NULL, 0, 0, '', NULL, NULL, '2022-09-16 12:25:14', '2022-09-16 12:25:14'),
(450, 0, 0, 0, NULL, 0, 0, '', NULL, NULL, '2022-09-16 12:30:03', '2022-09-16 12:30:03'),
(451, 0, 0, 0, NULL, 0, 0, '', NULL, NULL, '2022-09-16 12:39:16', '2022-09-16 12:39:16'),
(452, 0, 0, 0, NULL, 0, 0, '', NULL, NULL, '2022-09-16 12:43:38', '2022-09-16 12:43:38'),
(453, 0, 0, 0, NULL, 0, 0, '', NULL, NULL, '2022-09-16 12:44:39', '2022-09-16 12:44:39'),
(454, 0, 0, 0, NULL, 0, 0, '', NULL, NULL, '2022-09-16 12:44:47', '2022-09-16 12:44:47'),
(455, 0, 0, 0, NULL, 0, 0, '', NULL, NULL, '2022-09-16 12:45:52', '2022-09-16 12:45:52'),
(456, 0, 0, 0, NULL, 0, 0, '', NULL, NULL, '2022-09-17 04:46:35', '2022-09-17 04:46:35'),
(457, 0, 0, 0, NULL, 0, 0, '', NULL, NULL, '2022-09-17 04:47:46', '2022-09-17 04:47:46'),
(458, 0, 0, 0, NULL, 0, 0, '', NULL, NULL, '2022-09-17 04:52:08', '2022-09-17 04:52:08'),
(459, 445, 67, 67, 'raju', 6, 2, '17-09-2022', ' goli mar bheje mee', NULL, '2022-09-17 05:24:24', '2022-09-17 06:50:40'),
(460, 446, 2, 2, NULL, 6, 1, '17-09-2022', NULL, NULL, '2022-09-17 05:24:54', '2022-09-17 05:24:54'),
(559, 545, 67, 67, 'dfgh', 6, 3, '21-07-2022', 'dfgh', NULL, '2022-09-17 06:56:13', '2022-09-17 06:58:30'),
(558, 544, 67, 67, 'dtjhyj', 6, 4, '21-07-2022', 'dtjhyj', NULL, '2022-09-17 06:56:13', '2022-09-17 06:58:31'),
(557, 543, 67, 67, 'asf', 6, 1, '21-07-2022', 'asf', NULL, '2022-09-17 06:56:13', '2022-09-17 06:56:13'),
(529, 515, 67, 67, 'fdfdafdf', 6, 3, '23-07-2022', 'fdfdafdf', NULL, '2022-09-17 06:56:13', '2022-09-17 09:39:06'),
(528, 514, 67, 67, 'fdfdafdf', 6, 4, '23-07-2022', 'fdfdafdf', NULL, '2022-09-17 06:56:13', '2022-09-17 09:39:07'),
(527, 513, 67, 67, 'ert', 6, 1, '25-07-2022', 'ert', NULL, '2022-09-17 06:56:13', '2022-09-17 06:56:13'),
(526, 512, 67, 67, 'ert', 6, 2, '25-07-2022', 'ert', NULL, '2022-09-17 06:56:13', '2022-09-17 09:39:09'),
(525, 511, 67, 67, 'fdfdafdf', 6, 4, '25-07-2022', 'fdfdafdf', NULL, '2022-09-17 06:56:13', '2022-09-17 09:39:11'),
(524, 510, 67, 67, '32', 6, 1, '26-07-2022', '32', NULL, '2022-09-17 06:56:13', '2022-09-17 06:56:13'),
(523, 508, 67, 67, 'sdfg', 6, 1, '26-07-2022', 'sdfg', NULL, '2022-09-17 06:56:13', '2022-09-17 06:56:13'),
(531, 517, 67, 67, 'dtjhyj', 6, 2, '23-07-2022', 'dtjhyj', NULL, '2022-09-17 06:56:13', '2022-09-17 09:39:03'),
(577, 563, 2, 2, NULL, 6, 1, '19-09-2022', 'gdfg', NULL, '2022-09-19 05:37:47', '2022-09-19 05:37:47'),
(578, 564, 67, 68, NULL, 5, 2, '19-09-2022', 'he want bulk software', NULL, '2022-09-19 06:57:00', '2022-09-19 06:57:00'),
(561, 547, 67, 67, 'ert', 6, 1, '20-07-2022', 'ert', NULL, '2022-09-17 06:56:13', '2022-09-17 06:56:13'),
(562, 548, 67, 67, 'fdfdafdf', 6, 2, '20-07-2022', 'fdfdafdf', NULL, '2022-09-17 06:56:13', '2022-09-17 06:58:26'),
(563, 549, 67, 67, 'fdfdafdf', 6, 3, '19-07-2022', 'fdfdafdf', NULL, '2022-09-17 06:56:13', '2022-09-17 06:58:24'),
(564, 550, 67, 67, 'fdfdafdf', 6, 3, '17-09-2022', 'fdfdafdf', NULL, '2022-09-17 06:56:13', '2022-09-17 09:40:25'),
(576, 562, 3, 3, 'fg', 6, 1, '17-09-2022', 'gfdgdfg', NULL, '2022-09-17 11:51:03', '2022-09-17 11:51:03'),
(566, 552, 67, 67, 'pqr', 6, 4, '17-09-2022', 'pqr', NULL, '2022-09-17 06:56:13', '2022-09-17 09:40:00'),
(574, 560, 67, 67, 'asd', 6, 1, '17-09-2022', 'jhbjhh', NULL, '2022-09-17 09:28:08', '2022-09-17 10:25:17'),
(573, 559, 67, 68, NULL, 5, 4, '17-09-2022', 'he want bulk software', NULL, '2022-09-17 06:57:00', '2022-09-17 06:57:00');

-- --------------------------------------------------------

--
-- Table structure for table `lead_followup`
--

DROP TABLE IF EXISTS `lead_followup`;
CREATE TABLE IF NOT EXISTS `lead_followup` (
  `l_f_id` int NOT NULL AUTO_INCREMENT,
  `l_id` int NOT NULL,
  `comment` text NOT NULL,
  `next_followup_date` varchar(50) NOT NULL,
  `u_id` int NOT NULL,
  `created_at` timestamp NOT NULL DEFAULT CURRENT_TIMESTAMP,
  `updated_at` timestamp NOT NULL DEFAULT CURRENT_TIMESTAMP ON UPDATE CURRENT_TIMESTAMP,
  PRIMARY KEY (`l_f_id`)
) ENGINE=MyISAM AUTO_INCREMENT=144 DEFAULT CHARSET=utf8mb4 COLLATE=utf8mb4_0900_ai_ci;

--
-- Dumping data for table `lead_followup`
--

INSERT INTO `lead_followup` (`l_f_id`, `l_id`, `comment`, `next_followup_date`, `u_id`, `created_at`, `updated_at`) VALUES
(2, 17, 'dsad', '12-08-2022 4:14:00 pm', 2, '2022-08-04 10:44:43', '2022-08-04 10:44:43'),
(4, 14, 'aaas', '04-08-2022 4:21:00 pm', 2, '2022-08-04 10:51:43', '2022-08-04 10:51:43'),
(5, 15, 'asas', '05-08-2022 5:19:00 pm', 2, '2022-08-04 11:49:24', '2022-08-04 11:49:24'),
(6, 15, 'asas', '05-08-2022 2:11:00 pm', 2, '2022-08-05 08:41:46', '2022-08-05 08:41:46'),
(7, 16, 'asa', '06-08-2022 2:13:00 pm', 2, '2022-08-05 08:43:32', '2022-08-05 08:43:32'),
(8, 16, 'asas', '06-08-2022 2:15:00 pm', 2, '2022-08-05 08:45:27', '2022-08-05 08:45:27'),
(9, 16, 'dfsdf', '06-08-2022 9:50:00 am', 2, '2022-08-06 04:22:15', '2022-08-06 04:22:15'),
(10, 18, 'sdsd', '06-08-2022 9:52:00 am', 2, '2022-08-06 04:22:30', '2022-08-06 04:22:30'),
(11, 18, 'aaa', '06-08-2022 9:53:00 am', 2, '2022-08-06 04:23:31', '2022-08-06 04:23:31'),
(12, 20, 'asass', '06-08-2022 11:17:00 am', 2, '2022-08-06 05:47:16', '2022-08-06 05:47:16'),
(13, 21, 'hrth', '06-08-2022 4:10:00 pm', 2, '2022-08-06 10:40:47', '2022-08-06 10:40:47'),
(14, 32, 'asas', '16-08-2022 2:09:00 pm', 2, '2022-08-16 08:39:46', '2022-08-16 08:39:46'),
(15, 29, 'aa', '16-08-2022 2:34:00 pm', 2, '2022-08-16 09:04:57', '2022-08-16 09:04:57'),
(16, 29, 'asas', '16-08-2022 2:37:00 pm', 2, '2022-08-16 09:05:03', '2022-08-16 09:05:03'),
(17, 16, 'aaaaaa', '17-08-2022 3:51:00 pm', 2, '2022-08-16 10:21:16', '2022-08-16 10:21:16'),
(18, 33, 'aaa', '16-08-2022 4:32:00 pm', 2, '2022-08-16 11:02:57', '2022-08-16 11:02:57'),
(19, 33, 'asas', '16-08-2022 6:12:00 pm', 2, '2022-08-16 12:42:41', '2022-08-16 12:42:41'),
(20, 29, 'asas', '17-08-2022 6:13:00 pm', 2, '2022-08-16 12:43:41', '2022-08-16 12:43:41'),
(21, 32, 'ass', '16-08-2022 6:14:00 pm', 2, '2022-08-16 12:44:59', '2022-08-16 12:44:59'),
(22, 32, 'asas', '17-08-2022 6:16:00 pm', 2, '2022-08-16 12:46:45', '2022-08-16 12:46:45'),
(23, 29, 'aa', '18-08-2022 9:15:00 am', 2, '2022-08-17 03:45:37', '2022-08-17 03:45:37'),
(24, 34, 'aaa', '17-08-2022 10:17:00 am', 2, '2022-08-17 04:47:40', '2022-08-17 04:47:40'),
(25, 37, 'ww', '17-08-2022 10:47:00 am', 2, '2022-08-17 05:17:46', '2022-08-17 05:17:46'),
(26, 42, 'dsfsdf', '17-08-2022 3:43:00 pm', 2, '2022-08-17 10:13:12', '2022-08-17 10:13:12'),
(27, 47, 'call\n', '18-08-2022 9:02:00 am', 2, '2022-08-18 03:33:02', '2022-08-18 03:33:02'),
(44, 249, 'aaaa', '26-08-2022 9:52:00 am', 2, '2022-08-26 04:22:25', '2022-08-26 04:22:25'),
(45, 248, 'changu ne marvano che', '26-08-2022 10:22:00 am', 2, '2022-08-26 04:53:07', '2022-08-26 04:53:07'),
(32, 229, 'asas', '20-08-2022 1:36:00 pm', 2, '2022-08-20 08:06:17', '2022-08-20 08:06:17'),
(33, 222, 'asa', '20-08-2022 3:53:00 pm', 2, '2022-08-20 10:23:13', '2022-08-20 10:23:13'),
(34, 229, 'a', '20-08-2022 4:25:00 pm', 2, '2022-08-20 10:55:15', '2022-08-20 10:55:15'),
(35, 229, 'as', '20-08-2022 4:25:00 pm', 2, '2022-08-20 10:55:26', '2022-08-20 10:55:26'),
(36, 228, 'as', '21-08-2022 4:27:00 pm', 2, '2022-08-20 10:57:08', '2022-08-20 10:57:08'),
(37, 223, 'aa', '22-08-2022 4:23:00 pm', 2, '2022-08-22 10:53:32', '2022-08-22 10:53:32'),
(43, 249, 'asssa', '26-08-2022 12:45:00 am', 2, '2022-08-26 04:15:29', '2022-08-26 04:15:29'),
(40, 230, 'followup check\n', '23-08-2022 2:40:00 pm', 2, '2022-08-23 09:11:01', '2022-08-23 09:11:01'),
(42, 237, 'as', '25-08-2022 10:14:00 am', 2, '2022-08-25 04:44:31', '2022-08-25 04:44:31'),
(46, 92, 'as', '29-08-2022 3:49:00 pm', 2, '2022-08-29 10:19:20', '2022-08-29 10:19:20'),
(47, 92, '', '31-08-2022 9:50:00 pm', 2, '2022-08-29 12:20:49', '2022-08-29 12:20:49'),
(48, 253, 'sdsads', '20-09-2022 12:00:00 am', 2, '2022-08-31 10:19:48', '2022-09-17 08:47:27'),
(49, 253, 'gfgf', '01-09-2022 4:00:00 pm', 2, '2022-08-31 10:30:51', '2022-08-31 10:30:51'),
(50, 250, 'dfgfdg', '01-09-2022 4:01:00 pm', 2, '2022-08-31 10:31:29', '2022-08-31 10:31:29'),
(51, 247, '', '03-09-2022 12:00:00 am', 2, '2022-08-31 10:37:33', '2022-09-01 08:34:47'),
(52, 246, 'gvjhvj', '13-08-2022 4:07:00 pm', 2, '2022-08-31 10:37:45', '2022-08-31 10:37:45'),
(53, 254, 'tttt', '10-09-2022 12:00:00 am', 2, '2022-08-31 11:50:19', '2022-09-01 12:40:51'),
(143, 577, 'xadasd', '19-09-2022 11:20:00 am', 2, '2022-09-19 05:48:11', '2022-09-19 05:48:11'),
(56, 246, 'ttt', '02-09-2022 12:12:00 pm', 2, '2022-09-02 06:42:26', '2022-09-02 06:42:26'),
(57, 246, 'aa', '02-09-2022 3:12:00 pm', 2, '2022-09-02 09:42:46', '2022-09-02 09:42:46'),
(58, 257, 'qqq', '02-09-2022 4:58:00 pm', 2, '2022-09-02 11:29:39', '2022-09-02 11:29:39'),
(59, 253, 'ttttttttttt', '04-09-2022 5:22:00 pm', 2, '2022-09-02 11:52:56', '2022-09-02 11:52:56'),
(60, 253, '', '17-09-2022 2:19:00 pm', 2, '2022-09-03 05:49:51', '2022-09-03 05:49:51'),
(61, 270, 'a', '19-09-2022 12:00:00 am', 2, '2022-09-08 05:05:07', '2022-09-19 05:38:24'),
(62, 275, 'as', '20-09-2022 12:00:00 am', 2, '2022-09-08 05:53:02', '2022-09-17 08:47:28'),
(68, 308, '', '10-09-2022 3:00:00 pm', 59, '2022-09-09 08:40:34', '2022-09-09 08:40:34'),
(64, 277, 'rrtt', '09-09-2022 8:58:00 am', 2, '2022-09-09 03:28:11', '2022-09-09 03:28:11'),
(65, 273, 'rtrt', '09-09-2022 8:58:00 am', 2, '2022-09-09 03:28:18', '2022-09-09 03:28:18'),
(66, 0, 'aaaa', '09-09-2022 9:24:00 am', 2, '2022-09-09 03:54:59', '2022-09-09 03:54:59'),
(69, 308, '', '09-09-2022 4:00:00 pm', 59, '2022-09-09 08:42:00', '2022-09-09 08:42:00'),
(70, 309, 'fdfd', '10-09-2022 2:26:00 pm', 59, '2022-09-09 08:56:17', '2022-09-09 08:56:17'),
(71, 306, '', '17-09-2022 12:00:00 am', 58, '2022-09-09 11:01:29', '2022-09-10 05:07:32'),
(72, 306, '', '10-09-2022 4:47:00 pm', 58, '2022-09-09 11:17:06', '2022-09-09 11:17:06'),
(73, 0, 'call', '10-09-2022 9:48:00 am', 58, '2022-09-10 04:18:51', '2022-09-10 04:18:51'),
(82, 359, 'rfge', '20-09-2022 12:00:00 am', 2, '2022-09-13 09:15:40', '2022-09-17 08:47:24'),
(81, 359, 'test', '13-09-2022 2:43:00 pm', 2, '2022-09-13 09:13:13', '2022-09-13 09:13:13'),
(76, 275, 'fhdffgfcghcfhfghfghgh', '16-09-2022 10:17:00 am', 2, '2022-09-12 04:47:48', '2022-09-12 04:47:48'),
(77, 0, 'hello', '15-09-2022 10:46:00 am', 2, '2022-09-12 05:16:23', '2022-09-12 05:16:23'),
(78, 0, '', '', 2, '2022-09-12 05:34:46', '2022-09-12 05:34:46'),
(142, 459, '', '21-09-2022 2:57 PM', 67, '2022-09-17 09:27:27', '2022-09-17 09:27:27'),
(83, 359, 'tyhr', '13-09-2022 2:53:00 pm', 2, '2022-09-13 09:23:15', '2022-09-13 09:23:15'),
(84, 359, 'fvedged', '13-09-2022 2:55:00 pm', 2, '2022-09-13 09:25:57', '2022-09-13 09:25:57'),
(85, 359, '12', '13-09-2022 3:01:00 pm', 2, '2022-09-13 09:31:30', '2022-09-13 09:31:30'),
(86, 359, 'lo', '14-09-2022 3:08:00 pm', 2, '2022-09-13 09:38:49', '2022-09-13 09:38:49'),
(96, 357, 'hyhmk', '26-09-2022 12:00:00 am', 2, '2022-09-13 11:07:12', '2022-09-19 05:24:28'),
(104, 359, 'for notification', '16-09-2022 1:34:00 pm', 2, '2022-09-14 08:04:36', '2022-09-14 08:04:36'),
(94, 357, '4', '13-09-2022 4:35:00 pm', 2, '2022-09-13 11:05:55', '2022-09-13 11:05:55'),
(93, 357, '1454', '13-09-2022 4:34:00 pm', 2, '2022-09-13 11:04:56', '2022-09-13 11:04:56'),
(91, 433, 'tght', '13-09-2022 3:43:00 pm', 2, '2022-09-13 10:13:03', '2022-09-13 10:13:03'),
(92, 433, 'thbrtfh', '13-09-2022 3:43:00 pm', 2, '2022-09-13 10:13:18', '2022-09-13 10:13:18'),
(97, 357, '888888', '13-09-2022 4:37:00 pm', 2, '2022-09-13 11:07:57', '2022-09-13 11:07:57'),
(98, 270, '54', '13-09-2022 5:50:00 pm', 3, '2022-09-13 12:21:12', '2022-09-13 12:21:12'),
(99, 0, 'aaa', '14-09-2022 11:13:00 am', 2, '2022-09-14 05:43:34', '2022-09-14 05:43:34'),
(102, 429, 'aaa', '14-09-2022 11:42:00 am', 2, '2022-09-14 06:12:41', '2022-09-14 06:12:41'),
(105, 359, 'aaa', '16-09-2022 1:36:00 pm', 2, '2022-09-14 08:07:03', '2022-09-14 08:07:03'),
(106, 359, 'aaa', '15-09-2022 1:37:00 pm', 2, '2022-09-14 08:07:17', '2022-09-14 08:07:17'),
(107, 359, 'dsfsfddf', '16-09-2022 1:46:00 pm', 2, '2022-09-14 08:16:36', '2022-09-14 08:16:36'),
(108, 359, 'fffdsffd', '16-09-2022 1:46:00 pm', 2, '2022-09-14 08:16:45', '2022-09-14 08:16:45'),
(109, 359, 'sssss', '16-09-2022 2:03:00 pm', 2, '2022-09-14 08:33:48', '2022-09-14 08:33:48'),
(110, 359, 'aaaaa', '16-09-2022 2:03:00 pm', 2, '2022-09-14 08:33:56', '2022-09-14 08:33:56'),
(111, 359, 'sssss', '16-09-2022 2:05:00 pm', 2, '2022-09-14 08:35:40', '2022-09-14 08:35:40'),
(112, 359, 'aaa', '16-09-2022 2:05:00 pm', 2, '2022-09-14 08:36:11', '2022-09-14 08:36:11'),
(113, 359, 'eeeee', '16-09-2022 2:05:00 pm', 2, '2022-09-14 08:36:25', '2022-09-14 08:36:25'),
(114, 359, 'ssss', '16-09-2022 2:15:00 pm', 2, '2022-09-14 08:45:52', '2022-09-14 08:45:52'),
(115, 359, 'sdssds', '16-09-2022 2:21:00 pm', 2, '2022-09-14 08:51:43', '2022-09-14 08:51:43'),
(116, 359, 'sdssds', '16-09-2022 2:21:00 pm', 2, '2022-09-14 08:51:52', '2022-09-14 08:51:52'),
(117, 359, 'dsadsasdsa', '16-09-2022 2:21:00 pm', 2, '2022-09-14 08:52:00', '2022-09-14 08:52:00'),
(118, 359, 'fdfdfd', '18-09-2022 2:26:00 pm', 2, '2022-09-14 08:57:04', '2022-09-14 08:57:04'),
(119, 359, 'fffff', '16-09-2022 2:28:00 pm', 2, '2022-09-14 08:59:04', '2022-09-14 08:59:04'),
(120, 359, 'ddddd', '16-09-2022 2:28:00 pm', 2, '2022-09-14 08:59:11', '2022-09-14 08:59:11'),
(121, 359, 'frdfdfg', '16-09-2022 2:31:00 pm', 2, '2022-09-14 09:02:05', '2022-09-14 09:02:05'),
(122, 359, 'rrrrr', '24-09-2022 2:37:00 pm', 2, '2022-09-14 09:07:55', '2022-09-14 09:07:55'),
(123, 359, 'ssss', '24-09-2022 2:37:00 pm', 2, '2022-09-14 09:08:07', '2022-09-14 09:08:07'),
(124, 359, 'ddddd', '24-09-2022 2:37:00 pm', 2, '2022-09-14 09:08:19', '2022-09-14 09:08:19'),
(125, 359, 'hhh', '22-09-2022 2:41:00 pm', 2, '2022-09-14 09:11:51', '2022-09-14 09:11:51'),
(126, 359, 'hhhhh', '', 0, '2022-09-14 09:11:58', '2022-09-14 09:11:58'),
(127, 359, 'sssss', '24-09-2022 2:43:00 pm', 2, '2022-09-14 09:13:25', '2022-09-14 09:13:25'),
(128, 428, 'aaa', '24-09-2022 12:00:00 am', 2, '2022-09-14 09:15:35', '2022-09-14 11:03:32'),
(129, 417, 'nbvnbvnnbvvbn', '23-09-2022 6:13:00 pm', 2, '2022-09-15 12:44:02', '2022-09-15 12:44:02'),
(130, 426, 'fgfghgh', '25-09-2022 12:00:00 am', 2, '2022-09-16 05:26:03', '2022-09-19 05:24:33'),
(131, 441, 'bjvugfy hgfghuifyte jhgdknvdv;kxgyvyu jfoghuibjljb ojgfjndlfgjodfyhgidn  jgdgfohe8retygjd geghihidjofghoidfyig;dghie heiyuie jeohtueojg', '16-09-2022 5:10:00 pm', 54, '2022-09-16 08:34:38', '2022-09-16 08:34:38'),
(132, 440, 'hhghg gfhieuwrywkldffdsog erieiuhejnnvmfworyy3e htgeioytueoptujbgml;f jgoefreuo0gjodfkjghfe', '16-09-2022 2:04:00 pm', 54, '2022-09-16 08:34:59', '2022-09-16 08:34:59'),
(133, 426, 'gggggg', '16-09-2022 4:10:00 pm', 2, '2022-09-16 10:35:13', '2022-09-16 10:35:13'),
(134, 460, 'checking', '17-09-2022 11:00:00 am', 2, '2022-09-17 05:27:04', '2022-09-17 05:27:04'),
(135, 460, 'aaa', '17-09-2022 10:58:00 am', 2, '2022-09-17 05:28:50', '2022-09-17 05:28:50'),
(136, 460, 'aaa', '17-09-2022 10:59:00 am', 2, '2022-09-17 05:29:15', '2022-09-17 05:29:15'),
(137, 438, 'fdfddf', '17-09-2022 11:05:00 am', 2, '2022-09-17 05:29:28', '2022-09-17 05:29:28'),
(138, 438, 'aaa', '17-09-2022 10:59:00 am', 2, '2022-09-17 05:29:54', '2022-09-17 05:29:54'),
(139, 460, 'abc', '17-09-2022 11:00:00 am', 2, '2022-09-17 05:30:38', '2022-09-17 05:30:38'),
(140, 438, 'ddffdf', '17-09-2022 12:02:00 pm', 2, '2022-09-17 05:31:15', '2022-09-17 05:31:15'),
(141, 460, 'asas', '17-09-2022 11:01:00 am', 2, '2022-09-17 05:31:38', '2022-09-17 05:31:38');

-- --------------------------------------------------------

--
-- Table structure for table `lead_history`
--

DROP TABLE IF EXISTS `lead_history`;
CREATE TABLE IF NOT EXISTS `lead_history` (
  `l_h_id` int NOT NULL AUTO_INCREMENT,
  `l_id` int NOT NULL,
  `date` varchar(50) NOT NULL,
  `u_id` int NOT NULL,
  `description` varchar(200) CHARACTER SET utf8mb4 COLLATE utf8mb4_0900_ai_ci NOT NULL,
  `created_at` timestamp NOT NULL DEFAULT CURRENT_TIMESTAMP,
  `updated_at` timestamp NOT NULL DEFAULT CURRENT_TIMESTAMP ON UPDATE CURRENT_TIMESTAMP,
  PRIMARY KEY (`l_h_id`)
) ENGINE=MyISAM AUTO_INCREMENT=2288 DEFAULT CHARSET=utf8mb4 COLLATE=utf8mb4_0900_ai_ci;

--
-- Dumping data for table `lead_history`
--

INSERT INTO `lead_history` (`l_h_id`, `l_id`, `date`, `u_id`, `description`, `created_at`, `updated_at`) VALUES
(10, 20, '06-08-2022', 2, ' truelinesolution Store Add Next Followup Date undefined', '2022-08-06 05:47:26', '2022-08-06 05:47:26'),
(9, 20, '06-08-2022', 2, ' truelinesolution Store Add Next Followup Date 06-08-2022 11:17:00 am', '2022-08-06 05:47:16', '2022-08-06 05:47:16'),
(8, 20, '06-08-2022', 2, 'Lead Updated By truelinesolution Store', '2022-08-06 05:47:05', '2022-08-06 05:47:05'),
(7, 20, '06-08-2022', 2, 'Lead Created By truelinesolution Store', '2022-08-06 05:46:40', '2022-08-06 05:46:40'),
(11, 16, '06-08-2022', 2, ' truelinesolution Store Lead Assigned From mini staff To mini staff', '2022-08-06 05:52:13', '2022-08-06 05:52:13'),
(12, 16, '06-08-2022', 2, ' truelinesolution Store Lead Assigned From mini staff To vatsal staff', '2022-08-06 05:52:13', '2022-08-06 05:52:13'),
(13, 16, '06-08-2022', 2, ' truelinesolution Store Lead Assigned From mini staff To vatsal staff', '2022-08-06 05:52:32', '2022-08-06 05:52:32'),
(14, 21, '06-08-2022', 2, 'Lead Created By truelinesolution Store', '2022-08-06 09:47:20', '2022-08-06 09:47:20'),
(15, 21, '06-08-2022', 2, 'Lead Updated By truelinesolution Store', '2022-08-06 10:13:30', '2022-08-06 10:13:30'),
(16, 21, '06-08-2022', 2, ' truelinesolution Store Add Next Followup Date 06-08-2022 4:10:00 pm', '2022-08-06 10:40:47', '2022-08-06 10:40:47'),
(17, 19, '08-08-2022', 2, ' truelinesolution Store Status Updated From Confirm Lead To New Lead', '2022-08-08 03:45:00', '2022-08-08 03:45:00'),
(18, 19, '08-08-2022', 2, ' truelinesolution Store Status Updated From New Lead To Confirm Lead', '2022-08-08 03:45:11', '2022-08-08 03:45:11'),
(19, 19, '08-08-2022', 2, ' truelinesolution Store Status Updated From New Lead To Confirm Lead', '2022-08-08 03:46:57', '2022-08-08 03:46:57'),
(20, 19, '08-08-2022', 2, ' truelinesolution Store Status Updated From Confirm Lead To New Lead', '2022-08-08 03:47:14', '2022-08-08 03:47:14'),
(21, 22, '08-08-2022', 2, 'Lead Created By truelinesolution Store', '2022-08-08 06:03:57', '2022-08-08 06:03:57'),
(22, 21, '10-08-2022', 2, ' truelinesolution Store Status Updated From New Lead To Confirm Lead', '2022-08-10 03:51:00', '2022-08-10 03:51:00'),
(23, 24, '10-08-2022', 2, 'Lead Created By truelinesolution Store', '2022-08-10 05:04:52', '2022-08-10 05:04:52'),
(24, 21, '12-08-2022', 2, ' truelinesolution Store Status Updated From Confirm Lead To New Lead', '2022-08-12 11:26:18', '2022-08-12 11:26:18'),
(25, 21, '12-08-2022', 2, ' truelinesolution Store Status Updated From New Lead To Confirm Lead', '2022-08-12 11:26:19', '2022-08-12 11:26:19'),
(26, 16, '13-08-2022', 2, ' truelinesolution Store Status Updated From Confirm Lead To New Lead', '2022-08-13 12:07:33', '2022-08-13 12:07:33'),
(27, 16, '13-08-2022', 2, ' truelinesolution Store Status Updated From New Lead To Confirm Lead', '2022-08-13 12:33:50', '2022-08-13 12:33:50'),
(28, 15, '13-08-2022', 2, ' truelinesolution Store Status Updated From Confirm Lead To hi', '2022-08-13 12:33:54', '2022-08-13 12:33:54'),
(29, 20, '13-08-2022', 2, ' truelinesolution Store Status Updated From Confirm Lead To hi', '2022-08-13 12:33:56', '2022-08-13 12:33:56'),
(30, 7, '13-08-2022', 2, ' truelinesolution Store Status Updated From Confirm Lead To New Lead', '2022-08-13 12:33:58', '2022-08-13 12:33:58'),
(31, 14, '13-08-2022', 2, ' truelinesolution Store Status Updated From Confirm Lead To hi', '2022-08-13 12:34:05', '2022-08-13 12:34:05'),
(32, 7, '13-08-2022', 2, ' truelinesolution Store Status Updated From New Lead To Confirm Lead', '2022-08-13 12:34:54', '2022-08-13 12:34:54'),
(33, 16, '13-08-2022', 2, ' truelinesolution Store Status Updated From Confirm Lead To Confirm Lead', '2022-08-13 12:38:27', '2022-08-13 12:38:27'),
(34, 15, '13-08-2022', 2, ' truelinesolution Store Status Updated From hi To Confirm Lead', '2022-08-13 12:38:33', '2022-08-13 12:38:33'),
(35, 15, '13-08-2022', 2, ' truelinesolution Store Status Updated From Confirm Lead To hi', '2022-08-13 12:38:37', '2022-08-13 12:38:37'),
(36, 15, '13-08-2022', 2, ' truelinesolution Store Status Updated From hi To Confirm Lead', '2022-08-13 12:38:50', '2022-08-13 12:38:50'),
(37, 22, '13-08-2022', 2, ' truelinesolution Store Status Updated From New Lead To Confirm Lead', '2022-08-13 12:39:12', '2022-08-13 12:39:12'),
(38, 15, '13-08-2022', 2, ' truelinesolution Store Status Updated From Confirm Lead To hi', '2022-08-13 12:39:15', '2022-08-13 12:39:15'),
(39, 7, '13-08-2022', 2, ' truelinesolution Store Status Updated From Confirm Lead To New Lead', '2022-08-13 12:39:26', '2022-08-13 12:39:26'),
(40, 14, '13-08-2022', 2, ' truelinesolution Store Status Updated From hi To New Lead', '2022-08-13 12:39:29', '2022-08-13 12:39:29'),
(41, 16, '15-08-2022', 2, ' truelinesolution Store Status Updated From Confirm Lead To New Lead', '2022-08-15 07:55:43', '2022-08-15 07:55:43'),
(42, 20, '15-08-2022', 2, ' truelinesolution Store Status Updated From hi To Confirm Lead', '2022-08-15 07:55:44', '2022-08-15 07:55:44'),
(43, 15, '15-08-2022', 2, ' truelinesolution Store Status Updated From hi To Confirm Lead', '2022-08-15 07:55:46', '2022-08-15 07:55:46'),
(44, 16, '15-08-2022', 2, 'Lead Updated By truelinesolution Store', '2022-08-15 09:25:42', '2022-08-15 09:25:42'),
(45, 25, '15-08-2022', 2, 'Lead Created By truelinesolution Store', '2022-08-15 09:50:29', '2022-08-15 09:50:29'),
(46, 25, '15-08-2022', 2, ' truelinesolution Store Status Updated From New Lead To Confirm Lead', '2022-08-15 09:59:48', '2022-08-15 09:59:48'),
(47, 16, '15-08-2022', 2, ' truelinesolution Store Status Updated From New Lead To Confirm Lead', '2022-08-15 10:00:39', '2022-08-15 10:00:39'),
(48, 25, '15-08-2022', 2, ' truelinesolution Store Status Updated From Confirm Lead To New Lead', '2022-08-15 10:00:50', '2022-08-15 10:00:50'),
(49, 16, '15-08-2022', 2, ' truelinesolution Store Status Updated From Confirm Lead To New Lead', '2022-08-15 12:34:18', '2022-08-15 12:34:18'),
(50, 25, '15-08-2022', 2, ' truelinesolution Store Status Updated From New Lead To New Lead', '2022-08-15 12:36:49', '2022-08-15 12:36:49'),
(51, 16, '16-08-2022', 2, ' truelinesolution Store Status Updated From New Lead To Confirm Lead', '2022-08-16 03:53:41', '2022-08-16 03:53:41'),
(52, 15, '16-08-2022', 2, ' truelinesolution Store Status Updated From Confirm Lead To New Lead', '2022-08-16 03:53:42', '2022-08-16 03:53:42'),
(53, 16, '16-08-2022', 2, ' truelinesolution Store Status Updated From Confirm Lead To New Lead', '2022-08-16 03:53:47', '2022-08-16 03:53:47'),
(54, 16, '16-08-2022', 2, ' truelinesolution Store Status Updated From New Lead To Confirm Lead', '2022-08-16 03:54:00', '2022-08-16 03:54:00'),
(55, 25, '16-08-2022', 2, ' truelinesolution Store Status Updated From New Lead To Confirm Lead', '2022-08-16 03:54:06', '2022-08-16 03:54:06'),
(56, 16, '16-08-2022', 2, ' truelinesolution Store Status Updated From Confirm Lead To New Lead', '2022-08-16 03:54:07', '2022-08-16 03:54:07'),
(57, 15, '16-08-2022', 2, ' truelinesolution Store Status Updated From New Lead To Confirm Lead', '2022-08-16 05:05:00', '2022-08-16 05:05:00'),
(58, 26, '16-08-2022', 2, 'Lead Created By truelinesolution Store', '2022-08-16 05:35:35', '2022-08-16 05:35:35'),
(59, 27, '16-08-2022', 2, 'Lead Created By truelinesolution Store', '2022-08-16 06:40:19', '2022-08-16 06:40:19'),
(60, 28, '16-08-2022', 2, 'Lead Created By truelinesolution Store', '2022-08-16 06:49:21', '2022-08-16 06:49:21'),
(61, 29, '16-08-2022', 2, 'Lead Created By truelinesolution Store', '2022-08-16 06:51:28', '2022-08-16 06:51:28'),
(62, 30, '16-08-2022', 2, 'Lead Created By truelinesolution Store', '2022-08-16 06:52:12', '2022-08-16 06:52:12'),
(63, 31, '16-08-2022', 2, 'Lead Created By truelinesolution Store', '2022-08-16 07:01:00', '2022-08-16 07:01:00'),
(64, 32, '16-08-2022', 2, 'Lead Created By truelinesolution Store', '2022-08-16 08:30:10', '2022-08-16 08:30:10'),
(65, 33, '16-08-2022', 2, 'Lead Created By truelinesolution Store', '2022-08-16 08:34:02', '2022-08-16 08:34:02'),
(66, 32, '16-08-2022', 2, ' truelinesolution Store Add Next Followup Date 16-08-2022 2:09:00 pm', '2022-08-16 08:39:46', '2022-08-16 08:39:46'),
(67, 29, '16-08-2022', 2, ' truelinesolution Store Add Next Followup Date 16-08-2022 2:34:00 pm', '2022-08-16 09:04:57', '2022-08-16 09:04:57'),
(68, 29, '16-08-2022', 2, ' truelinesolution Store Add Next Followup Date 16-08-2022 2:37:00 pm', '2022-08-16 09:05:03', '2022-08-16 09:05:03'),
(69, 16, '16-08-2022', 2, ' truelinesolution Store Add Next Followup Date 17-08-2022 3:51:00 pm', '2022-08-16 10:21:16', '2022-08-16 10:21:16'),
(70, 16, '16-08-2022', 2, ' truelinesolution Store Lead Assigned From vatsal staff To mini staff', '2022-08-16 10:21:20', '2022-08-16 10:21:20'),
(71, 32, '16-08-2022', 2, ' truelinesolution Store Status Updated From New Lead To Confirm Lead', '2022-08-16 10:25:54', '2022-08-16 10:25:54'),
(72, 16, '16-08-2022', 2, ' truelinesolution Store Lead Assigned From mini staff To mini staff', '2022-08-16 10:32:11', '2022-08-16 10:32:11'),
(73, 16, '16-08-2022', 2, ' truelinesolution Store Lead Assigned From mini staff To mini staff', '2022-08-16 10:32:47', '2022-08-16 10:32:47'),
(74, 33, '16-08-2022', 2, ' truelinesolution Store Add Next Followup Date 16-08-2022 4:32:00 pm', '2022-08-16 11:02:57', '2022-08-16 11:02:57'),
(75, 33, '16-08-2022', 2, ' truelinesolution Store Lead Assigned From mini staff To tini staff', '2022-08-16 12:35:40', '2022-08-16 12:35:40'),
(76, 33, '16-08-2022', 2, ' truelinesolution Store Lead Assigned From tini staff To vatsal staff', '2022-08-16 12:36:02', '2022-08-16 12:36:02'),
(77, 33, '16-08-2022', 2, ' truelinesolution Store Lead Assigned From vatsal staff To jil staff', '2022-08-16 12:36:44', '2022-08-16 12:36:44'),
(78, 33, '16-08-2022', 2, ' truelinesolution Store Add Next Followup Date 16-08-2022 6:12:00 pm', '2022-08-16 12:42:41', '2022-08-16 12:42:41'),
(79, 29, '16-08-2022', 2, ' truelinesolution Store Add Next Followup Date 17-08-2022 6:13:00 pm', '2022-08-16 12:43:41', '2022-08-16 12:43:41'),
(80, 32, '16-08-2022', 2, ' truelinesolution Store Add Next Followup Date 16-08-2022 6:14:00 pm', '2022-08-16 12:44:59', '2022-08-16 12:44:59'),
(81, 32, '16-08-2022', 2, ' truelinesolution Store Add Next Followup Date 17-08-2022 6:16:00 pm', '2022-08-16 12:46:45', '2022-08-16 12:46:45'),
(82, 29, '17-08-2022', 2, ' truelinesolution Store Add Next Followup Date 18-08-2022 9:15:00 am', '2022-08-17 03:45:37', '2022-08-17 03:45:37'),
(83, 32, '17-08-2022', 2, ' truelinesolution Store Lead Assigned From jil staff To mini staff', '2022-08-17 03:45:57', '2022-08-17 03:45:57'),
(84, 32, '17-08-2022', 2, ' truelinesolution Store Lead Assigned From mini staff To vatsal staff', '2022-08-17 04:11:21', '2022-08-17 04:11:21'),
(85, 34, '17-08-2022', 2, 'Lead Created By truelinesolution Store', '2022-08-17 04:41:56', '2022-08-17 04:41:56'),
(86, 34, '17-08-2022', 2, ' truelinesolution Store Add Next Followup Date 17-08-2022 10:17:00 am', '2022-08-17 04:47:40', '2022-08-17 04:47:40'),
(87, 35, '17-08-2022', 2, 'Lead Created By truelinesolution Store', '2022-08-17 05:08:14', '2022-08-17 05:08:14'),
(88, 36, '17-08-2022', 2, 'Lead Created By truelinesolution Store', '2022-08-17 05:09:10', '2022-08-17 05:09:10'),
(89, 37, '17-08-2022', 2, 'Lead Created By truelinesolution Store', '2022-08-17 05:13:33', '2022-08-17 05:13:33'),
(90, 37, '17-08-2022', 2, ' truelinesolution Store Lead Assigned From tini staff To vatsal staff', '2022-08-17 05:14:04', '2022-08-17 05:14:04'),
(91, 37, '17-08-2022', 2, ' truelinesolution Store Lead Assigned From vatsal staff To vatsal staff', '2022-08-17 05:15:07', '2022-08-17 05:15:07'),
(92, 37, '17-08-2022', 2, ' truelinesolution Store Add Next Followup Date 17-08-2022 10:47:00 am', '2022-08-17 05:17:46', '2022-08-17 05:17:46'),
(93, 38, '17-08-2022', 2, 'Lead Created By truelinesolution Store', '2022-08-17 05:50:19', '2022-08-17 05:50:19'),
(94, 39, '17-08-2022', 2, 'Lead Created By truelinesolution Store', '2022-08-17 05:53:43', '2022-08-17 05:53:43'),
(95, 40, '17-08-2022', 2, 'Lead Created By truelinesolution Store', '2022-08-17 05:57:49', '2022-08-17 05:57:49'),
(96, 41, '17-08-2022', 2, 'Lead Created By truelinesolution Store', '2022-08-17 06:00:55', '2022-08-17 06:00:55'),
(97, 42, '17-08-2022', 2, 'Lead Created By truelinesolution Store', '2022-08-17 06:02:16', '2022-08-17 06:02:16'),
(98, 42, '17-08-2022', 2, 'Lead Updated By truelinesolution Store', '2022-08-17 06:03:25', '2022-08-17 06:03:25'),
(99, 33, '17-08-2022', 2, ' truelinesolution Store Status Updated From New Lead To Confirm Lead', '2022-08-17 06:09:05', '2022-08-17 06:09:05'),
(100, 39, '17-08-2022', 2, ' truelinesolution Store Status Updated From New Lead To Confirm Lead', '2022-08-17 06:09:12', '2022-08-17 06:09:12'),
(101, 36, '17-08-2022', 2, ' truelinesolution Store Status Updated From New Lead To Confirm Lead', '2022-08-17 06:09:13', '2022-08-17 06:09:13'),
(102, 16, '17-08-2022', 2, ' truelinesolution Store Status Updated From New Lead To Confirm Lead', '2022-08-17 06:09:13', '2022-08-17 06:09:13'),
(103, 34, '17-08-2022', 2, ' truelinesolution Store Status Updated From New Lead To Confirm Lead', '2022-08-17 06:09:13', '2022-08-17 06:09:13'),
(104, 40, '17-08-2022', 2, ' truelinesolution Store Status Updated From New Lead To Confirm Lead', '2022-08-17 06:09:14', '2022-08-17 06:09:14'),
(105, 38, '17-08-2022', 2, ' truelinesolution Store Status Updated From New Lead To Confirm Lead', '2022-08-17 06:09:14', '2022-08-17 06:09:14'),
(106, 41, '17-08-2022', 2, ' truelinesolution Store Status Updated From New Lead To Confirm Lead', '2022-08-17 06:09:14', '2022-08-17 06:09:14'),
(107, 42, '17-08-2022', 2, ' truelinesolution Store Status Updated From New Lead To Confirm Lead', '2022-08-17 06:09:15', '2022-08-17 06:09:15'),
(108, 39, '17-08-2022', 2, ' truelinesolution Store Status Updated From Confirm Lead To New Lead', '2022-08-17 06:09:17', '2022-08-17 06:09:17'),
(109, 36, '17-08-2022', 2, ' truelinesolution Store Status Updated From Confirm Lead To New Lead', '2022-08-17 06:09:18', '2022-08-17 06:09:18'),
(110, 16, '17-08-2022', 2, ' truelinesolution Store Status Updated From Confirm Lead To New Lead', '2022-08-17 06:09:18', '2022-08-17 06:09:18'),
(111, 15, '17-08-2022', 2, ' truelinesolution Store Status Updated From Confirm Lead To New Lead', '2022-08-17 06:09:19', '2022-08-17 06:09:19'),
(112, 29, '17-08-2022', 2, ' truelinesolution Store Status Updated From Confirm Lead To New Lead', '2022-08-17 08:14:18', '2022-08-17 08:14:18'),
(113, 34, '17-08-2022', 2, ' truelinesolution Store Status Updated From Confirm Lead To Confirm Lead', '2022-08-17 10:06:54', '2022-08-17 10:06:54'),
(114, 34, '17-08-2022', 2, ' truelinesolution Store Status Updated From Confirm Lead To Confirm Lead', '2022-08-17 10:07:06', '2022-08-17 10:07:06'),
(115, 34, '17-08-2022', 2, ' truelinesolution Store Status Updated From Confirm Lead To Confirm Lead', '2022-08-17 10:07:45', '2022-08-17 10:07:45'),
(116, 34, '17-08-2022', 2, 'Lead Updated By truelinesolution Store', '2022-08-17 10:08:21', '2022-08-17 10:08:21'),
(117, 40, '17-08-2022', 2, ' truelinesolution Store Status Updated From Confirm Lead To Confirm Lead', '2022-08-17 10:10:38', '2022-08-17 10:10:38'),
(118, 29, '17-08-2022', 2, ' truelinesolution Store Status Updated From New Lead To Confirm Lead', '2022-08-17 10:10:58', '2022-08-17 10:10:58'),
(119, 40, '17-08-2022', 2, ' truelinesolution Store Status Updated From Confirm Lead To Confirm Lead', '2022-08-17 10:11:42', '2022-08-17 10:11:42'),
(120, 15, '17-08-2022', 2, ' truelinesolution Store Status Updated From New Lead To Confirm Lead', '2022-08-17 10:12:05', '2022-08-17 10:12:05'),
(121, 15, '17-08-2022', 2, ' truelinesolution Store Status Updated From Confirm Lead To New Lead', '2022-08-17 10:12:12', '2022-08-17 10:12:12'),
(122, 41, '17-08-2022', 2, ' truelinesolution Store Status Updated From Confirm Lead To Confirm Lead', '2022-08-17 10:12:22', '2022-08-17 10:12:22'),
(123, 42, '17-08-2022', 2, ' truelinesolution Store Add Next Followup Date 17-08-2022 3:43:00 pm', '2022-08-17 10:13:12', '2022-08-17 10:13:12'),
(124, 43, '17-08-2022', 2, 'Lead Created By truelinesolution Store', '2022-08-17 10:14:38', '2022-08-17 10:14:38'),
(125, 15, '17-08-2022', 2, ' truelinesolution Store Status Updated From New Lead To Confirm Lead', '2022-08-17 10:14:42', '2022-08-17 10:14:42'),
(126, 44, '17-08-2022', 2, 'Lead Created By truelinesolution Store', '2022-08-17 10:15:33', '2022-08-17 10:15:33'),
(127, 45, '17-08-2022', 2, 'Lead Created By truelinesolution Store', '2022-08-17 10:15:52', '2022-08-17 10:15:52'),
(128, 46, '17-08-2022', 2, 'Lead Created By truelinesolution Store', '2022-08-17 10:16:13', '2022-08-17 10:16:13'),
(129, 15, '17-08-2022', 2, ' truelinesolution Store Status Updated From Confirm Lead To Confirm Lead', '2022-08-17 10:16:19', '2022-08-17 10:16:19'),
(130, 15, '17-08-2022', 2, ' truelinesolution Store Status Updated From Confirm Lead To New Lead', '2022-08-17 10:25:40', '2022-08-17 10:25:40'),
(131, 15, '17-08-2022', 2, ' truelinesolution Store Status Updated From New Lead To Confirm Lead', '2022-08-17 10:25:44', '2022-08-17 10:25:44'),
(132, 46, '17-08-2022', 2, ' truelinesolution Store Status Updated From Processing To Cancel', '2022-08-17 11:15:56', '2022-08-17 11:15:56'),
(133, 43, '17-08-2022', 2, ' truelinesolution Store Status Updated From Processing To New', '2022-08-17 11:16:09', '2022-08-17 11:16:09'),
(134, 43, '17-08-2022', 2, ' truelinesolution Store Status Updated From New To leadStatus_1', '2022-08-17 11:16:23', '2022-08-17 11:16:23'),
(135, 43, '17-08-2022', 2, ' truelinesolution Store Status Updated From leadStatus_1 To Confirm', '2022-08-17 11:16:31', '2022-08-17 11:16:31'),
(136, 43, '17-08-2022', 2, ' truelinesolution Store Status Updated From Confirm To Cancel', '2022-08-17 11:16:36', '2022-08-17 11:16:36'),
(137, 43, '17-08-2022', 2, ' truelinesolution Store Status Updated From Cancel To New', '2022-08-17 11:16:41', '2022-08-17 11:16:41'),
(138, 15, '17-08-2022', 2, ' truelinesolution Store Status Updated From Confirm To Cancel', '2022-08-17 11:17:58', '2022-08-17 11:17:58'),
(139, 46, '17-08-2022', 2, ' truelinesolution Store Status Updated From Cancel To Processing', '2022-08-17 11:29:16', '2022-08-17 11:29:16'),
(140, 46, '17-08-2022', 2, ' truelinesolution Store Status Updated From Processing To New', '2022-08-17 11:29:20', '2022-08-17 11:29:20'),
(141, 46, '17-08-2022', 2, ' truelinesolution Store Status Updated From New To Processing', '2022-08-17 11:34:52', '2022-08-17 11:34:52'),
(142, 46, '17-08-2022', 2, ' truelinesolution Store Status Updated From Processing To New', '2022-08-17 11:34:54', '2022-08-17 11:34:54'),
(143, 43, '17-08-2022', 2, 'Lead Updated By truelinesolution Store', '2022-08-17 11:38:27', '2022-08-17 11:38:27'),
(144, 45, '17-08-2022', 2, 'Lead Updated By truelinesolution Store', '2022-08-17 11:38:38', '2022-08-17 11:38:38'),
(145, 46, '17-08-2022', 2, ' truelinesolution Store Status Updated From New To Processing', '2022-08-17 11:43:12', '2022-08-17 11:43:12'),
(146, 46, '17-08-2022', 2, ' truelinesolution Store Status Updated From Processing To New', '2022-08-17 11:43:13', '2022-08-17 11:43:13'),
(147, 45, '17-08-2022', 2, ' truelinesolution Store Status Updated From Confirm To Confirm', '2022-08-17 11:44:41', '2022-08-17 11:44:41'),
(148, 45, '17-08-2022', 2, ' truelinesolution Store Status Updated From Confirm To Cancel', '2022-08-17 11:44:42', '2022-08-17 11:44:42'),
(149, 47, '17-08-2022', 2, 'Lead Created By truelinesolution Store', '2022-08-17 12:44:48', '2022-08-17 12:44:48'),
(338, 250, '27-08-2022', 3, 'Lead Updated By itachi uchiha', '2022-08-27 09:46:56', '2022-08-27 09:46:56'),
(339, 250, '27-08-2022', 3, 'Lead Updated By itachi uchiha', '2022-08-27 09:47:07', '2022-08-27 09:47:07'),
(153, 51, '17-08-2022', 2, 'Lead Created By truelinesolution Store', '2022-08-17 12:46:44', '2022-08-17 12:46:44'),
(154, 52, '17-08-2022', 2, 'Lead Created By truelinesolution Store', '2022-08-17 12:47:00', '2022-08-17 12:47:00'),
(160, 47, '18-08-2022', 2, ' truelinesolution Store Add Next Followup Date 18-08-2022 9:02:00 am', '2022-08-18 03:33:03', '2022-08-18 03:33:03'),
(337, 250, '27-08-2022', 3, 'Lead Updated By itachi uchiha', '2022-08-27 09:46:18', '2022-08-27 09:46:18'),
(333, 223, '26-08-2022', 2, ' truelinesolution Store Status Updated From Confirm To Cancel', '2022-08-26 05:48:04', '2022-08-26 05:48:04'),
(164, 94, '18-08-2022', 2, ' truelinesolution Store Status Updated From New To Cancel', '2022-08-18 08:37:57', '2022-08-18 08:37:57'),
(165, 92, '18-08-2022', 2, ' truelinesolution Store Status Updated From New To leadStatus_1', '2022-08-18 08:37:59', '2022-08-18 08:37:59'),
(166, 170, '17-08-2022', 2, 'Lead Created By truelinesolution Store', '2022-08-18 10:18:33', '2022-08-18 10:18:33'),
(167, 171, '17-08-2022', 2, 'Lead Created By truelinesolution Store', '2022-08-18 10:18:33', '2022-08-18 10:18:33'),
(168, 175, '03-08-2022', 2, 'Lead Created By truelinesolution Store', '2022-08-18 10:18:33', '2022-08-18 10:18:33'),
(169, 172, '17-08-2022', 2, 'Lead Created By truelinesolution Store', '2022-08-18 10:18:33', '2022-08-18 10:18:33'),
(170, 173, '17-08-2022', 2, 'Lead Created By truelinesolution Store', '2022-08-18 10:18:33', '2022-08-18 10:18:33'),
(171, 176, '17-08-2022', 2, 'Lead Created By truelinesolution Store', '2022-08-18 10:18:33', '2022-08-18 10:18:33'),
(172, 177, '17-08-2022', 2, 'Lead Created By truelinesolution Store', '2022-08-18 10:18:33', '2022-08-18 10:18:33'),
(173, 178, '03-08-2022', 2, 'Lead Created By truelinesolution Store', '2022-08-18 10:18:33', '2022-08-18 10:18:33'),
(174, 174, '17-08-2022', 2, 'Lead Created By truelinesolution Store', '2022-08-18 10:18:33', '2022-08-18 10:18:33'),
(175, 179, '17-08-2022', 2, 'Lead Created By truelinesolution Store', '2022-08-18 10:21:10', '2022-08-18 10:21:10'),
(176, 180, '17-08-2022', 2, 'Lead Created By truelinesolution Store', '2022-08-18 10:21:10', '2022-08-18 10:21:10'),
(177, 181, '17-08-2022', 2, 'Lead Created By truelinesolution Store', '2022-08-18 10:21:10', '2022-08-18 10:21:10'),
(178, 182, '17-08-2022', 2, 'Lead Created By truelinesolution Store', '2022-08-18 10:21:10', '2022-08-18 10:21:10'),
(179, 183, '03-08-2022', 2, 'Lead Created By truelinesolution Store', '2022-08-18 10:21:10', '2022-08-18 10:21:10'),
(180, 184, '03-08-2022', 2, 'Lead Created By truelinesolution Store', '2022-08-18 10:21:10', '2022-08-18 10:21:10'),
(181, 185, '17-08-2022', 2, 'Lead Created By truelinesolution Store', '2022-08-18 10:21:10', '2022-08-18 10:21:10'),
(182, 186, '17-08-2022', 2, 'Lead Created By truelinesolution Store', '2022-08-18 10:21:10', '2022-08-18 10:21:10'),
(183, 187, '17-08-2022', 2, 'Lead Created By truelinesolution Store', '2022-08-18 10:21:10', '2022-08-18 10:21:10'),
(184, 188, '17-08-2022', 2, 'Lead Created By truelinesolution Store', '2022-08-18 10:24:09', '2022-08-18 10:24:09'),
(185, 189, '17-08-2022', 2, 'Lead Created By truelinesolution Store', '2022-08-18 10:24:09', '2022-08-18 10:24:09'),
(186, 190, '17-08-2022', 2, 'Lead Created By truelinesolution Store', '2022-08-18 10:24:09', '2022-08-18 10:24:09'),
(187, 191, '17-08-2022', 2, 'Lead Created By truelinesolution Store', '2022-08-18 10:24:09', '2022-08-18 10:24:09'),
(188, 192, '17-08-2022', 2, 'Lead Created By truelinesolution Store', '2022-08-18 10:24:09', '2022-08-18 10:24:09'),
(189, 193, '17-08-2022', 2, 'Lead Created By truelinesolution Store', '2022-08-18 10:24:09', '2022-08-18 10:24:09'),
(190, 194, '03-08-2022', 2, 'Lead Created By truelinesolution Store', '2022-08-18 10:24:09', '2022-08-18 10:24:09'),
(191, 195, '03-08-2022', 2, 'Lead Created By truelinesolution Store', '2022-08-18 10:24:09', '2022-08-18 10:24:09'),
(192, 196, '17-08-2022', 2, 'Lead Created By truelinesolution Store', '2022-08-18 10:24:09', '2022-08-18 10:24:09'),
(193, 197, '17-08-2022', 2, 'Lead Created By truelinesolution Store', '2022-08-18 10:24:28', '2022-08-18 10:24:28'),
(194, 198, '17-08-2022', 2, 'Lead Created By truelinesolution Store', '2022-08-18 10:24:28', '2022-08-18 10:24:28'),
(195, 199, '17-08-2022', 2, 'Lead Created By truelinesolution Store', '2022-08-18 10:24:28', '2022-08-18 10:24:28'),
(196, 203, '17-08-2022', 2, 'Lead Created By truelinesolution Store', '2022-08-18 10:24:28', '2022-08-18 10:24:28'),
(197, 202, '03-08-2022', 2, 'Lead Created By truelinesolution Store', '2022-08-18 10:24:28', '2022-08-18 10:24:28'),
(198, 204, '17-08-2022', 2, 'Lead Created By truelinesolution Store', '2022-08-18 10:24:28', '2022-08-18 10:24:28'),
(199, 200, '17-08-2022', 2, 'Lead Created By truelinesolution Store', '2022-08-18 10:24:28', '2022-08-18 10:24:28'),
(200, 201, '17-08-2022', 2, 'Lead Created By truelinesolution Store', '2022-08-18 10:24:28', '2022-08-18 10:24:28'),
(201, 205, '03-08-2022', 2, 'Lead Created By truelinesolution Store', '2022-08-18 10:24:28', '2022-08-18 10:24:28'),
(202, 206, '17-08-2022', 2, 'Lead Created By truelinesolution Store', '2022-08-18 10:25:34', '2022-08-18 10:25:34'),
(203, 207, '17-08-2022', 2, 'Lead Created By truelinesolution Store', '2022-08-18 10:25:34', '2022-08-18 10:25:34'),
(204, 208, '17-08-2022', 2, 'Lead Created By truelinesolution Store', '2022-08-18 10:25:34', '2022-08-18 10:25:34'),
(205, 209, '17-08-2022', 2, 'Lead Created By truelinesolution Store', '2022-08-18 10:25:34', '2022-08-18 10:25:34'),
(207, 211, '17-08-2022', 2, 'Lead Created By truelinesolution Store', '2022-08-18 10:25:34', '2022-08-18 10:25:34'),
(208, 212, '03-08-2022', 2, 'Lead Created By truelinesolution Store', '2022-08-18 10:25:34', '2022-08-18 10:25:34'),
(210, 214, '17-08-2022', 2, 'Lead Created By truelinesolution Store', '2022-08-18 10:25:34', '2022-08-18 10:25:34'),
(327, 249, '25-08-2022', 2, 'Lead Created By truelinesolution Store', '2022-08-25 12:35:44', '2022-08-25 12:35:44'),
(212, 219, '17-08-2022', 2, 'Lead Created By truelinesolution Store', '2022-08-18 10:30:24', '2022-08-18 10:30:24'),
(336, 247, '27-08-2022', 2, ' truelinesolution Store Status Updated From New To Processing', '2022-08-27 04:31:56', '2022-08-27 04:31:56'),
(325, 247, '25-08-2022', 2, 'Lead Created By truelinesolution Store', '2022-08-25 11:22:56', '2022-08-25 11:22:56'),
(215, 217, '17-08-2022', 2, 'Lead Created By truelinesolution Store', '2022-08-18 10:30:24', '2022-08-18 10:30:24'),
(217, 221, '17-08-2022', 2, 'Lead Created By truelinesolution Store', '2022-08-18 10:30:24', '2022-08-18 10:30:24'),
(218, 222, '03-08-2022', 2, 'Lead Created By truelinesolution Store', '2022-08-18 10:30:24', '2022-08-18 10:30:24'),
(219, 223, '03-08-2022', 2, 'Lead Created By truelinesolution Store', '2022-08-18 10:30:24', '2022-08-18 10:30:24'),
(225, 16, '18-08-2022', 2, ' truelinesolution Store Status Updated From Processing To New', '2022-08-18 11:26:28', '2022-08-18 11:26:28'),
(226, 16, '18-08-2022', 2, ' truelinesolution Store Status Updated From New To Processing', '2022-08-18 11:26:31', '2022-08-18 11:26:31'),
(227, 219, '18-08-2022', 2, ' truelinesolution Store Status Updated From Processing To Processing', '2022-08-18 11:36:29', '2022-08-18 11:36:29'),
(228, 219, '18-08-2022', 2, ' truelinesolution Store Status Updated From Processing To Confirm', '2022-08-18 11:36:30', '2022-08-18 11:36:30'),
(229, 223, '18-08-2022', 2, ' truelinesolution Store Lead Assigned From tini staff To jil staff', '2022-08-18 11:38:30', '2022-08-18 11:38:30'),
(230, 223, '18-08-2022', 2, ' truelinesolution Store Lead Assigned From jil staff To mini staff', '2022-08-18 12:38:00', '2022-08-18 12:38:00'),
(231, 223, '20-08-2022', 2, ' truelinesolution Store Lead Assigned From mini staff To jil staff', '2022-08-20 05:55:40', '2022-08-20 05:55:40'),
(233, 226, '20-08-2022', 2, 'Lead Created By truelinesolution Store', '2022-08-20 06:50:00', '2022-08-20 06:50:00'),
(234, 227, '20-08-2022', 2, 'Lead Created By truelinesolution Store', '2022-08-20 06:51:31', '2022-08-20 06:51:31'),
(235, 228, '20-08-2022', 2, 'Lead Created By truelinesolution Store', '2022-08-20 06:59:05', '2022-08-20 06:59:05'),
(236, 229, '20-08-2022', 2, 'Lead Created By truelinesolution Store', '2022-08-20 07:47:51', '2022-08-20 07:47:51'),
(237, 217, '20-08-2022', 2, 'Lead Updated By truelinesolution Store', '2022-08-20 07:51:42', '2022-08-20 07:51:42'),
(238, 229, '20-08-2022', 2, 'Lead Updated By truelinesolution Store', '2022-08-20 07:51:49', '2022-08-20 07:51:49'),
(239, 229, '20-08-2022', 2, ' truelinesolution Store Add Next Followup Date 20-08-2022 1:36:00 pm', '2022-08-20 08:06:17', '2022-08-20 08:06:17'),
(240, 223, '20-08-2022', 2, ' truelinesolution Store Status Updated From Processing To Cancel', '2022-08-20 09:35:12', '2022-08-20 09:35:12'),
(241, 228, '20-08-2022', 2, ' truelinesolution Store Status Updated From null To New', '2022-08-20 09:38:10', '2022-08-20 09:38:10'),
(324, 246, '25-08-2022', 2, 'Lead Created By truelinesolution Store', '2022-08-25 11:20:54', '2022-08-25 11:20:54'),
(243, 222, '20-08-2022', 2, ' truelinesolution Store Add Next Followup Date 20-08-2022 3:53:00 pm', '2022-08-20 10:23:13', '2022-08-20 10:23:13'),
(326, 248, '25-08-2022', 2, 'Lead Created By truelinesolution Store', '2022-08-25 12:34:55', '2022-08-25 12:34:55'),
(245, 229, '20-08-2022', 2, 'Lead Updated By truelinesolution Store', '2022-08-20 10:28:36', '2022-08-20 10:28:36'),
(246, 229, '20-08-2022', 2, 'Lead Updated By truelinesolution Store', '2022-08-20 10:30:03', '2022-08-20 10:30:03'),
(247, 229, '20-08-2022', 2, 'Lead Updated By truelinesolution Store', '2022-08-20 10:42:56', '2022-08-20 10:42:56'),
(248, 229, '20-08-2022', 2, 'Lead Updated By truelinesolution Store', '2022-08-20 10:51:39', '2022-08-20 10:51:39'),
(249, 229, '20-08-2022', 2, ' truelinesolution Store Add Next Followup Date 20-08-2022 4:25:00 pm', '2022-08-20 10:55:15', '2022-08-20 10:55:15'),
(250, 229, '20-08-2022', 2, ' truelinesolution Store Add Next Followup Date 20-08-2022 4:25:00 pm', '2022-08-20 10:55:26', '2022-08-20 10:55:26'),
(251, 228, '20-08-2022', 2, ' truelinesolution Store Add Next Followup Date 21-08-2022 4:27:00 pm', '2022-08-20 10:57:08', '2022-08-20 10:57:08'),
(252, 228, '20-08-2022', 2, ' truelinesolution Store Lead Assigned From truelinesolution Store To tini staff', '2022-08-20 10:57:27', '2022-08-20 10:57:27'),
(253, 229, '20-08-2022', 2, 'Lead Updated By truelinesolution Store', '2022-08-20 10:58:02', '2022-08-20 10:58:02'),
(254, 230, '20-08-2022', 2, 'Lead Created By truelinesolution Store', '2022-08-20 11:01:28', '2022-08-20 11:01:28'),
(263, 230, '20-08-2022', 2, ' truelinesolution Store Status Updated From New To Confirm', '2022-08-20 11:54:27', '2022-08-20 11:54:27'),
(264, 228, '20-08-2022', 2, ' truelinesolution Store Status Updated From New To Processing', '2022-08-20 11:54:29', '2022-08-20 11:54:29'),
(265, 229, '20-08-2022', 2, ' truelinesolution Store Status Updated From New To Cancel', '2022-08-20 11:54:31', '2022-08-20 11:54:31'),
(266, 223, '20-08-2022', 2, ' truelinesolution Store Status Updated From Cancel To New', '2022-08-20 12:31:01', '2022-08-20 12:31:01'),
(267, 223, '20-08-2022', 2, ' truelinesolution Store Status Updated From New To Processing', '2022-08-20 12:31:08', '2022-08-20 12:31:08'),
(268, 229, '20-08-2022', 2, ' truelinesolution Store Status Updated From Cancel To New', '2022-08-20 12:31:50', '2022-08-20 12:31:50'),
(269, 229, '20-08-2022', 2, ' truelinesolution Store Status Updated From New To Processing', '2022-08-20 12:31:57', '2022-08-20 12:31:57'),
(270, 229, '20-08-2022', 2, ' truelinesolution Store Status Updated From Processing To Confirm', '2022-08-20 12:31:59', '2022-08-20 12:31:59'),
(271, 229, '20-08-2022', 2, ' truelinesolution Store Status Updated From Confirm To Cancel', '2022-08-20 12:32:01', '2022-08-20 12:32:01'),
(272, 228, '22-08-2022', 2, ' truelinesolution Store Status Updated From Processing Lead To Confirm', '2022-08-22 05:52:16', '2022-08-22 05:52:16'),
(273, 21, '22-08-2022', 3, ' tini staff Status Updated From Confirm Lead To Processing', '2022-08-22 09:21:32', '2022-08-22 09:21:32'),
(274, 21, '22-08-2022', 3, ' tini staff Status Updated From Processing Lead To Confirm', '2022-08-22 09:21:44', '2022-08-22 09:21:44'),
(275, 51, '22-08-2022', 3, ' tini new   staff abc Status Updated From Cancel Lead To leadStatus_1', '2022-08-22 10:14:46', '2022-08-22 10:14:46'),
(276, 228, '22-08-2022', 3, ' tini new   staff abc Status Updated From Confirm Lead To Cancel', '2022-08-22 10:15:25', '2022-08-22 10:15:25'),
(331, 249, '26-08-2022', 2, ' truelinesolution Store Status Updated From New To Processing', '2022-08-26 05:43:45', '2022-08-26 05:43:45'),
(332, 223, '26-08-2022', 2, ' truelinesolution Store Status Updated From Processing To Confirm', '2022-08-26 05:46:35', '2022-08-26 05:46:35'),
(285, 223, '22-08-2022', 2, ' truelinesolution Store Add Next Followup Date 22-08-2022 4:23:00 pm', '2022-08-22 10:53:32', '2022-08-22 10:53:32'),
(290, 219, '22-08-2022', 2, 'Lead Updated By truelinesolution Store', '2022-08-22 11:57:23', '2022-08-22 11:57:23'),
(293, 230, '22-08-2022', 2, ' truelinesolution Store Status Updated From Confirm Lead To Processing', '2022-08-22 12:47:57', '2022-08-22 12:47:57'),
(340, 250, '27-08-2022', 3, 'Lead Updated By itachi uchiha', '2022-08-27 09:47:14', '2022-08-27 09:47:14'),
(341, 251, '27-08-2022', 2, 'Lead Created By truelinesolution Store', '2022-08-27 09:49:33', '2022-08-27 09:49:33'),
(342, 251, '27-08-2022', 2, 'Lead Updated By truelinesolution Store', '2022-08-27 09:50:53', '2022-08-27 09:50:53'),
(299, 222, '23-08-2022', 3, ' itachi uchiha Status Updated From Processing Lead To New', '2022-08-23 08:46:10', '2022-08-23 08:46:10'),
(335, 248, '27-08-2022', 2, ' truelinesolution Store Status Updated From New To Processing', '2022-08-27 04:31:31', '2022-08-27 04:31:31'),
(301, 222, '23-08-2022', 3, ' itachi uchiha Status Updated From New Lead To Confirm', '2022-08-23 08:46:34', '2022-08-23 08:46:34'),
(334, 250, '26-08-2022', 3, 'Lead Created By itachi uchiha', '2022-08-26 09:51:39', '2022-08-26 09:51:39'),
(303, 230, '23-08-2022', 2, ' truelinesolution Store Add Next Followup Date 23-08-2022 2:40:00 pm', '2022-08-23 09:11:01', '2022-08-23 09:11:01'),
(304, 232, '23-08-2022', 6, 'Lead Created By sasuke uchiha', '2022-08-23 11:44:05', '2022-08-23 11:44:05'),
(305, 233, '23-08-2022', 6, 'Lead Created By sasuke uchiha', '2022-08-23 11:45:04', '2022-08-23 11:45:04'),
(306, 234, '23-08-2022', 6, 'Lead Created By sasuke uchiha', '2022-08-23 11:45:20', '2022-08-23 11:45:20'),
(307, 235, '23-08-2022', 6, 'Lead Created By sasuke uchiha', '2022-08-23 11:46:02', '2022-08-23 11:46:02'),
(308, 236, '23-08-2022', 6, 'Lead Created By sasuke uchiha', '2022-08-23 11:52:07', '2022-08-23 11:52:07'),
(309, 230, '23-08-2022', 2, ' truelinesolution Store Lead Assigned From truelinesolution Store To sasuke uchiha', '2022-08-23 12:12:05', '2022-08-23 12:12:05'),
(311, 237, '24-08-2022', 6, 'Lead Created By sasuke uchiha', '2022-08-24 06:30:11', '2022-08-24 06:30:11'),
(312, 237, '25-08-2022', 2, ' truelinesolution Store Add Next Followup Date 25-08-2022 10:14:00 am', '2022-08-25 04:44:31', '2022-08-25 04:44:31'),
(313, 237, '25-08-2022', 6, 'Lead Updated By sasuke uchiha', '2022-08-25 05:43:57', '2022-08-25 05:43:57'),
(314, 237, '25-08-2022', 6, 'Lead Updated By sasuke uchiha', '2022-08-25 06:19:26', '2022-08-25 06:19:26'),
(315, 237, '25-08-2022', 6, 'Lead Updated By sasuke uchiha', '2022-08-25 06:20:15', '2022-08-25 06:20:15'),
(330, 248, '26-08-2022', 2, ' truelinesolution Store Add Next Followup Date 26-08-2022 10:22:00 am', '2022-08-26 04:53:07', '2022-08-26 04:53:07'),
(317, 239, '25-08-2022', 2, 'Lead Created By truelinesolution Store', '2022-08-25 08:12:24', '2022-08-25 08:12:24'),
(318, 240, '25-08-2022', 2, 'Lead Created By truelinesolution Store', '2022-08-25 08:34:33', '2022-08-25 08:34:33'),
(329, 249, '26-08-2022', 2, ' truelinesolution Store Add Next Followup Date 26-08-2022 9:52:00 am', '2022-08-26 04:22:25', '2022-08-26 04:22:25'),
(328, 249, '26-08-2022', 2, ' truelinesolution Store Add Next Followup Date 26-08-2022 12:45:00 am', '2022-08-26 04:15:29', '2022-08-26 04:15:29'),
(343, 229, '27-08-2022', 2, ' truelinesolution Store Status Updated From Cancel Lead To leadStatus 1', '2022-08-27 12:15:15', '2022-08-27 12:15:15'),
(344, 229, '27-08-2022', 2, 'Lead Updated By truelinesolution Store', '2022-08-27 12:15:23', '2022-08-27 12:15:23'),
(345, 249, '27-08-2022', 2, ' truelinesolution Store Status Updated From Processing To Confirm', '2022-08-27 12:15:42', '2022-08-27 12:15:42'),
(346, 248, '27-08-2022', 2, ' truelinesolution Store Status Updated From Processing To Confirm', '2022-08-27 12:15:46', '2022-08-27 12:15:46'),
(347, 248, '27-08-2022', 2, ' truelinesolution Store Status Updated From Confirm To Processing', '2022-08-27 12:15:48', '2022-08-27 12:15:48'),
(348, 250, '27-08-2022', 2, ' truelinesolution Store Status Updated From New To Processing', '2022-08-27 12:16:45', '2022-08-27 12:16:45'),
(349, 250, '27-08-2022', 2, ' truelinesolution Store Status Updated From Processing To New', '2022-08-27 12:17:46', '2022-08-27 12:17:46'),
(350, 250, '27-08-2022', 2, ' truelinesolution Store Status Updated From New To Processing', '2022-08-27 12:17:49', '2022-08-27 12:17:49'),
(351, 250, '27-08-2022', 2, ' truelinesolution Store Status Updated From Processing To New', '2022-08-27 12:17:50', '2022-08-27 12:17:50'),
(352, 228, '27-08-2022', 2, ' truelinesolution Store Status Updated From Cancel To leadStatus 1', '2022-08-27 12:27:23', '2022-08-27 12:27:23'),
(353, 246, '29-08-2022', 2, ' truelinesolution Store Status Updated From New To Processing', '2022-08-29 05:28:19', '2022-08-29 05:28:19'),
(354, 237, '29-08-2022', 2, ' truelinesolution Store Lead Assigned From sasuke uchiha To truelinesolution Store', '2022-08-29 08:48:48', '2022-08-29 08:48:48'),
(355, 229, '29-08-2022', 2, ' truelinesolution Store Lead Assigned From truelinesolution Store To itachi uchiha', '2022-08-29 08:51:13', '2022-08-29 08:51:13'),
(356, 251, '29-08-2022', 2, ' truelinesolution Store Lead Assigned From truelinesolution Store To obito uchiha', '2022-08-29 08:52:46', '2022-08-29 08:52:46'),
(357, 251, '29-08-2022', 2, 'Lead Updated By truelinesolution Store', '2022-08-29 08:54:02', '2022-08-29 08:54:02'),
(358, 251, '29-08-2022', 2, 'Lead Updated By truelinesolution Store', '2022-08-29 08:54:15', '2022-08-29 08:54:15'),
(359, 251, '29-08-2022', 2, ' truelinesolution Store Status Updated From New To Confirm', '2022-08-29 08:58:56', '2022-08-29 08:58:56'),
(360, 251, '29-08-2022', 2, ' truelinesolution Store Status Updated From Confirm To Processing', '2022-08-29 09:01:45', '2022-08-29 09:01:45'),
(361, 251, '29-08-2022', 2, ' truelinesolution Store Status Updated From Confirm To Cancel', '2022-08-29 09:02:31', '2022-08-29 09:02:31'),
(362, 251, '29-08-2022', 2, 'Lead Updated By truelinesolution Store', '2022-08-29 09:03:21', '2022-08-29 09:03:21'),
(363, 251, '29-08-2022', 2, ' truelinesolution Store Status Updated From Cancel To Processing', '2022-08-29 09:06:29', '2022-08-29 09:06:29'),
(364, 251, '29-08-2022', 2, ' truelinesolution Store Status Updated From Processing To Processing', '2022-08-29 09:06:40', '2022-08-29 09:06:40'),
(365, 251, '29-08-2022', 2, ' truelinesolution Store Status Updated From Processing To Confirm', '2022-08-29 09:09:18', '2022-08-29 09:09:18'),
(366, 251, '29-08-2022', 2, ' truelinesolution Store Status Updated From Confirm To Processing', '2022-08-29 09:10:20', '2022-08-29 09:10:20'),
(367, 250, '29-08-2022', 2, ' truelinesolution Store Status Updated From New To Confirm', '2022-08-29 09:10:25', '2022-08-29 09:10:25'),
(368, 251, '29-08-2022', 2, ' truelinesolution Store Status Updated From Processing To Processing', '2022-08-29 09:12:28', '2022-08-29 09:12:28'),
(369, 251, '29-08-2022', 2, ' truelinesolution Store Status Updated From Processing To Cancel', '2022-08-29 09:12:29', '2022-08-29 09:12:29'),
(370, 251, '29-08-2022', 2, ' truelinesolution Store Status Updated From Cancel To Processing', '2022-08-29 09:20:34', '2022-08-29 09:20:34'),
(371, 251, '29-08-2022', 2, ' truelinesolution Store Status Updated From Processing To New', '2022-08-29 09:23:32', '2022-08-29 09:23:32'),
(372, 250, '29-08-2022', 2, ' truelinesolution Store Status Updated From Confirm To Processing', '2022-08-29 09:24:00', '2022-08-29 09:24:00'),
(373, 250, '29-08-2022', 2, ' truelinesolution Store Status Updated From Confirm To Processing', '2022-08-29 09:24:02', '2022-08-29 09:24:02'),
(374, 250, '29-08-2022', 2, ' truelinesolution Store Status Updated From Confirm To New', '2022-08-29 09:24:04', '2022-08-29 09:24:04'),
(375, 251, '29-08-2022', 2, 'Lead Updated By truelinesolution Store', '2022-08-29 09:24:15', '2022-08-29 09:24:15'),
(376, 251, '29-08-2022', 2, 'Lead Updated By truelinesolution Store', '2022-08-29 09:24:46', '2022-08-29 09:24:46'),
(377, 251, '29-08-2022', 2, ' truelinesolution Store Status Updated From New To Processing', '2022-08-29 09:25:40', '2022-08-29 09:25:40'),
(378, 251, '29-08-2022', 2, ' truelinesolution Store Status Updated From New To Processing', '2022-08-29 09:25:50', '2022-08-29 09:25:50'),
(379, 251, '29-08-2022', 2, ' truelinesolution Store Status Updated From Processing To Confirm', '2022-08-29 09:26:30', '2022-08-29 09:26:30'),
(380, 251, '29-08-2022', 2, ' truelinesolution Store Status Updated From Confirm To New', '2022-08-29 09:26:31', '2022-08-29 09:26:31'),
(381, 251, '29-08-2022', 2, ' truelinesolution Store Status Updated From New To Cancel', '2022-08-29 09:26:34', '2022-08-29 09:26:34'),
(382, 94, '29-08-2022', 2, ' truelinesolution Store Status Updated From Cancel To Cancel', '2022-08-29 09:26:39', '2022-08-29 09:26:39'),
(383, 94, '29-08-2022', 2, ' truelinesolution Store Status Updated From Cancel To Processing', '2022-08-29 09:26:41', '2022-08-29 09:26:41'),
(384, 92, '29-08-2022', 2, ' truelinesolution Store Status Updated From leadStatus 1 To New', '2022-08-29 09:26:43', '2022-08-29 09:26:43'),
(385, 251, '29-08-2022', 2, 'Lead Updated By truelinesolution Store', '2022-08-29 09:26:54', '2022-08-29 09:26:54'),
(386, 222, '29-08-2022', 2, 'Lead Updated By truelinesolution Store', '2022-08-29 09:27:00', '2022-08-29 09:27:00'),
(387, 251, '29-08-2022', 2, ' truelinesolution Store Status Updated From Cancel To Confirm', '2022-08-29 09:39:36', '2022-08-29 09:39:36'),
(388, 250, '29-08-2022', 2, ' truelinesolution Store Status Updated From New To Processing', '2022-08-29 09:39:39', '2022-08-29 09:39:39'),
(389, 248, '29-08-2022', 2, ' truelinesolution Store Status Updated From Processing To Cancel', '2022-08-29 09:39:44', '2022-08-29 09:39:44'),
(390, 251, '29-08-2022', 2, ' truelinesolution Store Status Updated From Confirm To Processing', '2022-08-29 09:40:08', '2022-08-29 09:40:08'),
(391, 250, '29-08-2022', 2, ' truelinesolution Store Status Updated From Processing To Processing', '2022-08-29 09:40:15', '2022-08-29 09:40:15'),
(392, 92, '29-08-2022', 2, ' truelinesolution Store Add Next Followup Date 29-08-2022 3:49:00 pm', '2022-08-29 10:19:20', '2022-08-29 10:19:20'),
(393, 251, '29-08-2022', 2, ' truelinesolution Store Status Updated From Processing To Processing', '2022-08-29 12:03:07', '2022-08-29 12:03:07'),
(394, 251, '29-08-2022', 2, ' truelinesolution Store Status Updated From Processing To Cancel', '2022-08-29 12:03:09', '2022-08-29 12:03:09'),
(395, 249, '29-08-2022', 2, ' truelinesolution Store Lead Assigned From truelinesolution Store To obito uchiha', '2022-08-29 12:03:16', '2022-08-29 12:03:16'),
(396, 249, '29-08-2022', 2, ' truelinesolution Store Lead Assigned From obito uchiha To nagato uchiha', '2022-08-29 12:03:28', '2022-08-29 12:03:28'),
(397, 92, '29-08-2022', 2, ' truelinesolution Store Lead Assigned From truelinesolution Store To sasuke uchiha', '2022-08-29 12:20:12', '2022-08-29 12:20:12'),
(398, 92, '29-08-2022', 2, ' truelinesolution Store Add Next Followup Date 31-08-2022 9:50:00 pm', '2022-08-29 12:20:49', '2022-08-29 12:20:49'),
(399, 251, '29-08-2022', 2, ' truelinesolution Store Status Updated From Cancel To Processing', '2022-08-29 12:56:37', '2022-08-29 12:56:37'),
(400, 251, '29-08-2022', 2, ' truelinesolution Store Status Updated From Processing To New', '2022-08-29 12:56:39', '2022-08-29 12:56:39'),
(401, 222, '29-08-2022', 2, ' truelinesolution Store Status Updated From Confirm To Confirm', '2022-08-29 12:56:46', '2022-08-29 12:56:46'),
(402, 222, '29-08-2022', 2, ' truelinesolution Store Status Updated From Confirm To leadStatus 1', '2022-08-29 12:56:48', '2022-08-29 12:56:48'),
(403, 222, '29-08-2022', 2, ' truelinesolution Store Status Updated From leadStatus 1 To New', '2022-08-29 12:56:50', '2022-08-29 12:56:50'),
(404, 252, '30-08-2022', 2, 'Lead Created By truelinesolution Store', '2022-08-30 03:52:51', '2022-08-30 03:52:51'),
(405, 237, '30-08-2022', 2, ' truelinesolution Store Status Updated From Confirm To Processing', '2022-08-30 03:54:47', '2022-08-30 03:54:47'),
(406, 229, '30-08-2022', 2, ' truelinesolution Store Status Updated From leadStatus 1 To Processing', '2022-08-30 10:10:33', '2022-08-30 10:10:33'),
(407, 228, '30-08-2022', 2, ' truelinesolution Store Status Updated From leadStatus 1 To New', '2022-08-30 10:10:37', '2022-08-30 10:10:37'),
(408, 223, '30-08-2022', 2, 'Lead Updated By truelinesolution Store', '2022-08-30 12:15:14', '2022-08-30 12:15:14'),
(409, 251, '31-08-2022', 2, 'Lead Updated By truelinesolution Store', '2022-08-31 05:00:20', '2022-08-31 05:00:20'),
(410, 251, '31-08-2022', 2, ' truelinesolution Store Status Updated From New Lead To Processing', '2022-08-31 06:54:55', '2022-08-31 06:54:55'),
(411, 252, '31-08-2022', 2, ' truelinesolution Store Status Updated From Processing Lead To New', '2022-08-31 06:54:57', '2022-08-31 06:54:57'),
(412, 249, '31-08-2022', 2, 'Lead Updated By truelinesolution Store', '2022-08-31 07:55:28', '2022-08-31 07:55:28'),
(413, 252, '31-08-2022', 2, 'Lead Updated By truelinesolution Store', '2022-08-31 07:57:20', '2022-08-31 07:57:20'),
(414, 252, '31-08-2022', 2, 'Lead Updated By truelinesolution Store', '2022-08-31 07:58:47', '2022-08-31 07:58:47'),
(415, 228, '31-08-2022', 2, ' truelinesolution Store Status Updated From New Lead To Processing', '2022-08-31 08:01:34', '2022-08-31 08:01:34'),
(416, 228, '31-08-2022', 2, ' truelinesolution Store Status Updated From New Lead To Processing', '2022-08-31 08:01:37', '2022-08-31 08:01:37'),
(417, 247, '31-08-2022', 2, 'Lead Updated By truelinesolution Store', '2022-08-31 08:16:47', '2022-08-31 08:16:47'),
(418, 228, '31-08-2022', 2, 'Lead Updated By truelinesolution Store', '2022-08-31 08:17:06', '2022-08-31 08:17:06'),
(419, 253, '31-08-2022', 2, 'Lead Created By truelinesolution Store', '2022-08-31 10:19:27', '2022-08-31 10:19:27'),
(420, 253, '31-08-2022', 2, ' truelinesolution Store Add Next Followup Date 01-09-2022 3:49:00 pm', '2022-08-31 10:19:48', '2022-08-31 10:19:48'),
(421, 253, '31-08-2022', 2, ' truelinesolution Store Lead Assigned From sasuke uchiha To obito uchiha', '2022-08-31 10:19:56', '2022-08-31 10:19:56'),
(422, 253, '31-08-2022', 2, ' truelinesolution Store Lead Assigned From obito uchiha To itachi uchiha', '2022-08-31 10:19:59', '2022-08-31 10:19:59'),
(423, 253, '31-08-2022', 2, ' truelinesolution Store Lead Assigned From itachi uchiha To obito uchiha', '2022-08-31 10:20:26', '2022-08-31 10:20:26'),
(424, 253, '31-08-2022', 2, ' truelinesolution Store Lead Assigned From obito uchiha To nagato uchiha', '2022-08-31 10:21:06', '2022-08-31 10:21:06'),
(425, 253, '31-08-2022', 2, ' truelinesolution Store Lead Assigned From nagato uchiha To obito uchiha', '2022-08-31 10:21:49', '2022-08-31 10:21:49'),
(426, 253, '31-08-2022', 2, ' truelinesolution Store Lead Assigned From obito uchiha To sasuke uchiha', '2022-08-31 10:21:53', '2022-08-31 10:21:53'),
(427, 248, '31-08-2022', 2, ' truelinesolution Store Status Updated From Cancel To Processing', '2022-08-31 10:24:07', '2022-08-31 10:24:07'),
(428, 248, '31-08-2022', 2, ' truelinesolution Store Status Updated From Processing To Cancel', '2022-08-31 10:24:10', '2022-08-31 10:24:10'),
(429, 250, '31-08-2022', 2, ' truelinesolution Store Status Updated From Processing To Confirm', '2022-08-31 10:30:27', '2022-08-31 10:30:27'),
(430, 253, '31-08-2022', 2, ' truelinesolution Store Add Next Followup Date 01-09-2022 4:00:00 pm', '2022-08-31 10:30:51', '2022-08-31 10:30:51'),
(431, 250, '31-08-2022', 2, ' truelinesolution Store Add Next Followup Date 01-09-2022 4:01:00 pm', '2022-08-31 10:31:29', '2022-08-31 10:31:29'),
(432, 253, '31-08-2022', 2, ' truelinesolution Store Lead Assigned From sasuke uchiha To nagato uchiha', '2022-08-31 10:32:05', '2022-08-31 10:32:05'),
(433, 247, '31-08-2022', 2, ' truelinesolution Store Add Next Followup Date 02-09-2022 4:07:00 pm', '2022-08-31 10:37:33', '2022-08-31 10:37:33'),
(434, 246, '31-08-2022', 2, ' truelinesolution Store Add Next Followup Date 13-08-2022 4:07:00 pm', '2022-08-31 10:37:45', '2022-08-31 10:37:45'),
(435, 217, '31-08-2022', 3, ' itachi uchiha Status Updated From Processing Lead To Confirm', '2022-08-31 11:14:29', '2022-08-31 11:14:29'),
(436, 250, '31-08-2022', 3, ' itachi uchiha Status Updated From Confirm Lead To Cancel', '2022-08-31 11:14:40', '2022-08-31 11:14:40'),
(437, 254, '31-08-2022', 2, 'Lead Created By truelinesolution Store', '2022-08-31 11:49:17', '2022-08-31 11:49:17'),
(438, 254, '31-08-2022', 2, ' truelinesolution Store Add Next Followup Date 31-08-2022 5:20:00 pm', '2022-08-31 11:50:19', '2022-08-31 11:50:19'),
(439, 0, '01-09-2022', 2, ' truelinesolution Store Lead Assigned From undefined To obito uchiha', '2022-09-01 10:14:11', '2022-09-01 10:14:11'),
(440, 255, '01-09-2022', 2, 'lead comes from website', '2022-09-01 11:46:46', '2022-09-01 11:46:46'),
(441, 256, '01-09-2022', 2, 'lead comes from website', '2022-09-01 11:49:14', '2022-09-01 11:49:14'),
(442, 257, '01-09-2022', 2, 'lead comes from website', '2022-09-01 11:50:10', '2022-09-01 11:50:10'),
(443, 92, '01-09-2022', 2, ' truelinesolution Store Status Updated From New To Confirm', '2022-09-01 11:56:20', '2022-09-01 11:56:20'),
(444, 92, '01-09-2022', 2, ' truelinesolution Store Status Updated From Confirm To leadStatus 1', '2022-09-01 11:56:25', '2022-09-01 11:56:25'),
(445, 92, '01-09-2022', 2, ' truelinesolution Store Status Updated From leadStatus 1 To Cancel', '2022-09-01 11:56:27', '2022-09-01 11:56:27'),
(451, 247, '02-09-2022', 2, ' truelinesolution Store Status Updated From Processing Lead To Cancel', '2022-09-02 04:31:11', '2022-09-02 04:31:11');
INSERT INTO `lead_history` (`l_h_id`, `l_id`, `date`, `u_id`, `description`, `created_at`, `updated_at`) VALUES
(2287, 578, '19-09-2022', 67, 'Lead Created By abc 1', '2022-09-19 06:57:00', '2022-09-19 06:57:00'),
(453, 257, '02-09-2022', 2, ' truelinesolution Store Status Updated From New Lead To Confirm', '2022-09-02 04:31:50', '2022-09-02 04:31:50'),
(454, 246, '02-09-2022', 2, ' truelinesolution Store Add Next Followup Date 02-09-2022 12:12:00 pm', '2022-09-02 06:42:26', '2022-09-02 06:42:26'),
(455, 237, '02-09-2022', 2, ' truelinesolution Store Status Updated From Processing Lead To New', '2022-09-02 09:18:16', '2022-09-02 09:18:16'),
(456, 248, '02-09-2022', 2, ' truelinesolution Store Status Updated From Cancel Lead To close by', '2022-09-02 09:38:07', '2022-09-02 09:38:07'),
(457, 246, '02-09-2022', 2, ' truelinesolution Store Add Next Followup Date 02-09-2022 3:12:00 pm', '2022-09-02 09:42:46', '2022-09-02 09:42:46'),
(458, 257, '02-09-2022', 2, ' truelinesolution Store Add Next Followup Date 02-09-2022 4:58:00 pm', '2022-09-02 11:29:39', '2022-09-02 11:29:39'),
(459, 257, '02-09-2022', 2, ' truelinesolution Store Lead Assigned From itachi uchiha To obito uchiha', '2022-09-02 11:40:03', '2022-09-02 11:40:03'),
(460, 254, '02-09-2022', 2, ' truelinesolution Store Lead Assigned From itachi uchiha To obito uchiha', '2022-09-02 11:45:49', '2022-09-02 11:45:49'),
(461, 253, '02-09-2022', 2, ' truelinesolution Store Add Next Followup Date 04-09-2022 5:22:00 pm', '2022-09-02 11:52:56', '2022-09-02 11:52:56'),
(462, 249, '03-09-2022', 2, ' truelinesolution Store Status Updated From Confirm Lead To close by', '2022-09-03 04:02:28', '2022-09-03 04:02:28'),
(463, 219, '03-09-2022', 2, ' truelinesolution Store Status Updated From Confirm Lead To close by', '2022-09-03 04:02:32', '2022-09-03 04:02:32'),
(464, 253, '03-09-2022', 2, ' truelinesolution Store Add Next Followup Date 17-09-2022 2:19:00 pm', '2022-09-03 05:49:51', '2022-09-03 05:49:51'),
(465, 246, '03-09-2022', 2, ' truelinesolution Store Status Updated From Processing Lead To Confirm', '2022-09-03 05:50:18', '2022-09-03 05:50:18'),
(466, 246, '03-09-2022', 2, ' truelinesolution Store Status Updated From Confirm Lead To Processing', '2022-09-03 05:50:20', '2022-09-03 05:50:20'),
(467, 247, '03-09-2022', 2, ' truelinesolution Store Status Updated From Cancel To New', '2022-09-03 08:42:44', '2022-09-03 08:42:44'),
(468, 246, '03-09-2022', 2, ' truelinesolution Store Lead Assigned From truelinesolution Store To obito uchiha', '2022-09-03 08:46:56', '2022-09-03 08:46:56'),
(469, 248, '03-09-2022', 2, ' truelinesolution Store Lead Assigned From truelinesolution Store To sasuke uchiha', '2022-09-03 08:47:06', '2022-09-03 08:47:06'),
(470, 229, '03-09-2022', 2, ' truelinesolution Store Status Updated From Processing Lead To Confirm', '2022-09-03 12:35:14', '2022-09-03 12:35:14'),
(471, 92, '03-09-2022', 2, ' truelinesolution Store Status Updated From Cancel Lead To Confirm', '2022-09-03 12:35:25', '2022-09-03 12:35:25'),
(472, 219, '03-09-2022', 2, ' truelinesolution Store Status Updated From close by Lead To Cancel', '2022-09-03 12:35:27', '2022-09-03 12:35:27'),
(473, 51, '03-09-2022', 2, ' truelinesolution Store Status Updated From close by Lead To Confirm', '2022-09-03 12:35:29', '2022-09-03 12:35:29'),
(2286, 577, '19-09-2022', 2, ' truelinesolution Store1 Add Next Followup Date 19-09-2022 11:20:00 am', '2022-09-19 05:48:11', '2022-09-19 05:48:11'),
(475, 256, '03-09-2022', 2, ' truelinesolution Store Status Updated From New To Confirm', '2022-09-03 12:37:18', '2022-09-03 12:37:18'),
(477, 262, '05-09-2022', 2, 'Lead Created By truelinesolution Store', '2022-09-05 12:37:16', '2022-09-05 12:37:16'),
(478, 263, '05-09-2022', 2, 'Lead Created By truelinesolution Store', '2022-09-05 12:38:07', '2022-09-05 12:38:07'),
(479, 264, '05-09-2022', 2, 'Lead Created By truelinesolution Store', '2022-09-05 12:38:21', '2022-09-05 12:38:21'),
(480, 265, '06-09-2022', 2, 'Lead Created By truelinesolution Store', '2022-09-06 05:41:36', '2022-09-06 05:41:36'),
(481, 266, '06-09-2022', 0, 'Lead Created By undefined', '2022-09-06 06:26:38', '2022-09-06 06:26:38'),
(482, 265, '06-09-2022', 2, ' truelinesolution Store Lead Assigned From truelinesolution Store To nagato uchiha', '2022-09-06 10:16:20', '2022-09-06 10:16:20'),
(483, 246, '06-09-2022', 2, ' truelinesolution Store Status Updated From Processing Lead To Confirm', '2022-09-06 10:25:36', '2022-09-06 10:25:36'),
(484, 246, '06-09-2022', 2, ' truelinesolution Store Status Updated From Processing Lead To Confirm', '2022-09-06 10:25:38', '2022-09-06 10:25:38'),
(485, 246, '06-09-2022', 2, ' truelinesolution Store Status Updated From Processing Lead To Confirm', '2022-09-06 10:25:42', '2022-09-06 10:25:42'),
(486, 92, '06-09-2022', 2, ' truelinesolution Store Status Updated From Confirm Lead To Processing', '2022-09-06 10:25:45', '2022-09-06 10:25:45'),
(487, 221, '06-09-2022', 2, ' truelinesolution Store Status Updated From Processing Lead To Confirm', '2022-09-06 10:25:49', '2022-09-06 10:25:49'),
(488, 246, '06-09-2022', 2, ' truelinesolution Store Status Updated From Processing Lead To Confirm', '2022-09-06 10:25:53', '2022-09-06 10:25:53'),
(489, 264, '06-09-2022', 2, ' truelinesolution Store Status Updated From New Lead To Processing', '2022-09-06 10:26:03', '2022-09-06 10:26:03'),
(490, 263, '06-09-2022', 2, ' truelinesolution Store Status Updated From New Lead To Processing', '2022-09-06 10:26:06', '2022-09-06 10:26:06'),
(491, 246, '06-09-2022', 2, ' truelinesolution Store Status Updated From Confirm Lead To Processing', '2022-09-06 10:26:12', '2022-09-06 10:26:12'),
(492, 229, '06-09-2022', 2, ' truelinesolution Store Status Updated From Confirm Lead To Processing', '2022-09-06 10:26:14', '2022-09-06 10:26:14'),
(493, 221, '06-09-2022', 2, ' truelinesolution Store Status Updated From Confirm Lead To Processing', '2022-09-06 10:26:16', '2022-09-06 10:26:16'),
(494, 217, '06-09-2022', 2, ' truelinesolution Store Status Updated From Confirm Lead To Processing', '2022-09-06 10:26:17', '2022-09-06 10:26:17'),
(2285, 577, '19-09-2022', 2, 'Lead Created By truelinesolution Store1', '2022-09-19 05:37:47', '2022-09-19 05:37:47'),
(496, 246, '06-09-2022', 2, ' truelinesolution Store Status Updated From Processing Lead To Confirm', '2022-09-06 10:26:23', '2022-09-06 10:26:23'),
(497, 256, '06-09-2022', 2, ' truelinesolution Store Status Updated From Confirm Lead To Cancel', '2022-09-06 10:26:25', '2022-09-06 10:26:25'),
(498, 246, '06-09-2022', 2, ' truelinesolution Store Status Updated From Confirm Lead To Cancel', '2022-09-06 10:26:28', '2022-09-06 10:26:28'),
(499, 229, '06-09-2022', 2, ' truelinesolution Store Status Updated From Processing Lead To Confirm', '2022-09-06 10:26:30', '2022-09-06 10:26:30'),
(500, 228, '06-09-2022', 2, ' truelinesolution Store Status Updated From Processing Lead To Confirm', '2022-09-06 10:26:33', '2022-09-06 10:26:33'),
(501, 248, '06-09-2022', 2, ' truelinesolution Store Status Updated From close by To close by', '2022-09-06 11:51:56', '2022-09-06 11:51:56'),
(502, 248, '06-09-2022', 2, ' truelinesolution Store Status Updated From close by To close by', '2022-09-06 11:51:58', '2022-09-06 11:51:58'),
(503, 248, '06-09-2022', 2, ' truelinesolution Store Status Updated From close by To close by', '2022-09-06 11:51:59', '2022-09-06 11:51:59'),
(504, 248, '06-09-2022', 2, ' truelinesolution Store Status Updated From close by To close by', '2022-09-06 11:52:15', '2022-09-06 11:52:15'),
(505, 263, '07-09-2022', 2, ' truelinesolution Store Status Updated From Processing Lead To Confirm', '2022-09-07 03:53:44', '2022-09-07 03:53:44'),
(506, 237, '07-09-2022', 2, ' truelinesolution Store Status Updated From New Lead To Processing', '2022-09-07 05:40:58', '2022-09-07 05:40:58'),
(507, 265, '07-09-2022', 2, ' truelinesolution Store Status Updated From New Lead To Processing', '2022-09-07 05:41:02', '2022-09-07 05:41:02'),
(508, 267, '07-09-2022', 2, 'Lead Created By truelinesolution Store', '2022-09-07 06:41:18', '2022-09-07 06:41:18'),
(509, 268, '07-09-2022', 2, 'Lead Created By truelinesolution Store', '2022-09-07 06:53:00', '2022-09-07 06:53:00'),
(510, 269, '07-09-2022', 2, 'Lead Created By truelinesolution Store', '2022-09-07 06:53:00', '2022-09-07 06:53:00'),
(511, 270, '07-09-2022', 2, 'Lead Created By truelinesolution Store', '2022-09-07 06:54:00', '2022-09-07 06:54:00'),
(512, 271, '07-09-2022', 2, 'Lead Created By truelinesolution Store', '2022-09-07 06:54:00', '2022-09-07 06:54:00'),
(1874, 422, '14-09-2022', 2, ' truelinesolution Store1 Status Updated From New To New', '2022-09-14 05:00:37', '2022-09-14 05:00:37'),
(514, 273, '07-09-2022', 2, 'Lead Created By truelinesolution Store', '2022-09-07 06:57:00', '2022-09-07 06:57:00'),
(515, 273, '07-09-2022', 2, ' truelinesolution Store Status Updated From Confirm To Processing', '2022-09-07 08:37:52', '2022-09-07 08:37:52'),
(516, 273, '07-09-2022', 2, ' truelinesolution Store Status Updated From Processing To Processing', '2022-09-07 08:40:32', '2022-09-07 08:40:32'),
(517, 273, '07-09-2022', 2, ' truelinesolution Store Status Updated From Processing To Confirm', '2022-09-07 08:40:36', '2022-09-07 08:40:36'),
(518, 273, '07-09-2022', 2, ' truelinesolution Store Status Updated From Confirm To Processing', '2022-09-07 10:29:28', '2022-09-07 10:29:28'),
(519, 221, '07-09-2022', 3, ' itachibbb uchiha Status Updated From Processing Lead To Confirm', '2022-09-07 10:46:07', '2022-09-07 10:46:07'),
(520, 217, '07-09-2022', 3, ' itachibbb uchiha Status Updated From Processing Lead To Cancel', '2022-09-07 10:46:08', '2022-09-07 10:46:08'),
(2284, 576, '17-09-2022', 3, 'Lead Created By itachi5 uchiha', '2022-09-17 11:51:03', '2022-09-17 11:51:03'),
(522, 229, '07-09-2022', 3, ' itachibbb uchiha Status Updated From Confirm Lead To Cancel', '2022-09-07 10:46:14', '2022-09-07 10:46:14'),
(523, 221, '07-09-2022', 3, ' itachibbb uchiha Status Updated From Confirm Lead To Processing', '2022-09-07 10:46:16', '2022-09-07 10:46:16'),
(525, 270, '08-09-2022', 2, ' truelinesolution Store Add Next Followup Date 08-09-2022 10:35:00 am', '2022-09-08 05:05:07', '2022-09-08 05:05:07'),
(526, 274, '08-09-2022', 2, 'Lead Created By truelinesolution Store', '2022-09-08 05:09:13', '2022-09-08 05:09:13'),
(527, 275, '08-09-2022', 2, 'Lead Created By truelinesolution Store', '2022-09-08 05:12:58', '2022-09-08 05:12:58'),
(528, 275, '08-09-2022', 2, ' truelinesolution Store1 Add Next Followup Date 08-09-2022 11:22:00 am', '2022-09-08 05:53:02', '2022-09-08 05:53:02'),
(529, 276, '08-09-2022', 2, 'Lead Created By truelinesolution Store1', '2022-09-08 06:28:32', '2022-09-08 06:28:32'),
(530, 277, '08-09-2022', 2, 'Lead Created By truelinesolution Store1', '2022-09-08 06:57:00', '2022-09-08 06:57:00'),
(531, 271, '08-09-2022', 2, ' truelinesolution Store Lead Assigned From itachibbb uchiha To obito uchiha', '2022-09-08 09:09:05', '2022-09-08 09:09:05'),
(532, 271, '08-09-2022', 2, ' truelinesolution Store Lead Assigned From obito uchiha To nagato uchiha', '2022-09-08 09:13:04', '2022-09-08 09:13:04'),
(533, 273, '08-09-2022', 2, ' truelinesolution Store Lead Assigned From itachibbb uchiha To nagato uchiha', '2022-09-08 09:18:14', '2022-09-08 09:18:14'),
(534, 277, '08-09-2022', 2, ' truelinesolution Store1 Status Updated From New To Processing', '2022-09-08 11:20:06', '2022-09-08 11:20:06'),
(535, 277, '08-09-2022', 2, ' truelinesolution Store1 Status Updated From Processing To New', '2022-09-08 11:20:09', '2022-09-08 11:20:09'),
(536, 277, '08-09-2022', 2, ' truelinesolution Store1 Status Updated From New Lead To Processing', '2022-09-08 11:25:35', '2022-09-08 11:25:35'),
(537, 277, '08-09-2022', 2, ' truelinesolution Store1 Status Updated From Processing Lead To New', '2022-09-08 11:29:37', '2022-09-08 11:29:37'),
(538, 277, '08-09-2022', 2, ' truelinesolution Store1 Status Updated From New Lead To Processing', '2022-09-08 11:34:10', '2022-09-08 11:34:10'),
(539, 277, '08-09-2022', 2, ' truelinesolution Store1 Status Updated From New Lead To Processing', '2022-09-08 11:34:33', '2022-09-08 11:34:33'),
(540, 277, '08-09-2022', 2, ' truelinesolution Store1 Status Updated From New Lead To Processing', '2022-09-08 11:35:11', '2022-09-08 11:35:11'),
(541, 277, '08-09-2022', 2, ' truelinesolution Store1 Status Updated From Processing Lead To New', '2022-09-08 11:35:23', '2022-09-08 11:35:23'),
(542, 277, '08-09-2022', 2, ' truelinesolution Store1 Status Updated From New Lead To Processing', '2022-09-08 11:37:00', '2022-09-08 11:37:00'),
(543, 277, '08-09-2022', 2, ' truelinesolution Store1 Status Updated From Processing Lead To New', '2022-09-08 11:37:29', '2022-09-08 11:37:29'),
(544, 277, '08-09-2022', 2, ' truelinesolution Store1 Status Updated From New Lead To Processing', '2022-09-08 11:37:33', '2022-09-08 11:37:33'),
(545, 263, '08-09-2022', 2, ' truelinesolution Store1 Status Updated From Confirm Lead To Processing', '2022-09-08 11:37:48', '2022-09-08 11:37:48'),
(546, 277, '08-09-2022', 2, ' truelinesolution Store1 Status Updated From Processing Lead To Confirm', '2022-09-08 11:37:52', '2022-09-08 11:37:52'),
(547, 277, '08-09-2022', 2, ' truelinesolution Store1 Status Updated From Processing Lead To Confirm', '2022-09-08 11:37:54', '2022-09-08 11:37:54'),
(548, 263, '08-09-2022', 2, ' truelinesolution Store1 Status Updated From Processing Lead To Confirm', '2022-09-08 11:37:56', '2022-09-08 11:37:56'),
(549, 263, '08-09-2022', 2, ' truelinesolution Store1 Status Updated From Processing Lead To New', '2022-09-08 11:38:04', '2022-09-08 11:38:04'),
(550, 263, '08-09-2022', 2, ' truelinesolution Store1 Status Updated From Confirm Lead To New', '2022-09-08 11:38:09', '2022-09-08 11:38:09'),
(551, 270, '08-09-2022', 2, ' truelinesolution Store1 Status Updated From New Lead To Processing', '2022-09-08 11:39:31', '2022-09-08 11:39:31'),
(552, 270, '08-09-2022', 2, ' truelinesolution Store1 Status Updated From Processing Lead To New', '2022-09-08 11:41:24', '2022-09-08 11:41:24'),
(553, 270, '08-09-2022', 2, ' truelinesolution Store1 Status Updated From Processing Lead To New', '2022-09-08 11:44:30', '2022-09-08 11:44:30'),
(554, 270, '08-09-2022', 2, ' truelinesolution Store1 Status Updated From New Lead To Processing', '2022-09-08 11:44:33', '2022-09-08 11:44:33'),
(555, 270, '08-09-2022', 2, ' truelinesolution Store1 Status Updated From New Lead To Processing', '2022-09-08 11:44:35', '2022-09-08 11:44:35'),
(556, 270, '08-09-2022', 2, ' truelinesolution Store1 Status Updated From Processing Lead To New', '2022-09-08 11:44:50', '2022-09-08 11:44:50'),
(557, 270, '08-09-2022', 2, ' truelinesolution Store1 Status Updated From Processing Lead To New', '2022-09-08 11:44:51', '2022-09-08 11:44:51'),
(558, 270, '08-09-2022', 2, ' truelinesolution Store1 Status Updated From New Lead To Processing', '2022-09-08 11:44:53', '2022-09-08 11:44:53'),
(559, 277, '08-09-2022', 2, ' truelinesolution Store1 Status Updated From Confirm Lead To Processing', '2022-09-08 11:44:55', '2022-09-08 11:44:55'),
(560, 269, '08-09-2022', 2, ' truelinesolution Store1 Status Updated From Confirm Lead To Processing', '2022-09-08 11:59:33', '2022-09-08 11:59:33'),
(561, 265, '08-09-2022', 2, ' truelinesolution Store1 Status Updated From Processing Lead To Confirm', '2022-09-08 12:01:20', '2022-09-08 12:01:20'),
(562, 271, '08-09-2022', 2, ' truelinesolution Store1 Status Updated From Confirm Lead To Processing', '2022-09-08 12:08:51', '2022-09-08 12:08:51'),
(563, 265, '08-09-2022', 2, ' truelinesolution Store1 Status Updated From Confirm Lead To Processing', '2022-09-08 12:08:52', '2022-09-08 12:08:52'),
(564, 228, '08-09-2022', 2, ' truelinesolution Store1 Status Updated From Confirm Lead To Processing', '2022-09-08 12:08:54', '2022-09-08 12:08:54'),
(565, 51, '08-09-2022', 2, ' truelinesolution Store1 Status Updated From Confirm Lead To Processing', '2022-09-08 12:08:55', '2022-09-08 12:08:55'),
(566, 277, '08-09-2022', 2, ' truelinesolution Store1 Status Updated From Processing Lead To Confirm', '2022-09-08 12:08:58', '2022-09-08 12:08:58'),
(567, 273, '08-09-2022', 2, ' truelinesolution Store1 Status Updated From Processing Lead To Confirm', '2022-09-08 12:09:00', '2022-09-08 12:09:00'),
(568, 271, '08-09-2022', 2, ' truelinesolution Store1 Status Updated From Processing Lead To Confirm', '2022-09-08 12:09:02', '2022-09-08 12:09:02'),
(569, 277, '08-09-2022', 2, ' truelinesolution Store1 Status Updated From Confirm Lead To Processing', '2022-09-08 12:11:37', '2022-09-08 12:11:37'),
(570, 256, '08-09-2022', 2, ' truelinesolution Store1 Status Updated From Cancel Lead To Confirm', '2022-09-08 12:11:41', '2022-09-08 12:11:41'),
(571, 270, '08-09-2022', 2, ' truelinesolution Store1 Status Updated From Processing Lead To Confirm', '2022-09-08 12:11:53', '2022-09-08 12:11:53'),
(572, 277, '08-09-2022', 2, ' truelinesolution Store1 Status Updated From Processing Lead To Confirm', '2022-09-08 12:14:59', '2022-09-08 12:14:59'),
(573, 270, '08-09-2022', 2, ' truelinesolution Store1 Status Updated From Confirm Lead To Processing', '2022-09-08 12:15:01', '2022-09-08 12:15:01'),
(574, 270, '08-09-2022', 2, ' truelinesolution Store1 Status Updated From Confirm Lead To Processing', '2022-09-08 12:15:03', '2022-09-08 12:15:03'),
(575, 270, '08-09-2022', 2, ' truelinesolution Store1 Status Updated From Confirm Lead To Processing', '2022-09-08 12:15:05', '2022-09-08 12:15:05'),
(576, 263, '08-09-2022', 2, ' truelinesolution Store1 Status Updated From New Lead To Processing', '2022-09-08 12:18:44', '2022-09-08 12:18:44'),
(577, 256, '08-09-2022', 2, ' truelinesolution Store1 Status Updated From Confirm Lead To Cancel', '2022-09-08 12:18:58', '2022-09-08 12:18:58'),
(578, 270, '08-09-2022', 2, ' truelinesolution Store1 Status Updated From Processing Lead To New', '2022-09-08 12:19:03', '2022-09-08 12:19:03'),
(579, 268, '08-09-2022', 2, ' truelinesolution Store1 Status Updated From New Lead To Processing', '2022-09-08 12:23:39', '2022-09-08 12:23:39'),
(580, 263, '08-09-2022', 2, ' truelinesolution Store1 Status Updated From Processing Lead To Confirm', '2022-09-08 12:23:42', '2022-09-08 12:23:42'),
(581, 222, '08-09-2022', 2, ' truelinesolution Store1 Status Updated From New Lead To Processing', '2022-09-08 12:24:18', '2022-09-08 12:24:18'),
(582, 263, '08-09-2022', 2, ' truelinesolution Store1 Status Updated From Confirm Lead To Cancel', '2022-09-08 12:24:20', '2022-09-08 12:24:20'),
(583, 256, '08-09-2022', 2, ' truelinesolution Store1 Status Updated From Cancel Lead To Confirm', '2022-09-08 12:24:23', '2022-09-08 12:24:23'),
(584, 268, '08-09-2022', 2, ' truelinesolution Store1 Status Updated From Processing Lead To New', '2022-09-08 12:24:25', '2022-09-08 12:24:25'),
(585, 222, '08-09-2022', 2, ' truelinesolution Store1 Status Updated From New Lead To Processing', '2022-09-08 12:24:37', '2022-09-08 12:24:37'),
(586, 268, '08-09-2022', 2, ' truelinesolution Store1 Status Updated From New Lead To Processing', '2022-09-08 12:24:45', '2022-09-08 12:24:45'),
(587, 222, '08-09-2022', 2, ' truelinesolution Store1 Status Updated From Processing Lead To New', '2022-09-08 12:24:47', '2022-09-08 12:24:47'),
(588, 222, '08-09-2022', 2, ' truelinesolution Store1 Status Updated From New Lead To Processing', '2022-09-08 12:24:58', '2022-09-08 12:24:58'),
(589, 222, '08-09-2022', 2, ' truelinesolution Store1 Status Updated From Processing Lead To New', '2022-09-08 12:25:04', '2022-09-08 12:25:04'),
(590, 268, '08-09-2022', 2, ' truelinesolution Store1 Status Updated From Processing Lead To New', '2022-09-08 12:25:07', '2022-09-08 12:25:07'),
(591, 277, '08-09-2022', 2, ' truelinesolution Store1 Status Updated From Confirm Lead To Processing', '2022-09-08 12:25:12', '2022-09-08 12:25:12'),
(592, 268, '08-09-2022', 2, ' truelinesolution Store1 Status Updated From New Lead To Processing', '2022-09-08 12:25:15', '2022-09-08 12:25:15'),
(593, 222, '08-09-2022', 2, ' truelinesolution Store1 Status Updated From New Lead To Confirm', '2022-09-08 12:25:17', '2022-09-08 12:25:17'),
(594, 222, '08-09-2022', 2, ' truelinesolution Store1 Status Updated From Confirm Lead To Cancel', '2022-09-08 12:25:35', '2022-09-08 12:25:35'),
(664, 299, '09-09-2022', 59, 'Lead Created By gopal vaghani', '2022-09-09 06:56:21', '2022-09-09 06:56:21'),
(596, 279, '09-09-2022', 2, 'Lead Created By truelinesolution Store1', '2022-09-09 03:27:18', '2022-09-09 03:27:18'),
(663, 297, '09-09-2022', 59, 'Lead Created By gopal vaghani', '2022-09-09 06:56:21', '2022-09-09 06:56:21'),
(662, 298, '09-09-2022', 59, 'Lead Created By gopal vaghani', '2022-09-09 06:56:21', '2022-09-09 06:56:21'),
(599, 281, '09-09-2022', 2, 'Lead Created By truelinesolution Store1', '2022-09-09 03:28:01', '2022-09-09 03:28:01'),
(600, 277, '09-09-2022', 2, ' truelinesolution Store1 Add Next Followup Date 09-09-2022 8:58:00 am', '2022-09-09 03:28:11', '2022-09-09 03:28:11'),
(601, 273, '09-09-2022', 2, ' truelinesolution Store1 Add Next Followup Date 09-09-2022 8:58:00 am', '2022-09-09 03:28:18', '2022-09-09 03:28:18'),
(645, 275, '09-09-2022', 2, 'Lead Updated By truelinesolution Store1', '2022-09-09 06:15:58', '2022-09-09 06:15:58'),
(603, 283, '09-09-2022', 2, 'Lead Created By truelinesolution Store1', '2022-09-09 03:30:53', '2022-09-09 03:30:53'),
(604, 281, '09-09-2022', 2, ' truelinesolution Store1 Status Updated From New To Processing', '2022-09-09 03:54:40', '2022-09-09 03:54:40'),
(605, 0, '09-09-2022', 2, ' truelinesolution Store1 Add Next Followup Date 09-09-2022 9:24:00 am', '2022-09-09 03:54:59', '2022-09-09 03:54:59'),
(661, 296, '09-09-2022', 58, 'Lead Created By Prashant Balar', '2022-09-09 06:55:18', '2022-09-09 06:55:18'),
(607, 283, '09-09-2022', 2, ' truelinesolution Store1 Lead Assigned From truelinesolution Store1 To itachi uchiha', '2022-09-09 04:01:21', '2022-09-09 04:01:21'),
(608, 283, '09-09-2022', 2, ' truelinesolution Store1 Lead Assigned From itachi uchiha To obito uchiha', '2022-09-09 04:01:39', '2022-09-09 04:01:39'),
(609, 283, '09-09-2022', 2, ' truelinesolution Store1 Lead Assigned From obito uchiha To itachi uchiha', '2022-09-09 04:10:19', '2022-09-09 04:10:19'),
(610, 283, '09-09-2022', 2, ' truelinesolution Store1 Lead Assigned From itachi uchiha To itachi uchiha', '2022-09-09 04:10:43', '2022-09-09 04:10:43'),
(611, 283, '09-09-2022', 2, ' truelinesolution Store1 Lead Assigned From itachi uchiha To obito uchiha', '2022-09-09 04:10:47', '2022-09-09 04:10:47'),
(612, 283, '09-09-2022', 2, ' truelinesolution Store1 Lead Assigned From obito uchiha To itachi uchiha', '2022-09-09 04:11:45', '2022-09-09 04:11:45'),
(613, 283, '09-09-2022', 2, ' truelinesolution Store1 Lead Assigned From itachi uchiha To obito uchiha', '2022-09-09 04:12:01', '2022-09-09 04:12:01'),
(614, 283, '09-09-2022', 2, ' truelinesolution Store1 Lead Assigned From obito uchiha To itachi uchiha', '2022-09-09 04:12:26', '2022-09-09 04:12:26'),
(615, 283, '09-09-2022', 2, ' truelinesolution Store1 Lead Assigned From itachi uchiha To obito uchiha', '2022-09-09 04:13:30', '2022-09-09 04:13:30'),
(616, 283, '09-09-2022', 2, ' truelinesolution Store1 Lead Assigned From itachi uchiha To obito uchiha', '2022-09-09 04:13:39', '2022-09-09 04:13:39'),
(660, 295, '09-09-2022', 58, 'Lead Created By Prashant Balar', '2022-09-09 06:55:18', '2022-09-09 06:55:18'),
(659, 294, '09-09-2022', 58, 'Lead Created By Prashant Balar', '2022-09-09 06:55:18', '2022-09-09 06:55:18'),
(658, 293, '09-09-2022', 58, 'Lead Created By Prashant Balar', '2022-09-09 06:55:18', '2022-09-09 06:55:18'),
(657, 292, '09-09-2022', 58, 'Lead Created By Prashant Balar', '2022-09-09 06:54:14', '2022-09-09 06:54:14'),
(656, 291, '09-09-2022', 58, 'Lead Created By Prashant Balar', '2022-09-09 06:54:14', '2022-09-09 06:54:14'),
(655, 290, '09-09-2022', 58, 'Lead Created By Prashant Balar', '2022-09-09 06:54:14', '2022-09-09 06:54:14'),
(654, 289, '09-09-2022', 58, 'Lead Created By Prashant Balar', '2022-09-09 06:54:14', '2022-09-09 06:54:14'),
(653, 288, '09-09-2022', 59, ' gopal vaghani Status Updated From New Lead To Processing', '2022-09-09 06:49:12', '2022-09-09 06:49:12'),
(652, 288, '09-09-2022', 58, ' Prashant Balar Lead Assigned From Prashant Balar To gopal vaghani', '2022-09-09 06:47:01', '2022-09-09 06:47:01'),
(651, 288, '09-09-2022', 59, ' gopal vaghani Lead Assigned From gopal vaghani To Prashant Balar', '2022-09-09 06:46:42', '2022-09-09 06:46:42'),
(650, 288, '09-09-2022', 58, ' Prashant Balar Status Updated From Processing Lead To New', '2022-09-09 06:44:32', '2022-09-09 06:44:32'),
(649, 288, '09-09-2022', 58, ' Prashant Balar Status Updated From New Lead To Processing', '2022-09-09 06:44:00', '2022-09-09 06:44:00'),
(648, 288, '09-09-2022', 58, ' Prashant Balar Lead Assigned From Prashant Balar To gopal vaghani', '2022-09-09 06:43:54', '2022-09-09 06:43:54'),
(647, 288, '09-09-2022', 58, 'Lead Updated By Prashant Balar', '2022-09-09 06:39:48', '2022-09-09 06:39:48'),
(646, 288, '09-09-2022', 58, 'Lead Created By Prashant Balar', '2022-09-09 06:39:26', '2022-09-09 06:39:26'),
(665, 300, '09-09-2022', 59, 'Lead Created By gopal vaghani', '2022-09-09 06:56:21', '2022-09-09 06:56:21'),
(666, 301, '09-09-2022', 59, 'Lead Created By gopal vaghani', '2022-09-09 06:56:36', '2022-09-09 06:56:36'),
(667, 302, '09-09-2022', 59, 'Lead Created By gopal vaghani', '2022-09-09 06:56:36', '2022-09-09 06:56:36'),
(668, 303, '09-09-2022', 59, 'Lead Created By gopal vaghani', '2022-09-09 06:56:36', '2022-09-09 06:56:36'),
(669, 304, '09-09-2022', 59, 'Lead Created By gopal vaghani', '2022-09-09 06:56:36', '2022-09-09 06:56:36'),
(670, 305, '09-09-2022', 2, 'Lead Created By truelinesolution Store1', '2022-09-09 06:57:00', '2022-09-09 06:57:00'),
(671, 288, '09-09-2022', 59, ' gopal vaghani Status Updated From Processing To Confirm', '2022-09-09 08:27:13', '2022-09-09 08:27:13'),
(672, 288, '09-09-2022', 59, ' gopal vaghani Status Updated From Confirm To Processing', '2022-09-09 08:27:20', '2022-09-09 08:27:20'),
(673, 288, '09-09-2022', 59, ' gopal vaghani Status Updated From Processing To Confirm', '2022-09-09 08:27:42', '2022-09-09 08:27:42'),
(674, 288, '09-09-2022', 59, ' gopal vaghani Status Updated From Confirm To Cancel', '2022-09-09 08:27:45', '2022-09-09 08:27:45'),
(675, 305, '09-09-2022', 2, ' truelinesolution Store1 Status Updated From Cancel To Confirm', '2022-09-09 08:27:59', '2022-09-09 08:27:59'),
(676, 305, '09-09-2022', 2, ' truelinesolution Store1 Status Updated From Confirm To Cancel', '2022-09-09 08:28:02', '2022-09-09 08:28:02'),
(677, 288, '09-09-2022', 59, ' gopal vaghani Status Updated From Cancel Lead To New', '2022-09-09 08:28:02', '2022-09-09 08:28:02'),
(678, 288, '09-09-2022', 59, ' gopal vaghani Status Updated From Cancel To Processing', '2022-09-09 08:28:07', '2022-09-09 08:28:07'),
(679, 288, '09-09-2022', 59, ' gopal vaghani Status Updated From Processing To Confirm', '2022-09-09 08:28:11', '2022-09-09 08:28:11'),
(680, 288, '09-09-2022', 59, ' gopal vaghani Status Updated From Confirm To Cancel', '2022-09-09 08:28:14', '2022-09-09 08:28:14'),
(681, 288, '09-09-2022', 59, ' gopal vaghani Status Updated From Cancel To New', '2022-09-09 08:28:37', '2022-09-09 08:28:37'),
(682, 288, '09-09-2022', 58, 'Lead Updated By Prashant Balar', '2022-09-09 08:29:57', '2022-09-09 08:29:57'),
(683, 305, '09-09-2022', 2, ' truelinesolution Store1 Status Updated From Cancel To Processing', '2022-09-09 08:30:13', '2022-09-09 08:30:13'),
(684, 305, '09-09-2022', 2, ' truelinesolution Store1 Status Updated From Processing To Confirm', '2022-09-09 08:30:16', '2022-09-09 08:30:16'),
(685, 306, '09-09-2022', 59, 'Lead Created By gopal vaghani', '2022-09-09 08:31:35', '2022-09-09 08:31:35'),
(686, 307, '09-09-2022', 59, 'Lead Created By gopal vaghani', '2022-09-09 08:31:35', '2022-09-09 08:31:35'),
(687, 309, '09-09-2022', 59, 'Lead Created By gopal vaghani', '2022-09-09 08:31:35', '2022-09-09 08:31:35'),
(688, 308, '09-09-2022', 59, 'Lead Created By gopal vaghani', '2022-09-09 08:31:35', '2022-09-09 08:31:35'),
(689, 288, '09-09-2022', 59, ' gopal vaghani Status Updated From New To Processing', '2022-09-09 08:31:42', '2022-09-09 08:31:42'),
(690, 288, '09-09-2022', 59, ' gopal vaghani Status Updated From Processing To Confirm', '2022-09-09 08:31:45', '2022-09-09 08:31:45'),
(691, 288, '09-09-2022', 59, ' gopal vaghani Status Updated From Confirm To New', '2022-09-09 08:31:47', '2022-09-09 08:31:47'),
(692, 288, '09-09-2022', 59, ' gopal vaghani Status Updated From New To Processing', '2022-09-09 08:31:49', '2022-09-09 08:31:49'),
(693, 288, '09-09-2022', 58, 'Lead Updated By Prashant Balar', '2022-09-09 08:32:13', '2022-09-09 08:32:13'),
(694, 288, '09-09-2022', 59, ' gopal vaghani Lead Assigned From gopal vaghani To Prashant Balar', '2022-09-09 08:32:24', '2022-09-09 08:32:24'),
(695, 308, '09-09-2022', 58, ' Prashant Balar Status Updated From New Lead To Processing', '2022-09-09 08:38:29', '2022-09-09 08:38:29'),
(696, 306, '09-09-2022', 58, ' Prashant Balar Status Updated From New Lead To Confirm', '2022-09-09 08:38:32', '2022-09-09 08:38:32'),
(697, 308, '09-09-2022', 59, ' gopal vaghani Add Next Followup Date 10-09-2022 3:00:00 pm', '2022-09-09 08:40:34', '2022-09-09 08:40:34'),
(698, 308, '09-09-2022', 59, ' gopal vaghani Add Next Followup Date 09-09-2022 4:00:00 pm', '2022-09-09 08:42:00', '2022-09-09 08:42:00'),
(699, 275, '09-09-2022', 2, ' truelinesolution Store1 Status Updated From New Lead To Processing', '2022-09-09 08:43:56', '2022-09-09 08:43:56'),
(700, 274, '09-09-2022', 2, ' truelinesolution Store1 Status Updated From New Lead To Processing', '2022-09-09 08:47:24', '2022-09-09 08:47:24'),
(701, 306, '09-09-2022', 59, ' gopal vaghani Lead Assigned From gopal vaghani To Aakash Patel', '2022-09-09 08:51:38', '2022-09-09 08:51:38'),
(702, 306, '09-09-2022', 59, ' gopal vaghani Status Updated From Confirm Lead To Processing', '2022-09-09 08:51:53', '2022-09-09 08:51:53'),
(703, 270, '09-09-2022', 2, ' truelinesolution Store1 Status Updated From New Lead To Processing', '2022-09-09 08:51:59', '2022-09-09 08:51:59'),
(704, 309, '09-09-2022', 59, 'Lead Updated By gopal vaghani', '2022-09-09 08:54:43', '2022-09-09 08:54:43'),
(705, 308, '09-09-2022', 59, 'Lead Updated By gopal vaghani', '2022-09-09 08:55:01', '2022-09-09 08:55:01'),
(706, 308, '09-09-2022', 59, 'Lead Updated By gopal vaghani', '2022-09-09 08:55:15', '2022-09-09 08:55:15'),
(707, 309, '09-09-2022', 59, ' gopal vaghani Add Next Followup Date 10-09-2022 2:26:00 pm', '2022-09-09 08:56:17', '2022-09-09 08:56:17'),
(708, 309, '09-09-2022', 59, ' gopal vaghani Lead Assigned From Aakash Patel To gopal vaghani', '2022-09-09 08:56:28', '2022-09-09 08:56:28'),
(709, 267, '09-09-2022', 2, ' truelinesolution Store1 Status Updated From New Lead To Processing', '2022-09-09 08:59:29', '2022-09-09 08:59:29'),
(710, 308, '09-09-2022', 59, 'Lead Updated By gopal vaghani', '2022-09-09 09:12:33', '2022-09-09 09:12:33'),
(711, 308, '09-09-2022', 59, ' gopal vaghani Status Updated From Processing Lead To Confirm', '2022-09-09 09:16:30', '2022-09-09 09:16:30'),
(712, 306, '09-09-2022', 59, 'Lead Updated By gopal vaghani', '2022-09-09 09:42:09', '2022-09-09 09:42:09'),
(713, 306, '09-09-2022', 58, ' Prashant Balar Add Next Followup Date 10-09-2022 4:31:00 pm', '2022-09-09 11:01:29', '2022-09-09 11:01:29'),
(714, 306, '09-09-2022', 58, ' Prashant Balar Add Next Followup Date 10-09-2022 4:47:00 pm', '2022-09-09 11:17:06', '2022-09-09 11:17:06'),
(715, 306, '09-09-2022', 58, ' Prashant Balar Status Updated From Processing Lead To Confirm', '2022-09-09 11:17:19', '2022-09-09 11:17:19'),
(716, 288, '09-09-2022', 58, ' Prashant Balar Status Updated From Processing Lead To Cancel', '2022-09-09 11:17:25', '2022-09-09 11:17:25'),
(717, 288, '09-09-2022', 58, ' Prashant Balar Status Updated From Cancel Lead To Processing', '2022-09-09 11:17:28', '2022-09-09 11:17:28'),
(718, 308, '09-09-2022', 58, ' Prashant Balar Lead Assigned From Aakash Patel To Prashant Balar', '2022-09-09 11:43:04', '2022-09-09 11:43:04'),
(719, 288, '09-09-2022', 58, ' Prashant Balar Lead Assigned From Prashant Balar To gopal vaghani', '2022-09-09 12:17:10', '2022-09-09 12:17:10'),
(720, 288, '09-09-2022', 59, ' gopal vaghani Status Updated From Processing Lead To Confirm', '2022-09-09 12:23:33', '2022-09-09 12:23:33'),
(721, 288, '09-09-2022', 59, ' gopal vaghani Status Updated From Confirm Lead To New', '2022-09-09 12:23:38', '2022-09-09 12:23:38'),
(722, 307, '09-09-2022', 58, ' Prashant Balar Status Updated From New Lead To Processing', '2022-09-09 12:50:24', '2022-09-09 12:50:24'),
(723, 307, '10-09-2022', 58, ' Prashant Balar Status Updated From Processing Lead To New', '2022-09-10 04:17:19', '2022-09-10 04:17:19'),
(724, 307, '10-09-2022', 58, ' Prashant Balar Status Updated From Processing Lead To New', '2022-09-10 04:17:22', '2022-09-10 04:17:22'),
(725, 309, '10-09-2022', 58, ' Prashant Balar Status Updated From New Lead To Processing', '2022-09-10 04:18:22', '2022-09-10 04:18:22'),
(726, 309, '10-09-2022', 58, ' Prashant Balar Status Updated From New To Processing', '2022-09-10 04:18:33', '2022-09-10 04:18:33'),
(727, 0, '10-09-2022', 58, ' Prashant Balar Add Next Followup Date 10-09-2022 9:48:00 am', '2022-09-10 04:18:51', '2022-09-10 04:18:51'),
(728, 308, '10-09-2022', 58, ' Prashant Balar Status Updated From Confirm To Confirm', '2022-09-10 04:19:11', '2022-09-10 04:19:11'),
(729, 308, '10-09-2022', 58, ' Prashant Balar Status Updated From Confirm To Cancel', '2022-09-10 04:19:12', '2022-09-10 04:19:12'),
(730, 308, '10-09-2022', 58, ' Prashant Balar Status Updated From Cancel To issued', '2022-09-10 04:19:16', '2022-09-10 04:19:16'),
(731, 308, '10-09-2022', 58, ' Prashant Balar Status Updated From issued To Confirm', '2022-09-10 04:19:20', '2022-09-10 04:19:20'),
(732, 310, '10-09-2022', 58, 'Lead Created By Prashant Balar', '2022-09-10 04:20:33', '2022-09-10 04:20:33'),
(733, 309, '10-09-2022', 58, ' Prashant Balar Lead Assigned From Prashant Balar To gopal vaghani', '2022-09-10 04:21:12', '2022-09-10 04:21:12'),
(1938, 420, '14-09-2022', 2, ' truelinesolution Store1 Status Updated From New To Cancel', '2022-09-14 06:28:05', '2022-09-14 06:28:05'),
(735, 311, '10-09-2022', 2, 'Lead Created By truelinesolution Store1', '2022-09-10 04:29:47', '2022-09-10 04:29:47'),
(736, 281, '10-09-2022', 2, ' truelinesolution Store1 Lead Assigned From truelinesolution Store1 To itachi uchiha', '2022-09-10 04:31:41', '2022-09-10 04:31:41'),
(737, 306, '10-09-2022', 58, ' Prashant Balar Status Updated From Confirm Lead To Cancel', '2022-09-10 05:09:07', '2022-09-10 05:09:07'),
(738, 307, '10-09-2022', 58, ' Prashant Balar Status Updated From New Lead To Confirm', '2022-09-10 05:09:17', '2022-09-10 05:09:17'),
(739, 312, '10-09-2022', 58, 'Lead Created By Prashant Balar', '2022-09-10 05:10:46', '2022-09-10 05:10:46'),
(740, 288, '10-09-2022', 58, ' Prashant Balar Status Updated From New To Processing', '2022-09-10 05:11:03', '2022-09-10 05:11:03'),
(1702, 353, '13-09-2022', 2, ' truelinesolution Store1 Status Updated From aaa To Processing', '2022-09-13 08:19:03', '2022-09-13 08:19:03'),
(1701, 356, '13-09-2022', 2, ' truelinesolution Store1 Status Updated From Cancel Lead To Close-by', '2022-09-13 08:17:36', '2022-09-13 08:17:36'),
(1700, 315, '13-09-2022', 2, ' truelinesolution Store1 Status Updated From New To Processing', '2022-09-13 08:13:53', '2022-09-13 08:13:53'),
(745, 314, '10-09-2022', 67, 'Lead Created By abc 1', '2022-09-10 06:39:42', '2022-09-10 06:39:42'),
(746, 315, '10-09-2022', 2, 'Lead Created By truelinesolution Store1', '2022-09-10 06:47:53', '2022-09-10 06:47:53'),
(747, 316, '08-09-2022', 2, 'Lead Created By truelinesolution Store1', '2022-09-10 06:47:53', '2022-09-10 06:47:53'),
(748, 320, '07-09-2022', 2, 'Lead Created By truelinesolution Store1', '2022-09-10 06:47:53', '2022-09-10 06:47:53'),
(749, 321, '08-09-2022', 2, 'Lead Created By truelinesolution Store1', '2022-09-10 06:47:53', '2022-09-10 06:47:53'),
(750, 317, '08-09-2022', 2, 'Lead Created By truelinesolution Store1', '2022-09-10 06:47:53', '2022-09-10 06:47:53'),
(751, 322, '07-09-2022', 2, 'Lead Created By truelinesolution Store1', '2022-09-10 06:47:53', '2022-09-10 06:47:53'),
(752, 318, '07-09-2022', 2, 'Lead Created By truelinesolution Store1', '2022-09-10 06:47:53', '2022-09-10 06:47:53'),
(753, 319, '07-09-2022', 2, 'Lead Created By truelinesolution Store1', '2022-09-10 06:47:53', '2022-09-10 06:47:53'),
(754, 323, '07-09-2022', 2, 'Lead Created By truelinesolution Store1', '2022-09-10 06:47:53', '2022-09-10 06:47:53'),
(755, 324, '07-09-2022', 2, 'Lead Created By truelinesolution Store1', '2022-09-10 06:47:53', '2022-09-10 06:47:53'),
(756, 325, '06-09-2022', 2, 'Lead Created By truelinesolution Store1', '2022-09-10 06:47:53', '2022-09-10 06:47:53'),
(757, 326, '06-09-2022', 2, 'Lead Created By truelinesolution Store1', '2022-09-10 06:47:53', '2022-09-10 06:47:53'),
(758, 327, '05-09-2022', 2, 'Lead Created By truelinesolution Store1', '2022-09-10 06:47:53', '2022-09-10 06:47:53'),
(759, 328, '05-09-2022', 2, 'Lead Created By truelinesolution Store1', '2022-09-10 06:47:53', '2022-09-10 06:47:53'),
(760, 329, '05-09-2022', 2, 'Lead Created By truelinesolution Store1', '2022-09-10 06:47:53', '2022-09-10 06:47:53'),
(761, 330, '02-09-2022', 2, 'Lead Created By truelinesolution Store1', '2022-09-10 06:47:53', '2022-09-10 06:47:53'),
(762, 331, '01-09-2022', 2, 'Lead Created By truelinesolution Store1', '2022-09-10 06:47:53', '2022-09-10 06:47:53'),
(763, 332, '31-08-2022', 2, 'Lead Created By truelinesolution Store1', '2022-09-10 06:47:53', '2022-09-10 06:47:53'),
(764, 333, '31-08-2022', 2, 'Lead Created By truelinesolution Store1', '2022-09-10 06:47:53', '2022-09-10 06:47:53'),
(1942, 424, '14-09-2022', 2, 'Lead Updated By truelinesolution Store1', '2022-09-14 06:37:45', '2022-09-14 06:37:45'),
(766, 335, '25-08-2022', 2, 'Lead Created By truelinesolution Store1', '2022-09-10 06:47:53', '2022-09-10 06:47:53'),
(767, 336, '27-08-2022', 2, 'Lead Created By truelinesolution Store1', '2022-09-10 06:47:53', '2022-09-10 06:47:53'),
(768, 337, '25-08-2022', 2, 'Lead Created By truelinesolution Store1', '2022-09-10 06:47:53', '2022-09-10 06:47:53'),
(769, 338, '24-08-2022', 2, 'Lead Created By truelinesolution Store1', '2022-09-10 06:47:53', '2022-09-10 06:47:53'),
(770, 339, '27-08-2022', 2, 'Lead Created By truelinesolution Store1', '2022-09-10 06:47:53', '2022-09-10 06:47:53'),
(771, 340, '21-08-2022', 2, 'Lead Created By truelinesolution Store1', '2022-09-10 06:47:53', '2022-09-10 06:47:53'),
(772, 341, '03-08-2022', 2, 'Lead Created By truelinesolution Store1', '2022-09-10 06:47:53', '2022-09-10 06:47:53'),
(953, 346, '12-09-2022', 2, ' truelinesolution Store1 Status Updated From Cancel To Cancel', '2022-09-12 11:41:54', '2022-09-12 11:41:54'),
(774, 343, '17-08-2022', 2, 'Lead Created By truelinesolution Store1', '2022-09-10 06:47:53', '2022-09-10 06:47:53'),
(775, 344, '17-08-2022', 2, 'Lead Created By truelinesolution Store1', '2022-09-10 06:47:53', '2022-09-10 06:47:53'),
(776, 345, '17-08-2022', 2, 'Lead Created By truelinesolution Store1', '2022-09-10 06:47:53', '2022-09-10 06:47:53'),
(777, 346, '17-08-2022', 2, 'Lead Created By truelinesolution Store1', '2022-09-10 06:47:53', '2022-09-10 06:47:53'),
(778, 347, '17-08-2022', 2, 'Lead Created By truelinesolution Store1', '2022-09-10 06:47:53', '2022-09-10 06:47:53'),
(779, 348, '17-08-2022', 2, 'Lead Created By truelinesolution Store1', '2022-09-10 06:47:53', '2022-09-10 06:47:53'),
(780, 349, '10-09-2022', 67, 'Lead Created By abc 1', '2022-09-10 08:55:09', '2022-09-10 08:55:09'),
(781, 348, '10-09-2022', 2, ' truelinesolution Store1 Status Updated From New Lead To Processing', '2022-09-10 09:16:06', '2022-09-10 09:16:06'),
(782, 314, '10-09-2022', 67, ' abc 1 Status Updated From New Lead To Confirm', '2022-09-10 09:16:17', '2022-09-10 09:16:17'),
(783, 314, '10-09-2022', 67, ' abc 1 Status Updated From Confirm Lead To New', '2022-09-10 09:16:28', '2022-09-10 09:16:28'),
(784, 347, '10-09-2022', 2, ' truelinesolution Store1 Status Updated From New Lead To Processing', '2022-09-10 09:16:40', '2022-09-10 09:16:40'),
(785, 349, '10-09-2022', 67, ' abc 1 Status Updated From New Lead To Processing', '2022-09-10 09:16:47', '2022-09-10 09:16:47'),
(786, 314, '10-09-2022', 67, ' abc 1 Status Updated From New Lead To Processing', '2022-09-10 09:16:57', '2022-09-10 09:16:57'),
(787, 314, '10-09-2022', 67, ' abc 1 Status Updated From Processing Lead To New', '2022-09-10 09:16:58', '2022-09-10 09:16:58'),
(788, 314, '10-09-2022', 67, ' abc 1 Status Updated From New Lead To Processing', '2022-09-10 09:16:59', '2022-09-10 09:16:59'),
(789, 314, '10-09-2022', 67, ' abc 1 Status Updated From Processing Lead To New', '2022-09-10 09:17:05', '2022-09-10 09:17:05'),
(790, 350, '10-09-2022', 67, 'Lead Created By abc 1', '2022-09-10 10:52:49', '2022-09-10 10:52:49'),
(791, 347, '10-09-2022', 2, ' truelinesolution Store1 Status Updated From Processing To Cancel', '2022-09-10 12:30:01', '2022-09-10 12:30:01'),
(792, 348, '10-09-2022', 2, ' truelinesolution Store1 Status Updated From Processing To Cancel', '2022-09-10 12:32:52', '2022-09-10 12:32:52'),
(793, 348, '10-09-2022', 2, ' truelinesolution Store1 Status Updated From Cancel To Processing', '2022-09-10 12:38:04', '2022-09-10 12:38:04'),
(794, 348, '12-09-2022', 2, ' truelinesolution Store1 Status Updated From Processing To Cancel', '2022-09-12 04:07:59', '2022-09-12 04:07:59'),
(795, 348, '12-09-2022', 2, ' truelinesolution Store1 Status Updated From Cancel To Processing', '2022-09-12 04:11:51', '2022-09-12 04:11:51'),
(796, 348, '12-09-2022', 2, ' truelinesolution Store1 Status Updated From Processing To Cancel', '2022-09-12 04:11:57', '2022-09-12 04:11:57'),
(797, 348, '12-09-2022', 2, ' truelinesolution Store1 Status Updated From Cancel To Processing', '2022-09-12 04:46:16', '2022-09-12 04:46:16'),
(798, 348, '12-09-2022', 2, ' truelinesolution Store1 Status Updated From Processing To Cancel', '2022-09-12 04:46:36', '2022-09-12 04:46:36'),
(799, 348, '12-09-2022', 2, ' truelinesolution Store1 Status Updated From Cancel To Cancel', '2022-09-12 04:46:57', '2022-09-12 04:46:57'),
(800, 275, '12-09-2022', 2, ' truelinesolution Store1 Add Next Followup Date 16-09-2022 10:17:00 am', '2022-09-12 04:47:48', '2022-09-12 04:47:48'),
(801, 275, '12-09-2022', 2, ' truelinesolution Store1 Lead Assigned From truelinesolution Store1 To obito uchiha', '2022-09-12 04:48:06', '2022-09-12 04:48:06'),
(802, 348, '12-09-2022', 2, ' truelinesolution Store1 Status Updated From Cancel To Cancel', '2022-09-12 04:49:25', '2022-09-12 04:49:25'),
(803, 348, '12-09-2022', 2, ' truelinesolution Store1 Status Updated From Cancel To Cancel', '2022-09-12 04:51:39', '2022-09-12 04:51:39'),
(804, 347, '12-09-2022', 2, ' truelinesolution Store1 Status Updated From Cancel To Confirm', '2022-09-12 04:51:42', '2022-09-12 04:51:42'),
(805, 348, '12-09-2022', 2, ' truelinesolution Store1 Status Updated From Cancel To Cancel', '2022-09-12 04:54:16', '2022-09-12 04:54:16'),
(806, 348, '12-09-2022', 2, ' truelinesolution Store1 Status Updated From Cancel To Close-by', '2022-09-12 04:56:24', '2022-09-12 04:56:24'),
(807, 347, '12-09-2022', 2, ' truelinesolution Store1 Status Updated From Confirm To Cancel', '2022-09-12 04:59:44', '2022-09-12 04:59:44'),
(808, 346, '12-09-2022', 2, 'Lead Updated By truelinesolution Store1', '2022-09-12 05:00:55', '2022-09-12 05:00:55'),
(809, 275, '12-09-2022', 2, ' truelinesolution Store1 Lead Assigned From obito uchiha To obito uchiha', '2022-09-12 05:01:22', '2022-09-12 05:01:22'),
(810, 347, '12-09-2022', 2, ' truelinesolution Store1 Status Updated From Cancel To Cancel', '2022-09-12 05:04:46', '2022-09-12 05:04:46'),
(811, 347, '12-09-2022', 2, ' truelinesolution Store1 Status Updated From Cancel To Cancel', '2022-09-12 05:06:10', '2022-09-12 05:06:10'),
(812, 347, '12-09-2022', 2, ' truelinesolution Store1 Status Updated From Cancel To Cancel', '2022-09-12 05:06:24', '2022-09-12 05:06:24'),
(813, 347, '12-09-2022', 2, ' truelinesolution Store1 Status Updated From Cancel To Cancel', '2022-09-12 05:06:36', '2022-09-12 05:06:36'),
(814, 347, '12-09-2022', 2, ' truelinesolution Store1 Status Updated From Cancel To Cancel', '2022-09-12 05:10:56', '2022-09-12 05:10:56'),
(815, 346, '12-09-2022', 2, ' truelinesolution Store1 Status Updated From New Lead To Processing', '2022-09-12 05:11:09', '2022-09-12 05:11:09'),
(816, 346, '12-09-2022', 2, ' truelinesolution Store1 Status Updated From Processing Lead To Confirm', '2022-09-12 05:11:14', '2022-09-12 05:11:14'),
(817, 347, '12-09-2022', 2, ' truelinesolution Store1 Status Updated From Cancel To Processing', '2022-09-12 05:12:26', '2022-09-12 05:12:26'),
(818, 345, '12-09-2022', 2, ' truelinesolution Store1 Status Updated From New To Confirm', '2022-09-12 05:12:30', '2022-09-12 05:12:30'),
(819, 344, '12-09-2022', 2, ' truelinesolution Store1 Status Updated From New To Close-by', '2022-09-12 05:12:33', '2022-09-12 05:12:33'),
(820, 343, '12-09-2022', 2, ' truelinesolution Store1 Status Updated From New To Cancel', '2022-09-12 05:12:37', '2022-09-12 05:12:37'),
(952, 346, '12-09-2022', 2, 'Lead Updated By truelinesolution Store1', '2022-09-12 11:26:06', '2022-09-12 11:26:06'),
(822, 344, '12-09-2022', 2, ' truelinesolution Store1 Status Updated From Close-by To New', '2022-09-12 05:12:51', '2022-09-12 05:12:51'),
(823, 344, '12-09-2022', 2, ' truelinesolution Store1 Status Updated From New To Processing', '2022-09-12 05:12:57', '2022-09-12 05:12:57'),
(824, 347, '12-09-2022', 2, ' truelinesolution Store1 Status Updated From Processing To Processing', '2022-09-12 05:16:13', '2022-09-12 05:16:13'),
(825, 0, '12-09-2022', 2, ' truelinesolution Store1 Add Next Followup Date 15-09-2022 10:46:00 am', '2022-09-12 05:16:23', '2022-09-12 05:16:23'),
(826, 343, '12-09-2022', 2, ' truelinesolution Store1 Status Updated From Cancel To Cancel', '2022-09-12 05:17:19', '2022-09-12 05:17:19'),
(827, 347, '12-09-2022', 2, ' truelinesolution Store1 Status Updated From Processing To Processing', '2022-09-12 05:18:58', '2022-09-12 05:18:58'),
(828, 217, '12-09-2022', 2, ' truelinesolution Store1 Status Updated From Cancel To Cancel', '2022-09-12 05:21:57', '2022-09-12 05:21:57'),
(1872, 345, '14-09-2022', 2, ' truelinesolution Store1 Status Updated From Confirm To Cancel', '2022-09-14 04:51:28', '2022-09-14 04:51:28'),
(830, 346, '12-09-2022', 2, ' truelinesolution Store1 Status Updated From Confirm To Cancel', '2022-09-12 05:23:45', '2022-09-12 05:23:45'),
(831, 346, '12-09-2022', 2, ' truelinesolution Store1 Status Updated From Cancel To Processing', '2022-09-12 05:25:43', '2022-09-12 05:25:43'),
(832, 348, '12-09-2022', 2, ' truelinesolution Store1 Status Updated From Close-by To Cancel', '2022-09-12 05:26:35', '2022-09-12 05:26:35'),
(833, 348, '12-09-2022', 2, ' truelinesolution Store1 Status Updated From Cancel To Cancel', '2022-09-12 05:30:07', '2022-09-12 05:30:07'),
(834, 348, '12-09-2022', 2, ' truelinesolution Store1 Status Updated From Cancel To Cancel', '2022-09-12 05:30:48', '2022-09-12 05:30:48'),
(835, 348, '12-09-2022', 2, ' truelinesolution Store1 Status Updated From Cancel To Cancel', '2022-09-12 05:31:28', '2022-09-12 05:31:28'),
(836, 348, '12-09-2022', 2, ' truelinesolution Store1 Status Updated From Cancel To Cancel', '2022-09-12 05:31:32', '2022-09-12 05:31:32'),
(837, 348, '12-09-2022', 2, ' truelinesolution Store1 Status Updated From Cancel To Cancel', '2022-09-12 05:31:35', '2022-09-12 05:31:35'),
(838, 348, '12-09-2022', 2, ' truelinesolution Store1 Status Updated From Cancel To Cancel', '2022-09-12 05:32:06', '2022-09-12 05:32:06'),
(839, 348, '12-09-2022', 2, ' truelinesolution Store1 Status Updated From Cancel To Processing', '2022-09-12 05:34:43', '2022-09-12 05:34:43'),
(840, 0, '12-09-2022', 2, ' truelinesolution Store1 Add Next Followup Date undefined', '2022-09-12 05:34:46', '2022-09-12 05:34:46'),
(841, 348, '12-09-2022', 2, ' truelinesolution Store1 Status Updated From Processing To Processing', '2022-09-12 05:34:50', '2022-09-12 05:34:50'),
(842, 348, '12-09-2022', 2, ' truelinesolution Store1 Status Updated From Processing To Processing', '2022-09-12 05:35:34', '2022-09-12 05:35:34'),
(843, 343, '12-09-2022', 2, ' truelinesolution Store1 Status Updated From Cancel To Cancel', '2022-09-12 05:41:38', '2022-09-12 05:41:38'),
(844, 343, '12-09-2022', 2, ' truelinesolution Store1 Status Updated From Cancel To Cancel', '2022-09-12 05:42:06', '2022-09-12 05:42:06'),
(845, 348, '12-09-2022', 2, ' truelinesolution Store1 Status Updated From Processing To Cancel', '2022-09-12 05:55:46', '2022-09-12 05:55:46'),
(846, 348, '12-09-2022', 2, ' truelinesolution Store1 Status Updated From Cancel To Processing', '2022-09-12 05:56:37', '2022-09-12 05:56:37'),
(847, 348, '12-09-2022', 2, ' truelinesolution Store1 Status Updated From Processing To Cancel', '2022-09-12 05:56:39', '2022-09-12 05:56:39'),
(848, 348, '12-09-2022', 2, ' truelinesolution Store1 Status Updated From Cancel To Confirm', '2022-09-12 05:57:35', '2022-09-12 05:57:35'),
(849, 348, '12-09-2022', 2, ' truelinesolution Store1 Status Updated From Confirm To Cancel', '2022-09-12 05:57:37', '2022-09-12 05:57:37'),
(850, 348, '12-09-2022', 2, ' truelinesolution Store1 Status Updated From Cancel To New', '2022-09-12 05:59:22', '2022-09-12 05:59:22'),
(851, 348, '12-09-2022', 2, ' truelinesolution Store1 Status Updated From New To Cancel', '2022-09-12 05:59:26', '2022-09-12 05:59:26'),
(852, 347, '12-09-2022', 2, ' truelinesolution Store1 Status Updated From Processing To Cancel', '2022-09-12 06:01:31', '2022-09-12 06:01:31'),
(853, 348, '12-09-2022', 2, ' truelinesolution Store1 Status Updated From Cancel To Processing', '2022-09-12 06:02:53', '2022-09-12 06:02:53'),
(854, 347, '12-09-2022', 2, ' truelinesolution Store1 Status Updated From Cancel To New', '2022-09-12 06:05:44', '2022-09-12 06:05:44'),
(855, 347, '12-09-2022', 2, ' truelinesolution Store1 Status Updated From New To Cancel', '2022-09-12 06:05:56', '2022-09-12 06:05:56'),
(856, 348, '12-09-2022', 2, ' truelinesolution Store1 Status Updated From Processing To Cancel', '2022-09-12 06:06:32', '2022-09-12 06:06:32'),
(857, 348, '12-09-2022', 2, ' truelinesolution Store1 Status Updated From Cancel To New', '2022-09-12 06:08:01', '2022-09-12 06:08:01'),
(858, 348, '12-09-2022', 2, ' truelinesolution Store1 Status Updated From New To Cancel', '2022-09-12 06:08:07', '2022-09-12 06:08:07');
INSERT INTO `lead_history` (`l_h_id`, `l_id`, `date`, `u_id`, `description`, `created_at`, `updated_at`) VALUES
(859, 348, '12-09-2022', 2, ' truelinesolution Store1 Status Updated From Cancel To New', '2022-09-12 06:09:42', '2022-09-12 06:09:42'),
(860, 348, '12-09-2022', 2, ' truelinesolution Store1 Status Updated From New To Cancel', '2022-09-12 06:09:48', '2022-09-12 06:09:48'),
(861, 348, '12-09-2022', 2, ' truelinesolution Store1 Status Updated From Cancel To Cancel', '2022-09-12 06:12:13', '2022-09-12 06:12:13'),
(862, 348, '12-09-2022', 2, ' truelinesolution Store1 Status Updated From Cancel To New', '2022-09-12 06:13:22', '2022-09-12 06:13:22'),
(863, 348, '12-09-2022', 2, ' truelinesolution Store1 Status Updated From New To Cancel', '2022-09-12 06:13:23', '2022-09-12 06:13:23'),
(864, 348, '12-09-2022', 2, ' truelinesolution Store1 Status Updated From Cancel To Cancel', '2022-09-12 06:14:04', '2022-09-12 06:14:04'),
(865, 348, '12-09-2022', 2, ' truelinesolution Store1 Status Updated From Cancel To Cancel', '2022-09-12 06:14:56', '2022-09-12 06:14:56'),
(866, 348, '12-09-2022', 2, ' truelinesolution Store1 Status Updated From Cancel To Cancel', '2022-09-12 06:16:21', '2022-09-12 06:16:21'),
(867, 348, '12-09-2022', 2, ' truelinesolution Store1 Status Updated From Cancel To Cancel', '2022-09-12 06:19:02', '2022-09-12 06:19:02'),
(868, 348, '12-09-2022', 2, ' truelinesolution Store1 Status Updated From Cancel To Cancel', '2022-09-12 06:21:41', '2022-09-12 06:21:41'),
(869, 348, '12-09-2022', 2, ' truelinesolution Store1 Status Updated From Cancel To Cancel', '2022-09-12 06:23:26', '2022-09-12 06:23:26'),
(870, 348, '12-09-2022', 2, ' truelinesolution Store1 Status Updated From Cancel To Cancel', '2022-09-12 06:25:36', '2022-09-12 06:25:36'),
(871, 348, '12-09-2022', 2, ' truelinesolution Store1 Status Updated From Cancel To Cancel', '2022-09-12 06:26:46', '2022-09-12 06:26:46'),
(872, 348, '12-09-2022', 2, ' truelinesolution Store1 Status Updated From Cancel To Cancel', '2022-09-12 06:27:14', '2022-09-12 06:27:14'),
(873, 348, '12-09-2022', 2, ' truelinesolution Store1 Status Updated From Cancel To Cancel', '2022-09-12 06:27:58', '2022-09-12 06:27:58'),
(874, 348, '12-09-2022', 2, ' truelinesolution Store1 Status Updated From Cancel To Cancel', '2022-09-12 06:29:58', '2022-09-12 06:29:58'),
(875, 348, '12-09-2022', 2, ' truelinesolution Store1 Status Updated From Cancel To Cancel', '2022-09-12 06:33:46', '2022-09-12 06:33:46'),
(876, 346, '12-09-2022', 2, ' truelinesolution Store1 Status Updated From Processing To Processing', '2022-09-12 06:35:30', '2022-09-12 06:35:30'),
(877, 346, '12-09-2022', 2, ' truelinesolution Store1 Status Updated From Processing To Processing', '2022-09-12 06:35:40', '2022-09-12 06:35:40'),
(878, 346, '12-09-2022', 2, ' truelinesolution Store1 Status Updated From Processing To Processing', '2022-09-12 06:35:55', '2022-09-12 06:35:55'),
(879, 348, '12-09-2022', 2, ' truelinesolution Store1 Status Updated From Cancel To Processing', '2022-09-12 06:36:09', '2022-09-12 06:36:09'),
(880, 348, '12-09-2022', 2, ' truelinesolution Store1 Status Updated From Processing To Processing', '2022-09-12 06:36:38', '2022-09-12 06:36:38'),
(881, 347, '12-09-2022', 2, ' truelinesolution Store1 Status Updated From Cancel To Cancel', '2022-09-12 06:36:41', '2022-09-12 06:36:41'),
(882, 346, '12-09-2022', 2, ' truelinesolution Store1 Status Updated From Processing To Confirm', '2022-09-12 06:36:46', '2022-09-12 06:36:46'),
(883, 343, '12-09-2022', 2, ' truelinesolution Store1 Status Updated From Cancel To Cancel', '2022-09-12 06:36:52', '2022-09-12 06:36:52'),
(884, 347, '12-09-2022', 2, ' truelinesolution Store1 Status Updated From Cancel To Cancel', '2022-09-12 06:39:34', '2022-09-12 06:39:34'),
(885, 347, '12-09-2022', 2, ' truelinesolution Store1 Status Updated From Cancel To Cancel', '2022-09-12 06:39:44', '2022-09-12 06:39:44'),
(886, 341, '12-09-2022', 2, 'Lead Updated By truelinesolution Store1', '2022-09-12 06:40:19', '2022-09-12 06:40:19'),
(887, 347, '12-09-2022', 2, ' truelinesolution Store1 Status Updated From Cancel To Cancel', '2022-09-12 06:40:23', '2022-09-12 06:40:23'),
(888, 347, '12-09-2022', 2, ' truelinesolution Store1 Status Updated From Cancel To Cancel', '2022-09-12 06:40:50', '2022-09-12 06:40:50'),
(889, 347, '12-09-2022', 2, ' truelinesolution Store1 Status Updated From Cancel To Cancel', '2022-09-12 06:42:33', '2022-09-12 06:42:33'),
(890, 347, '12-09-2022', 2, ' truelinesolution Store1 Status Updated From Cancel To Cancel', '2022-09-12 06:42:42', '2022-09-12 06:42:42'),
(891, 347, '12-09-2022', 2, ' truelinesolution Store1 Status Updated From Cancel To Cancel', '2022-09-12 06:43:17', '2022-09-12 06:43:17'),
(892, 347, '12-09-2022', 2, ' truelinesolution Store1 Status Updated From Cancel To Cancel', '2022-09-12 06:46:54', '2022-09-12 06:46:54'),
(893, 347, '12-09-2022', 2, ' truelinesolution Store1 Status Updated From Cancel To Cancel', '2022-09-12 06:47:35', '2022-09-12 06:47:35'),
(894, 314, '12-09-2022', 67, ' abc 1 Status Updated From New Lead To Close-by', '2022-09-12 06:50:32', '2022-09-12 06:50:32'),
(895, 349, '12-09-2022', 67, ' abc 1 Status Updated From Processing Lead To New', '2022-09-12 06:51:45', '2022-09-12 06:51:45'),
(896, 314, '12-09-2022', 67, ' abc 1 Status Updated From Close-by Lead To New', '2022-09-12 06:51:46', '2022-09-12 06:51:46'),
(897, 347, '12-09-2022', 2, ' truelinesolution Store1 Status Updated From Cancel Lead To Close-by', '2022-09-12 06:53:19', '2022-09-12 06:53:19'),
(898, 263, '12-09-2022', 2, ' truelinesolution Store1 Status Updated From Cancel Lead To aaa', '2022-09-12 06:53:22', '2022-09-12 06:53:22'),
(899, 347, '12-09-2022', 2, ' truelinesolution Store1 Status Updated From Close-by To Cancel', '2022-09-12 06:53:51', '2022-09-12 06:53:51'),
(900, 347, '12-09-2022', 2, ' truelinesolution Store1 Status Updated From Close-by To Cancel', '2022-09-12 06:53:55', '2022-09-12 06:53:55'),
(901, 343, '12-09-2022', 2, ' truelinesolution Store1 Status Updated From Cancel To Cancel', '2022-09-12 06:55:27', '2022-09-12 06:55:27'),
(2178, 529, '23-07-2022', 67, 'Lead Created By abc 1', '2022-09-17 06:56:13', '2022-09-17 06:56:13'),
(903, 347, '12-09-2022', 2, ' truelinesolution Store1 Status Updated From Cancel To Cancel', '2022-09-12 06:57:26', '2022-09-12 06:57:26'),
(951, 346, '12-09-2022', 2, ' truelinesolution Store1 Status Updated From Cancel To Cancel', '2022-09-12 11:25:49', '2022-09-12 11:25:49'),
(905, 347, '12-09-2022', 2, ' truelinesolution Store1 Status Updated From Cancel To Cancel', '2022-09-12 07:46:59', '2022-09-12 07:46:59'),
(906, 348, '12-09-2022', 2, ' truelinesolution Store1 Status Updated From Processing To Cancel', '2022-09-12 07:48:47', '2022-09-12 07:48:47'),
(907, 348, '12-09-2022', 2, ' truelinesolution Store1 Status Updated From Cancel To Cancel', '2022-09-12 07:54:44', '2022-09-12 07:54:44'),
(908, 348, '12-09-2022', 2, 'Lead Updated By truelinesolution Store1', '2022-09-12 07:54:49', '2022-09-12 07:54:49'),
(909, 348, '12-09-2022', 2, 'Lead Updated By truelinesolution Store1', '2022-09-12 07:56:20', '2022-09-12 07:56:20'),
(910, 348, '12-09-2022', 2, 'Lead Updated By truelinesolution Store1', '2022-09-12 07:56:21', '2022-09-12 07:56:21'),
(911, 348, '12-09-2022', 2, 'Lead Updated By truelinesolution Store1', '2022-09-12 07:58:19', '2022-09-12 07:58:19'),
(912, 348, '12-09-2022', 2, ' truelinesolution Store1 Status Updated From Cancel To Confirm', '2022-09-12 07:58:29', '2022-09-12 07:58:29'),
(913, 348, '12-09-2022', 2, ' truelinesolution Store1 Status Updated From Confirm To Cancel', '2022-09-12 07:58:30', '2022-09-12 07:58:30'),
(914, 348, '12-09-2022', 2, 'Lead Updated By truelinesolution Store1', '2022-09-12 07:58:35', '2022-09-12 07:58:35'),
(915, 348, '12-09-2022', 2, ' truelinesolution Store1 Status Updated From Confirm To Cancel', '2022-09-12 07:58:54', '2022-09-12 07:58:54'),
(916, 348, '12-09-2022', 2, 'Lead Updated By truelinesolution Store1', '2022-09-12 07:58:57', '2022-09-12 07:58:57'),
(917, 346, '12-09-2022', 2, ' truelinesolution Store1 Status Updated From Confirm To Cancel', '2022-09-12 07:59:08', '2022-09-12 07:59:08'),
(918, 347, '12-09-2022', 2, ' truelinesolution Store1 Status Updated From Cancel To Cancel', '2022-09-12 08:00:02', '2022-09-12 08:00:02'),
(919, 347, '12-09-2022', 2, 'Lead Updated By truelinesolution Store1', '2022-09-12 08:00:03', '2022-09-12 08:00:03'),
(920, 347, '12-09-2022', 2, ' truelinesolution Store1 Status Updated From Cancel To Processing', '2022-09-12 08:00:15', '2022-09-12 08:00:15'),
(921, 347, '12-09-2022', 2, ' truelinesolution Store1 Status Updated From Processing To Confirm', '2022-09-12 08:01:01', '2022-09-12 08:01:01'),
(922, 346, '12-09-2022', 2, ' truelinesolution Store1 Status Updated From Cancel To Cancel', '2022-09-12 08:01:06', '2022-09-12 08:01:06'),
(923, 346, '12-09-2022', 2, 'Lead Updated By truelinesolution Store1', '2022-09-12 08:01:07', '2022-09-12 08:01:07'),
(924, 348, '12-09-2022', 2, ' truelinesolution Store1 Status Updated From Confirm To Cancel', '2022-09-12 08:02:43', '2022-09-12 08:02:43'),
(925, 348, '12-09-2022', 2, 'Lead Updated By truelinesolution Store1', '2022-09-12 08:02:59', '2022-09-12 08:02:59'),
(926, 346, '12-09-2022', 2, ' truelinesolution Store1 Status Updated From Cancel To Cancel', '2022-09-12 08:03:04', '2022-09-12 08:03:04'),
(927, 346, '12-09-2022', 2, 'Lead Updated By truelinesolution Store1', '2022-09-12 08:03:05', '2022-09-12 08:03:05'),
(928, 346, '12-09-2022', 2, ' truelinesolution Store1 Status Updated From Cancel To Cancel', '2022-09-12 08:05:18', '2022-09-12 08:05:18'),
(929, 346, '12-09-2022', 2, 'Lead Updated By truelinesolution Store1', '2022-09-12 08:05:19', '2022-09-12 08:05:19'),
(930, 346, '12-09-2022', 2, ' truelinesolution Store1 Status Updated From Cancel To Cancel', '2022-09-12 08:05:27', '2022-09-12 08:05:27'),
(931, 346, '12-09-2022', 2, 'Lead Updated By truelinesolution Store1', '2022-09-12 08:05:28', '2022-09-12 08:05:28'),
(932, 346, '12-09-2022', 2, ' truelinesolution Store1 Status Updated From Cancel To Cancel', '2022-09-12 08:08:27', '2022-09-12 08:08:27'),
(933, 346, '12-09-2022', 2, 'Lead Updated By truelinesolution Store1', '2022-09-12 08:08:28', '2022-09-12 08:08:28'),
(2177, 528, '23-07-2022', 67, 'Lead Created By abc 1', '2022-09-17 06:56:13', '2022-09-17 06:56:13'),
(936, 350, '12-09-2022', 67, ' abc 1 Status Updated From New Lead To Processing', '2022-09-12 10:13:22', '2022-09-12 10:13:22'),
(937, 349, '12-09-2022', 67, ' abc 1 Status Updated From New Lead To Confirm', '2022-09-12 10:13:24', '2022-09-12 10:13:24'),
(938, 314, '12-09-2022', 67, ' abc 1 Status Updated From New Lead To Cancel', '2022-09-12 10:13:27', '2022-09-12 10:13:27'),
(939, 343, '12-09-2022', 2, ' truelinesolution Store1 Status Updated From Cancel To Cancel', '2022-09-12 10:34:08', '2022-09-12 10:34:08'),
(940, 343, '12-09-2022', 2, 'Lead Updated By truelinesolution Store1', '2022-09-12 10:34:10', '2022-09-12 10:34:10'),
(941, 343, '12-09-2022', 2, ' truelinesolution Store1 Status Updated From Cancel To Cancel', '2022-09-12 10:34:15', '2022-09-12 10:34:15'),
(942, 343, '12-09-2022', 2, 'Lead Updated By truelinesolution Store1', '2022-09-12 10:34:17', '2022-09-12 10:34:17'),
(943, 343, '12-09-2022', 2, ' truelinesolution Store1 Status Updated From Cancel To Cancel', '2022-09-12 10:34:20', '2022-09-12 10:34:20'),
(944, 343, '12-09-2022', 2, 'Lead Updated By truelinesolution Store1', '2022-09-12 10:34:25', '2022-09-12 10:34:25'),
(945, 343, '12-09-2022', 2, ' truelinesolution Store1 Status Updated From Cancel To Processing', '2022-09-12 10:34:29', '2022-09-12 10:34:29'),
(946, 344, '12-09-2022', 2, ' truelinesolution Store1 Status Updated From Processing To Processing', '2022-09-12 10:34:46', '2022-09-12 10:34:46'),
(947, 346, '12-09-2022', 2, ' truelinesolution Store1 Status Updated From Cancel To Cancel', '2022-09-12 10:58:14', '2022-09-12 10:58:14'),
(948, 346, '12-09-2022', 2, 'Lead Updated By truelinesolution Store1', '2022-09-12 10:58:15', '2022-09-12 10:58:15'),
(949, 346, '12-09-2022', 2, ' truelinesolution Store1 Status Updated From Cancel To Cancel', '2022-09-12 10:58:23', '2022-09-12 10:58:23'),
(950, 346, '12-09-2022', 2, 'Lead Updated By truelinesolution Store1', '2022-09-12 10:58:24', '2022-09-12 10:58:24'),
(954, 346, '12-09-2022', 2, 'Lead Updated By truelinesolution Store1', '2022-09-12 11:41:56', '2022-09-12 11:41:56'),
(955, 348, '13-09-2022', 2, ' truelinesolution Store1 Status Updated From Confirm To Confirm', '2022-09-13 04:36:31', '2022-09-13 04:36:31'),
(956, 347, '13-09-2022', 2, ' truelinesolution Store1 Status Updated From Confirm To Cancel', '2022-09-13 04:36:35', '2022-09-13 04:36:35'),
(957, 347, '13-09-2022', 2, 'Lead Updated By truelinesolution Store1', '2022-09-13 04:36:37', '2022-09-13 04:36:37'),
(958, 347, '13-09-2022', 2, ' truelinesolution Store1 Status Updated From Confirm To Confirm', '2022-09-13 04:36:40', '2022-09-13 04:36:40'),
(959, 348, '13-09-2022', 2, ' truelinesolution Store1 Status Updated From Confirm To Processing', '2022-09-13 04:38:15', '2022-09-13 04:38:15'),
(960, 346, '13-09-2022', 2, ' truelinesolution Store1 Status Updated From Cancel To Cancel', '2022-09-13 04:38:29', '2022-09-13 04:38:29'),
(961, 346, '13-09-2022', 2, 'Lead Updated By truelinesolution Store1', '2022-09-13 04:38:32', '2022-09-13 04:38:32'),
(962, 346, '13-09-2022', 2, ' truelinesolution Store1 Status Updated From Cancel To Cancel', '2022-09-13 04:40:47', '2022-09-13 04:40:47'),
(963, 346, '13-09-2022', 2, 'Lead Updated By truelinesolution Store1', '2022-09-13 04:40:51', '2022-09-13 04:40:51'),
(964, 347, '13-09-2022', 2, ' truelinesolution Store1 Status Updated From Confirm To Cancel', '2022-09-13 04:41:53', '2022-09-13 04:41:53'),
(965, 347, '13-09-2022', 2, 'Lead Updated By truelinesolution Store1', '2022-09-13 04:41:54', '2022-09-13 04:41:54'),
(966, 347, '13-09-2022', 2, ' truelinesolution Store1 Status Updated From Confirm To Cancel', '2022-09-13 04:42:37', '2022-09-13 04:42:37'),
(967, 347, '13-09-2022', 2, 'Lead Updated By truelinesolution Store1', '2022-09-13 04:42:38', '2022-09-13 04:42:38'),
(968, 346, '13-09-2022', 2, ' truelinesolution Store1 Status Updated From Cancel To Cancel', '2022-09-13 04:42:41', '2022-09-13 04:42:41'),
(969, 346, '13-09-2022', 2, 'Lead Updated By truelinesolution Store1', '2022-09-13 04:42:45', '2022-09-13 04:42:45'),
(970, 346, '13-09-2022', 2, ' truelinesolution Store1 Status Updated From Cancel To Cancel', '2022-09-13 04:44:01', '2022-09-13 04:44:01'),
(971, 346, '13-09-2022', 2, 'Lead Updated By truelinesolution Store1', '2022-09-13 04:44:02', '2022-09-13 04:44:02'),
(972, 352, '13-09-2022', 2, 'Lead Created By truelinesolution Store1', '2022-09-13 04:44:02', '2022-09-13 04:44:02'),
(973, 352, '13-09-2022', 2, ' truelinesolution Store1 Status Updated From Cancel To Cancel', '2022-09-13 04:44:59', '2022-09-13 04:44:59'),
(974, 352, '13-09-2022', 2, 'Lead Updated By truelinesolution Store1', '2022-09-13 04:45:00', '2022-09-13 04:45:00'),
(975, 352, '13-09-2022', 2, 'Lead Updated By truelinesolution Store1', '2022-09-13 04:45:00', '2022-09-13 04:45:00'),
(976, 352, '13-09-2022', 2, 'Lead Updated By truelinesolution Store1', '2022-09-13 04:45:00', '2022-09-13 04:45:00'),
(977, 352, '13-09-2022', 2, 'Lead Updated By truelinesolution Store1', '2022-09-13 04:45:00', '2022-09-13 04:45:00'),
(978, 352, '13-09-2022', 2, 'Lead Updated By truelinesolution Store1', '2022-09-13 04:45:00', '2022-09-13 04:45:00'),
(979, 352, '13-09-2022', 2, 'Lead Updated By truelinesolution Store1', '2022-09-13 04:45:00', '2022-09-13 04:45:00'),
(980, 352, '13-09-2022', 2, 'Lead Updated By truelinesolution Store1', '2022-09-13 04:45:00', '2022-09-13 04:45:00'),
(981, 352, '13-09-2022', 2, 'Lead Updated By truelinesolution Store1', '2022-09-13 04:45:00', '2022-09-13 04:45:00'),
(982, 352, '13-09-2022', 2, 'Lead Updated By truelinesolution Store1', '2022-09-13 04:45:00', '2022-09-13 04:45:00'),
(983, 352, '13-09-2022', 2, 'Lead Updated By truelinesolution Store1', '2022-09-13 04:45:00', '2022-09-13 04:45:00'),
(984, 352, '13-09-2022', 2, 'Lead Updated By truelinesolution Store1', '2022-09-13 04:45:00', '2022-09-13 04:45:00'),
(985, 352, '13-09-2022', 2, 'Lead Updated By truelinesolution Store1', '2022-09-13 04:45:01', '2022-09-13 04:45:01'),
(986, 352, '13-09-2022', 2, 'Lead Updated By truelinesolution Store1', '2022-09-13 04:45:01', '2022-09-13 04:45:01'),
(987, 352, '13-09-2022', 2, 'Lead Updated By truelinesolution Store1', '2022-09-13 04:45:01', '2022-09-13 04:45:01'),
(988, 352, '13-09-2022', 2, 'Lead Updated By truelinesolution Store1', '2022-09-13 04:45:01', '2022-09-13 04:45:01'),
(989, 352, '13-09-2022', 2, 'Lead Updated By truelinesolution Store1', '2022-09-13 04:45:01', '2022-09-13 04:45:01'),
(990, 352, '13-09-2022', 2, 'Lead Updated By truelinesolution Store1', '2022-09-13 04:45:01', '2022-09-13 04:45:01'),
(991, 352, '13-09-2022', 2, 'Lead Updated By truelinesolution Store1', '2022-09-13 04:45:01', '2022-09-13 04:45:01'),
(992, 352, '13-09-2022', 2, 'Lead Updated By truelinesolution Store1', '2022-09-13 04:45:01', '2022-09-13 04:45:01'),
(993, 352, '13-09-2022', 2, 'Lead Updated By truelinesolution Store1', '2022-09-13 04:45:01', '2022-09-13 04:45:01'),
(994, 352, '13-09-2022', 2, 'Lead Updated By truelinesolution Store1', '2022-09-13 04:45:01', '2022-09-13 04:45:01'),
(995, 352, '13-09-2022', 2, 'Lead Updated By truelinesolution Store1', '2022-09-13 04:45:01', '2022-09-13 04:45:01'),
(996, 352, '13-09-2022', 2, 'Lead Updated By truelinesolution Store1', '2022-09-13 04:45:01', '2022-09-13 04:45:01'),
(997, 352, '13-09-2022', 2, 'Lead Updated By truelinesolution Store1', '2022-09-13 04:45:01', '2022-09-13 04:45:01'),
(998, 352, '13-09-2022', 2, 'Lead Updated By truelinesolution Store1', '2022-09-13 04:45:01', '2022-09-13 04:45:01'),
(999, 352, '13-09-2022', 2, 'Lead Updated By truelinesolution Store1', '2022-09-13 04:45:01', '2022-09-13 04:45:01'),
(1000, 352, '13-09-2022', 2, 'Lead Updated By truelinesolution Store1', '2022-09-13 04:45:02', '2022-09-13 04:45:02'),
(1001, 352, '13-09-2022', 2, 'Lead Updated By truelinesolution Store1', '2022-09-13 04:45:02', '2022-09-13 04:45:02'),
(1002, 352, '13-09-2022', 2, 'Lead Updated By truelinesolution Store1', '2022-09-13 04:45:02', '2022-09-13 04:45:02'),
(1003, 352, '13-09-2022', 2, 'Lead Updated By truelinesolution Store1', '2022-09-13 04:45:02', '2022-09-13 04:45:02'),
(1004, 352, '13-09-2022', 2, 'Lead Updated By truelinesolution Store1', '2022-09-13 04:45:02', '2022-09-13 04:45:02'),
(1005, 352, '13-09-2022', 2, 'Lead Updated By truelinesolution Store1', '2022-09-13 04:45:02', '2022-09-13 04:45:02'),
(1006, 352, '13-09-2022', 2, 'Lead Updated By truelinesolution Store1', '2022-09-13 04:45:02', '2022-09-13 04:45:02'),
(1007, 352, '13-09-2022', 2, 'Lead Updated By truelinesolution Store1', '2022-09-13 04:45:02', '2022-09-13 04:45:02'),
(1008, 352, '13-09-2022', 2, 'Lead Updated By truelinesolution Store1', '2022-09-13 04:45:02', '2022-09-13 04:45:02'),
(1009, 352, '13-09-2022', 2, 'Lead Updated By truelinesolution Store1', '2022-09-13 04:45:02', '2022-09-13 04:45:02'),
(1010, 352, '13-09-2022', 2, 'Lead Updated By truelinesolution Store1', '2022-09-13 04:45:02', '2022-09-13 04:45:02'),
(1011, 352, '13-09-2022', 2, 'Lead Updated By truelinesolution Store1', '2022-09-13 04:45:02', '2022-09-13 04:45:02'),
(1012, 352, '13-09-2022', 2, 'Lead Updated By truelinesolution Store1', '2022-09-13 04:45:02', '2022-09-13 04:45:02'),
(1013, 352, '13-09-2022', 2, 'Lead Updated By truelinesolution Store1', '2022-09-13 04:45:02', '2022-09-13 04:45:02'),
(1014, 352, '13-09-2022', 2, 'Lead Updated By truelinesolution Store1', '2022-09-13 04:45:02', '2022-09-13 04:45:02'),
(1015, 352, '13-09-2022', 2, 'Lead Updated By truelinesolution Store1', '2022-09-13 04:45:02', '2022-09-13 04:45:02'),
(1016, 352, '13-09-2022', 2, 'Lead Updated By truelinesolution Store1', '2022-09-13 04:45:03', '2022-09-13 04:45:03'),
(1017, 352, '13-09-2022', 2, 'Lead Updated By truelinesolution Store1', '2022-09-13 04:45:03', '2022-09-13 04:45:03'),
(1018, 352, '13-09-2022', 2, 'Lead Updated By truelinesolution Store1', '2022-09-13 04:45:03', '2022-09-13 04:45:03'),
(1019, 352, '13-09-2022', 2, 'Lead Updated By truelinesolution Store1', '2022-09-13 04:45:03', '2022-09-13 04:45:03'),
(1020, 352, '13-09-2022', 2, 'Lead Updated By truelinesolution Store1', '2022-09-13 04:45:03', '2022-09-13 04:45:03'),
(1021, 352, '13-09-2022', 2, 'Lead Updated By truelinesolution Store1', '2022-09-13 04:45:03', '2022-09-13 04:45:03'),
(1022, 352, '13-09-2022', 2, 'Lead Updated By truelinesolution Store1', '2022-09-13 04:45:03', '2022-09-13 04:45:03'),
(1023, 352, '13-09-2022', 2, 'Lead Updated By truelinesolution Store1', '2022-09-13 04:45:03', '2022-09-13 04:45:03'),
(1024, 352, '13-09-2022', 2, 'Lead Updated By truelinesolution Store1', '2022-09-13 04:45:03', '2022-09-13 04:45:03'),
(1025, 352, '13-09-2022', 2, 'Lead Updated By truelinesolution Store1', '2022-09-13 04:45:03', '2022-09-13 04:45:03'),
(1026, 352, '13-09-2022', 2, 'Lead Updated By truelinesolution Store1', '2022-09-13 04:45:03', '2022-09-13 04:45:03'),
(1027, 352, '13-09-2022', 2, 'Lead Updated By truelinesolution Store1', '2022-09-13 04:45:03', '2022-09-13 04:45:03'),
(1028, 352, '13-09-2022', 2, 'Lead Updated By truelinesolution Store1', '2022-09-13 04:45:03', '2022-09-13 04:45:03'),
(1029, 352, '13-09-2022', 2, 'Lead Updated By truelinesolution Store1', '2022-09-13 04:45:03', '2022-09-13 04:45:03'),
(1030, 352, '13-09-2022', 2, 'Lead Updated By truelinesolution Store1', '2022-09-13 04:45:04', '2022-09-13 04:45:04'),
(1031, 352, '13-09-2022', 2, 'Lead Updated By truelinesolution Store1', '2022-09-13 04:45:04', '2022-09-13 04:45:04'),
(1032, 352, '13-09-2022', 2, 'Lead Updated By truelinesolution Store1', '2022-09-13 04:45:04', '2022-09-13 04:45:04'),
(1033, 352, '13-09-2022', 2, 'Lead Updated By truelinesolution Store1', '2022-09-13 04:45:04', '2022-09-13 04:45:04'),
(1034, 352, '13-09-2022', 2, 'Lead Updated By truelinesolution Store1', '2022-09-13 04:45:04', '2022-09-13 04:45:04'),
(1035, 352, '13-09-2022', 2, 'Lead Updated By truelinesolution Store1', '2022-09-13 04:45:04', '2022-09-13 04:45:04'),
(1036, 352, '13-09-2022', 2, 'Lead Updated By truelinesolution Store1', '2022-09-13 04:45:04', '2022-09-13 04:45:04'),
(1037, 352, '13-09-2022', 2, 'Lead Updated By truelinesolution Store1', '2022-09-13 04:45:04', '2022-09-13 04:45:04'),
(1038, 352, '13-09-2022', 2, 'Lead Updated By truelinesolution Store1', '2022-09-13 04:45:04', '2022-09-13 04:45:04'),
(1039, 352, '13-09-2022', 2, 'Lead Updated By truelinesolution Store1', '2022-09-13 04:45:04', '2022-09-13 04:45:04'),
(1040, 352, '13-09-2022', 2, 'Lead Updated By truelinesolution Store1', '2022-09-13 04:45:04', '2022-09-13 04:45:04'),
(1041, 352, '13-09-2022', 2, 'Lead Updated By truelinesolution Store1', '2022-09-13 04:45:04', '2022-09-13 04:45:04'),
(1042, 352, '13-09-2022', 2, 'Lead Updated By truelinesolution Store1', '2022-09-13 04:45:04', '2022-09-13 04:45:04'),
(1043, 352, '13-09-2022', 2, 'Lead Updated By truelinesolution Store1', '2022-09-13 04:45:04', '2022-09-13 04:45:04'),
(1044, 352, '13-09-2022', 2, 'Lead Updated By truelinesolution Store1', '2022-09-13 04:45:04', '2022-09-13 04:45:04'),
(1045, 352, '13-09-2022', 2, 'Lead Updated By truelinesolution Store1', '2022-09-13 04:45:04', '2022-09-13 04:45:04'),
(1046, 352, '13-09-2022', 2, 'Lead Updated By truelinesolution Store1', '2022-09-13 04:45:05', '2022-09-13 04:45:05'),
(1047, 352, '13-09-2022', 2, 'Lead Updated By truelinesolution Store1', '2022-09-13 04:45:05', '2022-09-13 04:45:05'),
(1048, 352, '13-09-2022', 2, 'Lead Updated By truelinesolution Store1', '2022-09-13 04:45:05', '2022-09-13 04:45:05'),
(1049, 352, '13-09-2022', 2, 'Lead Updated By truelinesolution Store1', '2022-09-13 04:45:05', '2022-09-13 04:45:05'),
(1050, 352, '13-09-2022', 2, 'Lead Updated By truelinesolution Store1', '2022-09-13 04:45:05', '2022-09-13 04:45:05'),
(1051, 352, '13-09-2022', 2, 'Lead Updated By truelinesolution Store1', '2022-09-13 04:45:05', '2022-09-13 04:45:05'),
(1052, 352, '13-09-2022', 2, 'Lead Updated By truelinesolution Store1', '2022-09-13 04:45:05', '2022-09-13 04:45:05'),
(1053, 352, '13-09-2022', 2, 'Lead Updated By truelinesolution Store1', '2022-09-13 04:45:05', '2022-09-13 04:45:05'),
(1054, 352, '13-09-2022', 2, 'Lead Updated By truelinesolution Store1', '2022-09-13 04:45:05', '2022-09-13 04:45:05'),
(1055, 352, '13-09-2022', 2, 'Lead Updated By truelinesolution Store1', '2022-09-13 04:45:05', '2022-09-13 04:45:05'),
(1056, 352, '13-09-2022', 2, 'Lead Updated By truelinesolution Store1', '2022-09-13 04:45:05', '2022-09-13 04:45:05'),
(1057, 352, '13-09-2022', 2, 'Lead Updated By truelinesolution Store1', '2022-09-13 04:45:05', '2022-09-13 04:45:05'),
(1058, 352, '13-09-2022', 2, 'Lead Updated By truelinesolution Store1', '2022-09-13 04:45:05', '2022-09-13 04:45:05'),
(1059, 352, '13-09-2022', 2, 'Lead Updated By truelinesolution Store1', '2022-09-13 04:45:05', '2022-09-13 04:45:05'),
(1060, 352, '13-09-2022', 2, 'Lead Updated By truelinesolution Store1', '2022-09-13 04:45:05', '2022-09-13 04:45:05'),
(1061, 352, '13-09-2022', 2, 'Lead Updated By truelinesolution Store1', '2022-09-13 04:45:05', '2022-09-13 04:45:05'),
(1062, 352, '13-09-2022', 2, 'Lead Updated By truelinesolution Store1', '2022-09-13 04:45:06', '2022-09-13 04:45:06'),
(1063, 352, '13-09-2022', 2, 'Lead Updated By truelinesolution Store1', '2022-09-13 04:45:06', '2022-09-13 04:45:06'),
(1064, 352, '13-09-2022', 2, 'Lead Updated By truelinesolution Store1', '2022-09-13 04:45:06', '2022-09-13 04:45:06'),
(1065, 352, '13-09-2022', 2, 'Lead Updated By truelinesolution Store1', '2022-09-13 04:45:06', '2022-09-13 04:45:06'),
(1066, 352, '13-09-2022', 2, 'Lead Updated By truelinesolution Store1', '2022-09-13 04:45:06', '2022-09-13 04:45:06'),
(1067, 352, '13-09-2022', 2, 'Lead Updated By truelinesolution Store1', '2022-09-13 04:45:06', '2022-09-13 04:45:06'),
(1068, 352, '13-09-2022', 2, 'Lead Updated By truelinesolution Store1', '2022-09-13 04:45:06', '2022-09-13 04:45:06'),
(1069, 352, '13-09-2022', 2, 'Lead Updated By truelinesolution Store1', '2022-09-13 04:45:06', '2022-09-13 04:45:06'),
(1070, 352, '13-09-2022', 2, 'Lead Updated By truelinesolution Store1', '2022-09-13 04:45:06', '2022-09-13 04:45:06'),
(1071, 352, '13-09-2022', 2, 'Lead Updated By truelinesolution Store1', '2022-09-13 04:45:06', '2022-09-13 04:45:06'),
(1072, 352, '13-09-2022', 2, 'Lead Updated By truelinesolution Store1', '2022-09-13 04:45:06', '2022-09-13 04:45:06'),
(1073, 352, '13-09-2022', 2, 'Lead Updated By truelinesolution Store1', '2022-09-13 04:45:06', '2022-09-13 04:45:06'),
(1074, 352, '13-09-2022', 2, 'Lead Updated By truelinesolution Store1', '2022-09-13 04:45:06', '2022-09-13 04:45:06'),
(1075, 352, '13-09-2022', 2, 'Lead Updated By truelinesolution Store1', '2022-09-13 04:45:07', '2022-09-13 04:45:07'),
(1076, 352, '13-09-2022', 2, 'Lead Updated By truelinesolution Store1', '2022-09-13 04:45:07', '2022-09-13 04:45:07'),
(1077, 352, '13-09-2022', 2, 'Lead Updated By truelinesolution Store1', '2022-09-13 04:45:07', '2022-09-13 04:45:07'),
(1078, 352, '13-09-2022', 2, 'Lead Updated By truelinesolution Store1', '2022-09-13 04:45:07', '2022-09-13 04:45:07'),
(1079, 352, '13-09-2022', 2, 'Lead Updated By truelinesolution Store1', '2022-09-13 04:45:07', '2022-09-13 04:45:07'),
(1080, 352, '13-09-2022', 2, 'Lead Updated By truelinesolution Store1', '2022-09-13 04:45:07', '2022-09-13 04:45:07'),
(1081, 352, '13-09-2022', 2, 'Lead Updated By truelinesolution Store1', '2022-09-13 04:45:07', '2022-09-13 04:45:07'),
(1082, 352, '13-09-2022', 2, 'Lead Updated By truelinesolution Store1', '2022-09-13 04:45:07', '2022-09-13 04:45:07'),
(1083, 352, '13-09-2022', 2, 'Lead Updated By truelinesolution Store1', '2022-09-13 04:45:07', '2022-09-13 04:45:07'),
(1084, 352, '13-09-2022', 2, 'Lead Updated By truelinesolution Store1', '2022-09-13 04:45:07', '2022-09-13 04:45:07'),
(1085, 352, '13-09-2022', 2, 'Lead Updated By truelinesolution Store1', '2022-09-13 04:45:07', '2022-09-13 04:45:07'),
(1086, 352, '13-09-2022', 2, 'Lead Updated By truelinesolution Store1', '2022-09-13 04:45:07', '2022-09-13 04:45:07'),
(1087, 352, '13-09-2022', 2, 'Lead Updated By truelinesolution Store1', '2022-09-13 04:45:07', '2022-09-13 04:45:07'),
(1088, 352, '13-09-2022', 2, 'Lead Updated By truelinesolution Store1', '2022-09-13 04:45:08', '2022-09-13 04:45:08'),
(1089, 352, '13-09-2022', 2, 'Lead Updated By truelinesolution Store1', '2022-09-13 04:45:08', '2022-09-13 04:45:08'),
(1090, 352, '13-09-2022', 2, 'Lead Updated By truelinesolution Store1', '2022-09-13 04:45:08', '2022-09-13 04:45:08'),
(1091, 352, '13-09-2022', 2, 'Lead Updated By truelinesolution Store1', '2022-09-13 04:45:08', '2022-09-13 04:45:08'),
(1092, 352, '13-09-2022', 2, 'Lead Updated By truelinesolution Store1', '2022-09-13 04:45:08', '2022-09-13 04:45:08'),
(1093, 352, '13-09-2022', 2, 'Lead Updated By truelinesolution Store1', '2022-09-13 04:45:08', '2022-09-13 04:45:08'),
(1094, 352, '13-09-2022', 2, 'Lead Updated By truelinesolution Store1', '2022-09-13 04:45:08', '2022-09-13 04:45:08'),
(1095, 352, '13-09-2022', 2, 'Lead Updated By truelinesolution Store1', '2022-09-13 04:45:08', '2022-09-13 04:45:08'),
(1096, 352, '13-09-2022', 2, 'Lead Updated By truelinesolution Store1', '2022-09-13 04:45:08', '2022-09-13 04:45:08'),
(1097, 352, '13-09-2022', 2, 'Lead Updated By truelinesolution Store1', '2022-09-13 04:45:08', '2022-09-13 04:45:08'),
(1098, 352, '13-09-2022', 2, 'Lead Updated By truelinesolution Store1', '2022-09-13 04:45:08', '2022-09-13 04:45:08'),
(1099, 352, '13-09-2022', 2, 'Lead Updated By truelinesolution Store1', '2022-09-13 04:45:08', '2022-09-13 04:45:08'),
(1100, 352, '13-09-2022', 2, 'Lead Updated By truelinesolution Store1', '2022-09-13 04:45:09', '2022-09-13 04:45:09'),
(1101, 352, '13-09-2022', 2, 'Lead Updated By truelinesolution Store1', '2022-09-13 04:45:09', '2022-09-13 04:45:09'),
(1102, 352, '13-09-2022', 2, 'Lead Updated By truelinesolution Store1', '2022-09-13 04:45:09', '2022-09-13 04:45:09'),
(1103, 352, '13-09-2022', 2, 'Lead Updated By truelinesolution Store1', '2022-09-13 04:45:09', '2022-09-13 04:45:09'),
(1104, 352, '13-09-2022', 2, 'Lead Updated By truelinesolution Store1', '2022-09-13 04:45:09', '2022-09-13 04:45:09'),
(1105, 352, '13-09-2022', 2, 'Lead Updated By truelinesolution Store1', '2022-09-13 04:45:09', '2022-09-13 04:45:09'),
(1106, 352, '13-09-2022', 2, 'Lead Updated By truelinesolution Store1', '2022-09-13 04:45:09', '2022-09-13 04:45:09'),
(1107, 352, '13-09-2022', 2, 'Lead Updated By truelinesolution Store1', '2022-09-13 04:45:09', '2022-09-13 04:45:09'),
(1108, 352, '13-09-2022', 2, 'Lead Updated By truelinesolution Store1', '2022-09-13 04:45:09', '2022-09-13 04:45:09'),
(1109, 352, '13-09-2022', 2, 'Lead Updated By truelinesolution Store1', '2022-09-13 04:45:09', '2022-09-13 04:45:09'),
(1110, 352, '13-09-2022', 2, 'Lead Updated By truelinesolution Store1', '2022-09-13 04:45:09', '2022-09-13 04:45:09'),
(1111, 352, '13-09-2022', 2, 'Lead Updated By truelinesolution Store1', '2022-09-13 04:45:09', '2022-09-13 04:45:09'),
(1112, 352, '13-09-2022', 2, 'Lead Updated By truelinesolution Store1', '2022-09-13 04:45:09', '2022-09-13 04:45:09'),
(1113, 352, '13-09-2022', 2, 'Lead Updated By truelinesolution Store1', '2022-09-13 04:45:10', '2022-09-13 04:45:10'),
(1114, 352, '13-09-2022', 2, 'Lead Updated By truelinesolution Store1', '2022-09-13 04:45:10', '2022-09-13 04:45:10'),
(1115, 352, '13-09-2022', 2, 'Lead Updated By truelinesolution Store1', '2022-09-13 04:45:10', '2022-09-13 04:45:10'),
(1116, 352, '13-09-2022', 2, 'Lead Updated By truelinesolution Store1', '2022-09-13 04:45:10', '2022-09-13 04:45:10'),
(1117, 352, '13-09-2022', 2, 'Lead Updated By truelinesolution Store1', '2022-09-13 04:45:10', '2022-09-13 04:45:10'),
(1118, 352, '13-09-2022', 2, 'Lead Updated By truelinesolution Store1', '2022-09-13 04:45:10', '2022-09-13 04:45:10'),
(1119, 352, '13-09-2022', 2, 'Lead Updated By truelinesolution Store1', '2022-09-13 04:45:10', '2022-09-13 04:45:10'),
(1120, 352, '13-09-2022', 2, 'Lead Updated By truelinesolution Store1', '2022-09-13 04:45:10', '2022-09-13 04:45:10'),
(1121, 352, '13-09-2022', 2, 'Lead Updated By truelinesolution Store1', '2022-09-13 04:45:10', '2022-09-13 04:45:10'),
(1122, 352, '13-09-2022', 2, 'Lead Updated By truelinesolution Store1', '2022-09-13 04:45:10', '2022-09-13 04:45:10'),
(1123, 352, '13-09-2022', 2, 'Lead Updated By truelinesolution Store1', '2022-09-13 04:45:11', '2022-09-13 04:45:11'),
(1124, 352, '13-09-2022', 2, 'Lead Updated By truelinesolution Store1', '2022-09-13 04:45:11', '2022-09-13 04:45:11'),
(1125, 352, '13-09-2022', 2, 'Lead Updated By truelinesolution Store1', '2022-09-13 04:45:11', '2022-09-13 04:45:11'),
(1126, 352, '13-09-2022', 2, 'Lead Updated By truelinesolution Store1', '2022-09-13 04:45:11', '2022-09-13 04:45:11'),
(1127, 352, '13-09-2022', 2, ' truelinesolution Store1 Status Updated From Cancel To Cancel', '2022-09-13 04:45:15', '2022-09-13 04:45:15'),
(1128, 352, '13-09-2022', 2, 'Lead Updated By truelinesolution Store1', '2022-09-13 04:45:16', '2022-09-13 04:45:16'),
(1129, 352, '13-09-2022', 2, ' truelinesolution Store1 Status Updated From Cancel To Cancel', '2022-09-13 04:45:50', '2022-09-13 04:45:50'),
(1130, 352, '13-09-2022', 2, 'Lead Updated By truelinesolution Store1', '2022-09-13 04:45:52', '2022-09-13 04:45:52'),
(1131, 352, '13-09-2022', 2, ' truelinesolution Store1 Status Updated From Cancel To Cancel', '2022-09-13 04:48:55', '2022-09-13 04:48:55'),
(1132, 352, '13-09-2022', 2, 'Lead Updated By truelinesolution Store1', '2022-09-13 04:48:56', '2022-09-13 04:48:56'),
(1133, 346, '13-09-2022', 2, ' truelinesolution Store1 Status Updated From Cancel To Cancel', '2022-09-13 04:51:32', '2022-09-13 04:51:32'),
(1134, 346, '13-09-2022', 2, 'Lead Updated By truelinesolution Store1', '2022-09-13 04:51:34', '2022-09-13 04:51:34'),
(1135, 352, '13-09-2022', 2, ' truelinesolution Store1 Status Updated From Cancel To Cancel', '2022-09-13 04:53:02', '2022-09-13 04:53:02'),
(1136, 352, '13-09-2022', 2, 'Lead Updated By truelinesolution Store1', '2022-09-13 04:53:05', '2022-09-13 04:53:05'),
(1137, 352, '13-09-2022', 2, ' truelinesolution Store1 Status Updated From Cancel To Cancel', '2022-09-13 04:54:55', '2022-09-13 04:54:55'),
(1138, 352, '13-09-2022', 2, 'Lead Updated By truelinesolution Store1', '2022-09-13 04:54:57', '2022-09-13 04:54:57'),
(1139, 352, '13-09-2022', 2, ' truelinesolution Store1 Status Updated From Cancel To Cancel', '2022-09-13 04:55:45', '2022-09-13 04:55:45'),
(1140, 352, '13-09-2022', 2, 'Lead Updated By truelinesolution Store1', '2022-09-13 04:55:46', '2022-09-13 04:55:46'),
(1141, 352, '13-09-2022', 2, ' truelinesolution Store1 Status Updated From Cancel To Confirm', '2022-09-13 04:58:17', '2022-09-13 04:58:17'),
(1142, 352, '13-09-2022', 2, ' truelinesolution Store1 Status Updated From Confirm To Cancel', '2022-09-13 04:58:19', '2022-09-13 04:58:19'),
(1143, 352, '13-09-2022', 2, 'Lead Updated By truelinesolution Store1', '2022-09-13 04:58:22', '2022-09-13 04:58:22'),
(1144, 347, '13-09-2022', 2, ' truelinesolution Store1 Status Updated From Confirm To Cancel', '2022-09-13 04:58:31', '2022-09-13 04:58:31'),
(1145, 347, '13-09-2022', 2, 'Lead Updated By truelinesolution Store1', '2022-09-13 04:58:32', '2022-09-13 04:58:32'),
(1146, 346, '13-09-2022', 2, ' truelinesolution Store1 Status Updated From Cancel To Cancel', '2022-09-13 04:59:02', '2022-09-13 04:59:02'),
(1147, 346, '13-09-2022', 2, 'Lead Updated By truelinesolution Store1', '2022-09-13 04:59:04', '2022-09-13 04:59:04'),
(1148, 346, '13-09-2022', 2, ' truelinesolution Store1 Status Updated From Cancel To Cancel', '2022-09-13 04:59:14', '2022-09-13 04:59:14'),
(1149, 346, '13-09-2022', 2, 'Lead Updated By truelinesolution Store1', '2022-09-13 04:59:17', '2022-09-13 04:59:17'),
(1150, 346, '13-09-2022', 2, ' truelinesolution Store1 Status Updated From Cancel To Cancel', '2022-09-13 05:00:52', '2022-09-13 05:00:52'),
(1151, 346, '13-09-2022', 2, 'Lead Updated By truelinesolution Store1', '2022-09-13 05:00:53', '2022-09-13 05:00:53'),
(1152, 346, '13-09-2022', 2, ' truelinesolution Store1 Status Updated From Cancel To Cancel', '2022-09-13 05:01:02', '2022-09-13 05:01:02'),
(1153, 346, '13-09-2022', 2, 'Lead Updated By truelinesolution Store1', '2022-09-13 05:01:04', '2022-09-13 05:01:04'),
(1154, 346, '13-09-2022', 2, ' truelinesolution Store1 Status Updated From Cancel To Cancel', '2022-09-13 05:03:13', '2022-09-13 05:03:13'),
(1155, 346, '13-09-2022', 2, 'Lead Updated By truelinesolution Store1', '2022-09-13 05:03:15', '2022-09-13 05:03:15'),
(1156, 346, '13-09-2022', 2, ' truelinesolution Store1 Status Updated From Cancel To Cancel', '2022-09-13 05:06:10', '2022-09-13 05:06:10'),
(1157, 346, '13-09-2022', 2, 'Lead Updated By truelinesolution Store1', '2022-09-13 05:06:11', '2022-09-13 05:06:11'),
(1158, 346, '13-09-2022', 2, ' truelinesolution Store1 Status Updated From Cancel To Cancel', '2022-09-13 05:06:22', '2022-09-13 05:06:22'),
(1159, 346, '13-09-2022', 2, ' truelinesolution Store1 Status Updated From Cancel To Cancel', '2022-09-13 05:06:26', '2022-09-13 05:06:26'),
(1160, 346, '13-09-2022', 2, 'Lead Updated By truelinesolution Store1', '2022-09-13 05:06:32', '2022-09-13 05:06:32'),
(1161, 346, '13-09-2022', 2, ' truelinesolution Store1 Status Updated From Cancel To Cancel', '2022-09-13 05:09:32', '2022-09-13 05:09:32'),
(1162, 346, '13-09-2022', 2, 'Lead Updated By truelinesolution Store1', '2022-09-13 05:09:36', '2022-09-13 05:09:36'),
(1163, 346, '13-09-2022', 2, ' truelinesolution Store1 Status Updated From Cancel To Cancel', '2022-09-13 05:09:56', '2022-09-13 05:09:56'),
(1164, 346, '13-09-2022', 2, 'Lead Updated By truelinesolution Store1', '2022-09-13 05:09:57', '2022-09-13 05:09:57'),
(1165, 346, '13-09-2022', 2, ' truelinesolution Store1 Status Updated From Cancel To Cancel', '2022-09-13 05:10:32', '2022-09-13 05:10:32'),
(1166, 346, '13-09-2022', 2, 'Lead Updated By truelinesolution Store1', '2022-09-13 05:10:33', '2022-09-13 05:10:33'),
(1167, 347, '13-09-2022', 2, ' truelinesolution Store1 Status Updated From Confirm To Cancel', '2022-09-13 05:15:29', '2022-09-13 05:15:29'),
(1168, 347, '13-09-2022', 2, 'Lead Updated By truelinesolution Store1', '2022-09-13 05:15:32', '2022-09-13 05:15:32'),
(1169, 345, '13-09-2022', 2, ' truelinesolution Store1 Status Updated From Confirm To Cancel', '2022-09-13 05:15:42', '2022-09-13 05:15:42'),
(1170, 345, '13-09-2022', 2, 'Lead Updated By truelinesolution Store1', '2022-09-13 05:15:44', '2022-09-13 05:15:44'),
(1171, 345, '13-09-2022', 2, ' truelinesolution Store1 Status Updated From Confirm To Cancel', '2022-09-13 05:15:56', '2022-09-13 05:15:56'),
(1172, 345, '13-09-2022', 2, 'Lead Updated By truelinesolution Store1', '2022-09-13 05:15:57', '2022-09-13 05:15:57'),
(1173, 346, '13-09-2022', 2, ' truelinesolution Store1 Status Updated From Cancel To Cancel', '2022-09-13 05:28:35', '2022-09-13 05:28:35'),
(1174, 346, '13-09-2022', 2, 'Lead Updated By truelinesolution Store1', '2022-09-13 05:28:36', '2022-09-13 05:28:36'),
(1175, 346, '13-09-2022', 2, ' truelinesolution Store1 Status Updated From Cancel To Cancel', '2022-09-13 05:29:15', '2022-09-13 05:29:15'),
(1176, 346, '13-09-2022', 2, 'Lead Updated By truelinesolution Store1', '2022-09-13 05:29:17', '2022-09-13 05:29:17'),
(1177, 346, '13-09-2022', 2, ' truelinesolution Store1 Status Updated From Cancel To Cancel', '2022-09-13 05:29:24', '2022-09-13 05:29:24'),
(1178, 346, '13-09-2022', 2, 'Lead Updated By truelinesolution Store1', '2022-09-13 05:29:27', '2022-09-13 05:29:27'),
(1179, 346, '13-09-2022', 2, ' truelinesolution Store1 Status Updated From Cancel To Cancel', '2022-09-13 05:35:54', '2022-09-13 05:35:54'),
(1180, 346, '13-09-2022', 2, 'Lead Updated By truelinesolution Store1', '2022-09-13 05:35:55', '2022-09-13 05:35:55'),
(1181, 346, '13-09-2022', 2, ' truelinesolution Store1 Status Updated From Cancel To Cancel', '2022-09-13 05:36:50', '2022-09-13 05:36:50'),
(1182, 346, '13-09-2022', 2, 'Lead Updated By truelinesolution Store1', '2022-09-13 05:36:51', '2022-09-13 05:36:51'),
(1183, 346, '13-09-2022', 2, ' truelinesolution Store1 Status Updated From Cancel To Confirm', '2022-09-13 05:39:17', '2022-09-13 05:39:17'),
(1184, 344, '13-09-2022', 2, ' truelinesolution Store1 Status Updated From Processing To Cancel', '2022-09-13 05:39:19', '2022-09-13 05:39:19'),
(1185, 344, '13-09-2022', 2, 'Lead Updated By truelinesolution Store1', '2022-09-13 05:39:21', '2022-09-13 05:39:21'),
(1186, 246, '13-09-2022', 2, ' truelinesolution Store1 Status Updated From Cancel To Cancel', '2022-09-13 05:39:46', '2022-09-13 05:39:46'),
(1187, 246, '13-09-2022', 2, 'Lead Updated By truelinesolution Store1', '2022-09-13 05:39:49', '2022-09-13 05:39:49'),
(1188, 353, '13-09-2022', 2, 'Lead Created By truelinesolution Store1', '2022-09-13 05:41:45', '2022-09-13 05:41:45'),
(1189, 353, '13-09-2022', 2, ' truelinesolution Store1 Status Updated From Cancel To Cancel', '2022-09-13 05:46:11', '2022-09-13 05:46:11'),
(1190, 353, '13-09-2022', 2, 'Lead Updated By truelinesolution Store1', '2022-09-13 05:46:12', '2022-09-13 05:46:12'),
(1191, 353, '13-09-2022', 2, ' truelinesolution Store1 Status Updated From Cancel To Cancel', '2022-09-13 05:46:19', '2022-09-13 05:46:19'),
(1192, 353, '13-09-2022', 2, ' truelinesolution Store1 Status Updated From Cancel To Cancel', '2022-09-13 05:50:18', '2022-09-13 05:50:18'),
(1193, 353, '13-09-2022', 2, 'Lead Updated By truelinesolution Store1', '2022-09-13 05:50:19', '2022-09-13 05:50:19'),
(1194, 353, '13-09-2022', 2, ' truelinesolution Store1 Status Updated From Cancel To Cancel', '2022-09-13 05:51:10', '2022-09-13 05:51:10'),
(1195, 353, '13-09-2022', 2, 'Lead Updated By truelinesolution Store1', '2022-09-13 05:51:11', '2022-09-13 05:51:11'),
(1196, 275, '13-09-2022', 2, ' truelinesolution Store1 Status Updated From Processing Lead To Confirm', '2022-09-13 05:52:45', '2022-09-13 05:52:45'),
(1197, 271, '13-09-2022', 2, ' truelinesolution Store1 Status Updated From Confirm Lead To Processing', '2022-09-13 05:52:49', '2022-09-13 05:52:49'),
(1198, 344, '13-09-2022', 2, ' truelinesolution Store1 Status Updated From Processing Lead To Confirm', '2022-09-13 05:53:00', '2022-09-13 05:53:00'),
(1199, 265, '13-09-2022', 2, ' truelinesolution Store1 Status Updated From Processing Lead To Confirm', '2022-09-13 05:53:11', '2022-09-13 05:53:11'),
(2283, 575, '17-09-2022', 3, 'Lead Created By itachi5 uchiha', '2022-09-17 11:31:04', '2022-09-17 11:31:04'),
(1201, 94, '13-09-2022', 2, ' truelinesolution Store1 Status Updated From Processing Lead To Confirm', '2022-09-13 05:53:19', '2022-09-13 05:53:19'),
(1202, 353, '13-09-2022', 2, ' truelinesolution Store1 Status Updated From Cancel To Confirm', '2022-09-13 05:54:56', '2022-09-13 05:54:56'),
(1203, 353, '13-09-2022', 2, ' truelinesolution Store1 Status Updated From Confirm To Cancel', '2022-09-13 05:55:00', '2022-09-13 05:55:00'),
(1204, 353, '13-09-2022', 2, 'Lead Updated By truelinesolution Store1', '2022-09-13 05:55:01', '2022-09-13 05:55:01'),
(1205, 353, '13-09-2022', 2, ' truelinesolution Store1 Status Updated From Confirm To Cancel', '2022-09-13 05:55:51', '2022-09-13 05:55:51'),
(1206, 353, '13-09-2022', 2, 'Lead Updated By truelinesolution Store1', '2022-09-13 05:55:53', '2022-09-13 05:55:53'),
(1207, 352, '13-09-2022', 2, ' truelinesolution Store1 Status Updated From Confirm To Confirm', '2022-09-13 05:58:12', '2022-09-13 05:58:12'),
(1208, 353, '13-09-2022', 2, ' truelinesolution Store1 Status Updated From Confirm To Cancel', '2022-09-13 05:58:27', '2022-09-13 05:58:27'),
(1209, 353, '13-09-2022', 2, 'Lead Updated By truelinesolution Store1', '2022-09-13 05:58:28', '2022-09-13 05:58:28'),
(1210, 353, '13-09-2022', 2, ' truelinesolution Store1 Status Updated From Confirm To Cancel', '2022-09-13 05:59:36', '2022-09-13 05:59:36'),
(1211, 353, '13-09-2022', 2, 'Lead Updated By truelinesolution Store1', '2022-09-13 05:59:50', '2022-09-13 05:59:50'),
(1212, 352, '13-09-2022', 2, ' truelinesolution Store1 Status Updated From Confirm To Cancel', '2022-09-13 06:00:06', '2022-09-13 06:00:06'),
(1213, 352, '13-09-2022', 2, 'Lead Updated By truelinesolution Store1', '2022-09-13 06:00:08', '2022-09-13 06:00:08'),
(1214, 353, '13-09-2022', 2, ' truelinesolution Store1 Status Updated From Confirm To Cancel', '2022-09-13 06:01:07', '2022-09-13 06:01:07'),
(1215, 353, '13-09-2022', 2, 'Lead Updated By truelinesolution Store1', '2022-09-13 06:01:09', '2022-09-13 06:01:09'),
(1216, 353, '13-09-2022', 2, 'Lead Updated By truelinesolution Store1', '2022-09-13 06:01:09', '2022-09-13 06:01:09'),
(1217, 353, '13-09-2022', 2, 'Lead Updated By truelinesolution Store1', '2022-09-13 06:01:09', '2022-09-13 06:01:09'),
(1218, 353, '13-09-2022', 2, 'Lead Updated By truelinesolution Store1', '2022-09-13 06:01:09', '2022-09-13 06:01:09'),
(1219, 353, '13-09-2022', 2, 'Lead Updated By truelinesolution Store1', '2022-09-13 06:01:09', '2022-09-13 06:01:09'),
(1220, 353, '13-09-2022', 2, 'Lead Updated By truelinesolution Store1', '2022-09-13 06:01:09', '2022-09-13 06:01:09'),
(1221, 353, '13-09-2022', 2, 'Lead Updated By truelinesolution Store1', '2022-09-13 06:01:09', '2022-09-13 06:01:09'),
(1222, 353, '13-09-2022', 2, 'Lead Updated By truelinesolution Store1', '2022-09-13 06:01:09', '2022-09-13 06:01:09'),
(1223, 353, '13-09-2022', 2, 'Lead Updated By truelinesolution Store1', '2022-09-13 06:01:09', '2022-09-13 06:01:09'),
(1224, 353, '13-09-2022', 2, 'Lead Updated By truelinesolution Store1', '2022-09-13 06:01:10', '2022-09-13 06:01:10'),
(1225, 353, '13-09-2022', 2, 'Lead Updated By truelinesolution Store1', '2022-09-13 06:01:10', '2022-09-13 06:01:10'),
(1226, 353, '13-09-2022', 2, 'Lead Updated By truelinesolution Store1', '2022-09-13 06:01:10', '2022-09-13 06:01:10'),
(1227, 353, '13-09-2022', 2, 'Lead Updated By truelinesolution Store1', '2022-09-13 06:01:10', '2022-09-13 06:01:10'),
(1228, 353, '13-09-2022', 2, 'Lead Updated By truelinesolution Store1', '2022-09-13 06:01:10', '2022-09-13 06:01:10'),
(1229, 353, '13-09-2022', 2, 'Lead Updated By truelinesolution Store1', '2022-09-13 06:01:10', '2022-09-13 06:01:10'),
(1230, 353, '13-09-2022', 2, 'Lead Updated By truelinesolution Store1', '2022-09-13 06:01:10', '2022-09-13 06:01:10'),
(1231, 353, '13-09-2022', 2, 'Lead Updated By truelinesolution Store1', '2022-09-13 06:01:10', '2022-09-13 06:01:10'),
(1232, 353, '13-09-2022', 2, 'Lead Updated By truelinesolution Store1', '2022-09-13 06:01:10', '2022-09-13 06:01:10'),
(1233, 353, '13-09-2022', 2, 'Lead Updated By truelinesolution Store1', '2022-09-13 06:01:10', '2022-09-13 06:01:10'),
(1234, 353, '13-09-2022', 2, 'Lead Updated By truelinesolution Store1', '2022-09-13 06:01:10', '2022-09-13 06:01:10'),
(1235, 353, '13-09-2022', 2, 'Lead Updated By truelinesolution Store1', '2022-09-13 06:01:10', '2022-09-13 06:01:10'),
(1236, 353, '13-09-2022', 2, 'Lead Updated By truelinesolution Store1', '2022-09-13 06:01:10', '2022-09-13 06:01:10'),
(1237, 353, '13-09-2022', 2, 'Lead Updated By truelinesolution Store1', '2022-09-13 06:01:11', '2022-09-13 06:01:11'),
(1238, 353, '13-09-2022', 2, 'Lead Updated By truelinesolution Store1', '2022-09-13 06:01:11', '2022-09-13 06:01:11'),
(1239, 353, '13-09-2022', 2, 'Lead Updated By truelinesolution Store1', '2022-09-13 06:01:11', '2022-09-13 06:01:11'),
(1240, 353, '13-09-2022', 2, 'Lead Updated By truelinesolution Store1', '2022-09-13 06:01:11', '2022-09-13 06:01:11'),
(1241, 353, '13-09-2022', 2, 'Lead Updated By truelinesolution Store1', '2022-09-13 06:01:11', '2022-09-13 06:01:11'),
(1242, 353, '13-09-2022', 2, 'Lead Updated By truelinesolution Store1', '2022-09-13 06:01:11', '2022-09-13 06:01:11'),
(1243, 353, '13-09-2022', 2, 'Lead Updated By truelinesolution Store1', '2022-09-13 06:01:11', '2022-09-13 06:01:11'),
(1244, 353, '13-09-2022', 2, 'Lead Updated By truelinesolution Store1', '2022-09-13 06:01:11', '2022-09-13 06:01:11'),
(1245, 353, '13-09-2022', 2, 'Lead Updated By truelinesolution Store1', '2022-09-13 06:01:11', '2022-09-13 06:01:11'),
(1246, 353, '13-09-2022', 2, 'Lead Updated By truelinesolution Store1', '2022-09-13 06:01:11', '2022-09-13 06:01:11'),
(1247, 353, '13-09-2022', 2, 'Lead Updated By truelinesolution Store1', '2022-09-13 06:01:11', '2022-09-13 06:01:11'),
(1248, 353, '13-09-2022', 2, 'Lead Updated By truelinesolution Store1', '2022-09-13 06:01:11', '2022-09-13 06:01:11'),
(1249, 353, '13-09-2022', 2, 'Lead Updated By truelinesolution Store1', '2022-09-13 06:01:11', '2022-09-13 06:01:11'),
(1250, 353, '13-09-2022', 2, 'Lead Updated By truelinesolution Store1', '2022-09-13 06:01:11', '2022-09-13 06:01:11'),
(1251, 353, '13-09-2022', 2, 'Lead Updated By truelinesolution Store1', '2022-09-13 06:01:12', '2022-09-13 06:01:12'),
(1252, 353, '13-09-2022', 2, 'Lead Updated By truelinesolution Store1', '2022-09-13 06:01:12', '2022-09-13 06:01:12'),
(1253, 353, '13-09-2022', 2, 'Lead Updated By truelinesolution Store1', '2022-09-13 06:01:12', '2022-09-13 06:01:12'),
(1254, 353, '13-09-2022', 2, 'Lead Updated By truelinesolution Store1', '2022-09-13 06:01:12', '2022-09-13 06:01:12'),
(1255, 353, '13-09-2022', 2, 'Lead Updated By truelinesolution Store1', '2022-09-13 06:01:12', '2022-09-13 06:01:12'),
(1256, 353, '13-09-2022', 2, 'Lead Updated By truelinesolution Store1', '2022-09-13 06:01:12', '2022-09-13 06:01:12'),
(1257, 353, '13-09-2022', 2, 'Lead Updated By truelinesolution Store1', '2022-09-13 06:01:12', '2022-09-13 06:01:12'),
(1258, 353, '13-09-2022', 2, 'Lead Updated By truelinesolution Store1', '2022-09-13 06:01:12', '2022-09-13 06:01:12'),
(1259, 353, '13-09-2022', 2, 'Lead Updated By truelinesolution Store1', '2022-09-13 06:01:12', '2022-09-13 06:01:12'),
(1260, 353, '13-09-2022', 2, 'Lead Updated By truelinesolution Store1', '2022-09-13 06:01:12', '2022-09-13 06:01:12'),
(1261, 353, '13-09-2022', 2, 'Lead Updated By truelinesolution Store1', '2022-09-13 06:01:12', '2022-09-13 06:01:12'),
(1262, 353, '13-09-2022', 2, 'Lead Updated By truelinesolution Store1', '2022-09-13 06:01:12', '2022-09-13 06:01:12'),
(1263, 353, '13-09-2022', 2, 'Lead Updated By truelinesolution Store1', '2022-09-13 06:01:13', '2022-09-13 06:01:13'),
(1264, 353, '13-09-2022', 2, 'Lead Updated By truelinesolution Store1', '2022-09-13 06:01:13', '2022-09-13 06:01:13');
INSERT INTO `lead_history` (`l_h_id`, `l_id`, `date`, `u_id`, `description`, `created_at`, `updated_at`) VALUES
(1265, 353, '13-09-2022', 2, 'Lead Updated By truelinesolution Store1', '2022-09-13 06:01:13', '2022-09-13 06:01:13'),
(1266, 353, '13-09-2022', 2, 'Lead Updated By truelinesolution Store1', '2022-09-13 06:01:13', '2022-09-13 06:01:13'),
(1267, 353, '13-09-2022', 2, 'Lead Updated By truelinesolution Store1', '2022-09-13 06:01:13', '2022-09-13 06:01:13'),
(1268, 353, '13-09-2022', 2, 'Lead Updated By truelinesolution Store1', '2022-09-13 06:01:13', '2022-09-13 06:01:13'),
(1269, 353, '13-09-2022', 2, 'Lead Updated By truelinesolution Store1', '2022-09-13 06:01:13', '2022-09-13 06:01:13'),
(1270, 353, '13-09-2022', 2, 'Lead Updated By truelinesolution Store1', '2022-09-13 06:01:13', '2022-09-13 06:01:13'),
(1271, 353, '13-09-2022', 2, 'Lead Updated By truelinesolution Store1', '2022-09-13 06:01:13', '2022-09-13 06:01:13'),
(1272, 353, '13-09-2022', 2, 'Lead Updated By truelinesolution Store1', '2022-09-13 06:01:13', '2022-09-13 06:01:13'),
(1273, 353, '13-09-2022', 2, 'Lead Updated By truelinesolution Store1', '2022-09-13 06:01:13', '2022-09-13 06:01:13'),
(1274, 353, '13-09-2022', 2, 'Lead Updated By truelinesolution Store1', '2022-09-13 06:01:13', '2022-09-13 06:01:13'),
(1275, 353, '13-09-2022', 2, 'Lead Updated By truelinesolution Store1', '2022-09-13 06:01:14', '2022-09-13 06:01:14'),
(1276, 353, '13-09-2022', 2, 'Lead Updated By truelinesolution Store1', '2022-09-13 06:01:14', '2022-09-13 06:01:14'),
(1277, 353, '13-09-2022', 2, 'Lead Updated By truelinesolution Store1', '2022-09-13 06:01:14', '2022-09-13 06:01:14'),
(1278, 353, '13-09-2022', 2, 'Lead Updated By truelinesolution Store1', '2022-09-13 06:01:14', '2022-09-13 06:01:14'),
(1279, 353, '13-09-2022', 2, 'Lead Updated By truelinesolution Store1', '2022-09-13 06:01:14', '2022-09-13 06:01:14'),
(1280, 353, '13-09-2022', 2, 'Lead Updated By truelinesolution Store1', '2022-09-13 06:01:14', '2022-09-13 06:01:14'),
(1281, 353, '13-09-2022', 2, 'Lead Updated By truelinesolution Store1', '2022-09-13 06:01:14', '2022-09-13 06:01:14'),
(1282, 353, '13-09-2022', 2, 'Lead Updated By truelinesolution Store1', '2022-09-13 06:01:14', '2022-09-13 06:01:14'),
(1283, 353, '13-09-2022', 2, 'Lead Updated By truelinesolution Store1', '2022-09-13 06:01:14', '2022-09-13 06:01:14'),
(1284, 353, '13-09-2022', 2, 'Lead Updated By truelinesolution Store1', '2022-09-13 06:01:14', '2022-09-13 06:01:14'),
(1285, 353, '13-09-2022', 2, 'Lead Updated By truelinesolution Store1', '2022-09-13 06:01:14', '2022-09-13 06:01:14'),
(1286, 353, '13-09-2022', 2, 'Lead Updated By truelinesolution Store1', '2022-09-13 06:01:14', '2022-09-13 06:01:14'),
(1287, 353, '13-09-2022', 2, 'Lead Updated By truelinesolution Store1', '2022-09-13 06:01:14', '2022-09-13 06:01:14'),
(1288, 353, '13-09-2022', 2, 'Lead Updated By truelinesolution Store1', '2022-09-13 06:01:15', '2022-09-13 06:01:15'),
(1289, 353, '13-09-2022', 2, 'Lead Updated By truelinesolution Store1', '2022-09-13 06:01:15', '2022-09-13 06:01:15'),
(1290, 353, '13-09-2022', 2, 'Lead Updated By truelinesolution Store1', '2022-09-13 06:01:15', '2022-09-13 06:01:15'),
(1291, 353, '13-09-2022', 2, 'Lead Updated By truelinesolution Store1', '2022-09-13 06:01:15', '2022-09-13 06:01:15'),
(1292, 353, '13-09-2022', 2, 'Lead Updated By truelinesolution Store1', '2022-09-13 06:01:15', '2022-09-13 06:01:15'),
(1293, 353, '13-09-2022', 2, 'Lead Updated By truelinesolution Store1', '2022-09-13 06:01:15', '2022-09-13 06:01:15'),
(1294, 353, '13-09-2022', 2, 'Lead Updated By truelinesolution Store1', '2022-09-13 06:01:15', '2022-09-13 06:01:15'),
(1295, 353, '13-09-2022', 2, 'Lead Updated By truelinesolution Store1', '2022-09-13 06:01:15', '2022-09-13 06:01:15'),
(1296, 353, '13-09-2022', 2, 'Lead Updated By truelinesolution Store1', '2022-09-13 06:01:15', '2022-09-13 06:01:15'),
(1297, 353, '13-09-2022', 2, 'Lead Updated By truelinesolution Store1', '2022-09-13 06:01:15', '2022-09-13 06:01:15'),
(1298, 353, '13-09-2022', 2, 'Lead Updated By truelinesolution Store1', '2022-09-13 06:01:15', '2022-09-13 06:01:15'),
(1299, 353, '13-09-2022', 2, 'Lead Updated By truelinesolution Store1', '2022-09-13 06:01:16', '2022-09-13 06:01:16'),
(1300, 353, '13-09-2022', 2, 'Lead Updated By truelinesolution Store1', '2022-09-13 06:01:16', '2022-09-13 06:01:16'),
(1301, 353, '13-09-2022', 2, 'Lead Updated By truelinesolution Store1', '2022-09-13 06:01:16', '2022-09-13 06:01:16'),
(1302, 353, '13-09-2022', 2, 'Lead Updated By truelinesolution Store1', '2022-09-13 06:01:16', '2022-09-13 06:01:16'),
(1303, 353, '13-09-2022', 2, 'Lead Updated By truelinesolution Store1', '2022-09-13 06:01:16', '2022-09-13 06:01:16'),
(1304, 353, '13-09-2022', 2, 'Lead Updated By truelinesolution Store1', '2022-09-13 06:01:16', '2022-09-13 06:01:16'),
(1305, 353, '13-09-2022', 2, 'Lead Updated By truelinesolution Store1', '2022-09-13 06:01:16', '2022-09-13 06:01:16'),
(1306, 353, '13-09-2022', 2, 'Lead Updated By truelinesolution Store1', '2022-09-13 06:01:16', '2022-09-13 06:01:16'),
(1307, 353, '13-09-2022', 2, 'Lead Updated By truelinesolution Store1', '2022-09-13 06:01:16', '2022-09-13 06:01:16'),
(1308, 353, '13-09-2022', 2, 'Lead Updated By truelinesolution Store1', '2022-09-13 06:01:16', '2022-09-13 06:01:16'),
(1309, 353, '13-09-2022', 2, 'Lead Updated By truelinesolution Store1', '2022-09-13 06:01:17', '2022-09-13 06:01:17'),
(1310, 353, '13-09-2022', 2, 'Lead Updated By truelinesolution Store1', '2022-09-13 06:01:17', '2022-09-13 06:01:17'),
(1311, 353, '13-09-2022', 2, 'Lead Updated By truelinesolution Store1', '2022-09-13 06:01:17', '2022-09-13 06:01:17'),
(1312, 353, '13-09-2022', 2, 'Lead Updated By truelinesolution Store1', '2022-09-13 06:01:17', '2022-09-13 06:01:17'),
(1313, 353, '13-09-2022', 2, 'Lead Updated By truelinesolution Store1', '2022-09-13 06:01:17', '2022-09-13 06:01:17'),
(1314, 353, '13-09-2022', 2, 'Lead Updated By truelinesolution Store1', '2022-09-13 06:01:17', '2022-09-13 06:01:17'),
(1315, 353, '13-09-2022', 2, 'Lead Updated By truelinesolution Store1', '2022-09-13 06:01:17', '2022-09-13 06:01:17'),
(1316, 353, '13-09-2022', 2, 'Lead Updated By truelinesolution Store1', '2022-09-13 06:01:17', '2022-09-13 06:01:17'),
(1317, 353, '13-09-2022', 2, 'Lead Updated By truelinesolution Store1', '2022-09-13 06:01:17', '2022-09-13 06:01:17'),
(1318, 353, '13-09-2022', 2, 'Lead Updated By truelinesolution Store1', '2022-09-13 06:01:17', '2022-09-13 06:01:17'),
(1319, 353, '13-09-2022', 2, 'Lead Updated By truelinesolution Store1', '2022-09-13 06:01:17', '2022-09-13 06:01:17'),
(1320, 353, '13-09-2022', 2, 'Lead Updated By truelinesolution Store1', '2022-09-13 06:01:18', '2022-09-13 06:01:18'),
(1321, 353, '13-09-2022', 2, 'Lead Updated By truelinesolution Store1', '2022-09-13 06:01:18', '2022-09-13 06:01:18'),
(1322, 353, '13-09-2022', 2, 'Lead Updated By truelinesolution Store1', '2022-09-13 06:01:18', '2022-09-13 06:01:18'),
(1323, 353, '13-09-2022', 2, 'Lead Updated By truelinesolution Store1', '2022-09-13 06:01:18', '2022-09-13 06:01:18'),
(1324, 353, '13-09-2022', 2, 'Lead Updated By truelinesolution Store1', '2022-09-13 06:01:18', '2022-09-13 06:01:18'),
(1325, 353, '13-09-2022', 2, 'Lead Updated By truelinesolution Store1', '2022-09-13 06:01:18', '2022-09-13 06:01:18'),
(1326, 353, '13-09-2022', 2, 'Lead Updated By truelinesolution Store1', '2022-09-13 06:01:18', '2022-09-13 06:01:18'),
(1327, 353, '13-09-2022', 2, 'Lead Updated By truelinesolution Store1', '2022-09-13 06:01:18', '2022-09-13 06:01:18'),
(1328, 353, '13-09-2022', 2, 'Lead Updated By truelinesolution Store1', '2022-09-13 06:01:18', '2022-09-13 06:01:18'),
(1329, 353, '13-09-2022', 2, 'Lead Updated By truelinesolution Store1', '2022-09-13 06:01:18', '2022-09-13 06:01:18'),
(1330, 353, '13-09-2022', 2, 'Lead Updated By truelinesolution Store1', '2022-09-13 06:01:19', '2022-09-13 06:01:19'),
(1331, 353, '13-09-2022', 2, 'Lead Updated By truelinesolution Store1', '2022-09-13 06:01:19', '2022-09-13 06:01:19'),
(1332, 353, '13-09-2022', 2, 'Lead Updated By truelinesolution Store1', '2022-09-13 06:01:19', '2022-09-13 06:01:19'),
(1333, 353, '13-09-2022', 2, 'Lead Updated By truelinesolution Store1', '2022-09-13 06:01:19', '2022-09-13 06:01:19'),
(1334, 353, '13-09-2022', 2, 'Lead Updated By truelinesolution Store1', '2022-09-13 06:01:19', '2022-09-13 06:01:19'),
(1335, 353, '13-09-2022', 2, 'Lead Updated By truelinesolution Store1', '2022-09-13 06:01:19', '2022-09-13 06:01:19'),
(1336, 353, '13-09-2022', 2, 'Lead Updated By truelinesolution Store1', '2022-09-13 06:01:19', '2022-09-13 06:01:19'),
(1337, 353, '13-09-2022', 2, 'Lead Updated By truelinesolution Store1', '2022-09-13 06:01:19', '2022-09-13 06:01:19'),
(1338, 353, '13-09-2022', 2, 'Lead Updated By truelinesolution Store1', '2022-09-13 06:01:19', '2022-09-13 06:01:19'),
(1339, 353, '13-09-2022', 2, 'Lead Updated By truelinesolution Store1', '2022-09-13 06:01:19', '2022-09-13 06:01:19'),
(1340, 353, '13-09-2022', 2, 'Lead Updated By truelinesolution Store1', '2022-09-13 06:01:20', '2022-09-13 06:01:20'),
(1341, 353, '13-09-2022', 2, 'Lead Updated By truelinesolution Store1', '2022-09-13 06:01:20', '2022-09-13 06:01:20'),
(1342, 353, '13-09-2022', 2, 'Lead Updated By truelinesolution Store1', '2022-09-13 06:01:20', '2022-09-13 06:01:20'),
(1343, 353, '13-09-2022', 2, 'Lead Updated By truelinesolution Store1', '2022-09-13 06:01:20', '2022-09-13 06:01:20'),
(1344, 353, '13-09-2022', 2, 'Lead Updated By truelinesolution Store1', '2022-09-13 06:01:20', '2022-09-13 06:01:20'),
(1345, 353, '13-09-2022', 2, 'Lead Updated By truelinesolution Store1', '2022-09-13 06:01:20', '2022-09-13 06:01:20'),
(1346, 353, '13-09-2022', 2, 'Lead Updated By truelinesolution Store1', '2022-09-13 06:01:20', '2022-09-13 06:01:20'),
(1347, 353, '13-09-2022', 2, 'Lead Updated By truelinesolution Store1', '2022-09-13 06:01:20', '2022-09-13 06:01:20'),
(1348, 353, '13-09-2022', 2, 'Lead Updated By truelinesolution Store1', '2022-09-13 06:01:20', '2022-09-13 06:01:20'),
(1349, 353, '13-09-2022', 2, 'Lead Updated By truelinesolution Store1', '2022-09-13 06:01:21', '2022-09-13 06:01:21'),
(1350, 353, '13-09-2022', 2, 'Lead Updated By truelinesolution Store1', '2022-09-13 06:01:21', '2022-09-13 06:01:21'),
(1351, 353, '13-09-2022', 2, 'Lead Updated By truelinesolution Store1', '2022-09-13 06:01:21', '2022-09-13 06:01:21'),
(1352, 353, '13-09-2022', 2, 'Lead Updated By truelinesolution Store1', '2022-09-13 06:01:21', '2022-09-13 06:01:21'),
(1353, 353, '13-09-2022', 2, 'Lead Updated By truelinesolution Store1', '2022-09-13 06:01:21', '2022-09-13 06:01:21'),
(1354, 353, '13-09-2022', 2, 'Lead Updated By truelinesolution Store1', '2022-09-13 06:01:21', '2022-09-13 06:01:21'),
(1355, 353, '13-09-2022', 2, 'Lead Updated By truelinesolution Store1', '2022-09-13 06:01:21', '2022-09-13 06:01:21'),
(1356, 353, '13-09-2022', 2, 'Lead Updated By truelinesolution Store1', '2022-09-13 06:01:21', '2022-09-13 06:01:21'),
(1357, 353, '13-09-2022', 2, 'Lead Updated By truelinesolution Store1', '2022-09-13 06:01:21', '2022-09-13 06:01:21'),
(1358, 353, '13-09-2022', 2, 'Lead Updated By truelinesolution Store1', '2022-09-13 06:01:22', '2022-09-13 06:01:22'),
(1359, 353, '13-09-2022', 2, 'Lead Updated By truelinesolution Store1', '2022-09-13 06:01:22', '2022-09-13 06:01:22'),
(1360, 353, '13-09-2022', 2, 'Lead Updated By truelinesolution Store1', '2022-09-13 06:01:22', '2022-09-13 06:01:22'),
(1361, 353, '13-09-2022', 2, 'Lead Updated By truelinesolution Store1', '2022-09-13 06:01:22', '2022-09-13 06:01:22'),
(1362, 353, '13-09-2022', 2, 'Lead Updated By truelinesolution Store1', '2022-09-13 06:01:22', '2022-09-13 06:01:22'),
(1363, 353, '13-09-2022', 2, 'Lead Updated By truelinesolution Store1', '2022-09-13 06:01:22', '2022-09-13 06:01:22'),
(1364, 353, '13-09-2022', 2, 'Lead Updated By truelinesolution Store1', '2022-09-13 06:01:22', '2022-09-13 06:01:22'),
(1365, 353, '13-09-2022', 2, 'Lead Updated By truelinesolution Store1', '2022-09-13 06:01:22', '2022-09-13 06:01:22'),
(1366, 353, '13-09-2022', 2, 'Lead Updated By truelinesolution Store1', '2022-09-13 06:01:22', '2022-09-13 06:01:22'),
(1367, 353, '13-09-2022', 2, 'Lead Updated By truelinesolution Store1', '2022-09-13 06:01:22', '2022-09-13 06:01:22'),
(1368, 353, '13-09-2022', 2, 'Lead Updated By truelinesolution Store1', '2022-09-13 06:01:23', '2022-09-13 06:01:23'),
(1369, 353, '13-09-2022', 2, 'Lead Updated By truelinesolution Store1', '2022-09-13 06:01:23', '2022-09-13 06:01:23'),
(1370, 353, '13-09-2022', 2, 'Lead Updated By truelinesolution Store1', '2022-09-13 06:01:23', '2022-09-13 06:01:23'),
(1371, 353, '13-09-2022', 2, 'Lead Updated By truelinesolution Store1', '2022-09-13 06:01:23', '2022-09-13 06:01:23'),
(1372, 353, '13-09-2022', 2, 'Lead Updated By truelinesolution Store1', '2022-09-13 06:01:23', '2022-09-13 06:01:23'),
(1373, 353, '13-09-2022', 2, 'Lead Updated By truelinesolution Store1', '2022-09-13 06:01:23', '2022-09-13 06:01:23'),
(1374, 353, '13-09-2022', 2, 'Lead Updated By truelinesolution Store1', '2022-09-13 06:01:23', '2022-09-13 06:01:23'),
(1375, 353, '13-09-2022', 2, 'Lead Updated By truelinesolution Store1', '2022-09-13 06:01:23', '2022-09-13 06:01:23'),
(1376, 353, '13-09-2022', 2, 'Lead Updated By truelinesolution Store1', '2022-09-13 06:01:23', '2022-09-13 06:01:23'),
(1377, 353, '13-09-2022', 2, 'Lead Updated By truelinesolution Store1', '2022-09-13 06:01:24', '2022-09-13 06:01:24'),
(1378, 353, '13-09-2022', 2, 'Lead Updated By truelinesolution Store1', '2022-09-13 06:01:24', '2022-09-13 06:01:24'),
(1379, 353, '13-09-2022', 2, 'Lead Updated By truelinesolution Store1', '2022-09-13 06:01:24', '2022-09-13 06:01:24'),
(1380, 353, '13-09-2022', 2, 'Lead Updated By truelinesolution Store1', '2022-09-13 06:01:24', '2022-09-13 06:01:24'),
(1381, 353, '13-09-2022', 2, 'Lead Updated By truelinesolution Store1', '2022-09-13 06:01:24', '2022-09-13 06:01:24'),
(1382, 353, '13-09-2022', 2, 'Lead Updated By truelinesolution Store1', '2022-09-13 06:01:24', '2022-09-13 06:01:24'),
(1383, 353, '13-09-2022', 2, 'Lead Updated By truelinesolution Store1', '2022-09-13 06:01:24', '2022-09-13 06:01:24'),
(1384, 353, '13-09-2022', 2, 'Lead Updated By truelinesolution Store1', '2022-09-13 06:01:24', '2022-09-13 06:01:24'),
(1385, 353, '13-09-2022', 2, 'Lead Updated By truelinesolution Store1', '2022-09-13 06:01:25', '2022-09-13 06:01:25'),
(1386, 353, '13-09-2022', 2, 'Lead Updated By truelinesolution Store1', '2022-09-13 06:01:25', '2022-09-13 06:01:25'),
(1387, 353, '13-09-2022', 2, 'Lead Updated By truelinesolution Store1', '2022-09-13 06:01:25', '2022-09-13 06:01:25'),
(1388, 353, '13-09-2022', 2, 'Lead Updated By truelinesolution Store1', '2022-09-13 06:01:25', '2022-09-13 06:01:25'),
(1389, 353, '13-09-2022', 2, 'Lead Updated By truelinesolution Store1', '2022-09-13 06:01:25', '2022-09-13 06:01:25'),
(1390, 353, '13-09-2022', 2, 'Lead Updated By truelinesolution Store1', '2022-09-13 06:01:25', '2022-09-13 06:01:25'),
(1391, 353, '13-09-2022', 2, 'Lead Updated By truelinesolution Store1', '2022-09-13 06:01:25', '2022-09-13 06:01:25'),
(1392, 353, '13-09-2022', 2, 'Lead Updated By truelinesolution Store1', '2022-09-13 06:01:25', '2022-09-13 06:01:25'),
(1393, 353, '13-09-2022', 2, 'Lead Updated By truelinesolution Store1', '2022-09-13 06:01:25', '2022-09-13 06:01:25'),
(1394, 353, '13-09-2022', 2, 'Lead Updated By truelinesolution Store1', '2022-09-13 06:01:26', '2022-09-13 06:01:26'),
(1395, 353, '13-09-2022', 2, 'Lead Updated By truelinesolution Store1', '2022-09-13 06:01:26', '2022-09-13 06:01:26'),
(1396, 353, '13-09-2022', 2, 'Lead Updated By truelinesolution Store1', '2022-09-13 06:01:26', '2022-09-13 06:01:26'),
(1397, 353, '13-09-2022', 2, 'Lead Updated By truelinesolution Store1', '2022-09-13 06:01:26', '2022-09-13 06:01:26'),
(1398, 353, '13-09-2022', 2, 'Lead Updated By truelinesolution Store1', '2022-09-13 06:01:26', '2022-09-13 06:01:26'),
(1399, 353, '13-09-2022', 2, 'Lead Updated By truelinesolution Store1', '2022-09-13 06:01:26', '2022-09-13 06:01:26'),
(1400, 353, '13-09-2022', 2, 'Lead Updated By truelinesolution Store1', '2022-09-13 06:01:26', '2022-09-13 06:01:26'),
(1401, 353, '13-09-2022', 2, 'Lead Updated By truelinesolution Store1', '2022-09-13 06:01:26', '2022-09-13 06:01:26'),
(1402, 353, '13-09-2022', 2, 'Lead Updated By truelinesolution Store1', '2022-09-13 06:01:27', '2022-09-13 06:01:27'),
(1403, 353, '13-09-2022', 2, 'Lead Updated By truelinesolution Store1', '2022-09-13 06:01:27', '2022-09-13 06:01:27'),
(1404, 353, '13-09-2022', 2, 'Lead Updated By truelinesolution Store1', '2022-09-13 06:01:27', '2022-09-13 06:01:27'),
(1405, 353, '13-09-2022', 2, 'Lead Updated By truelinesolution Store1', '2022-09-13 06:01:27', '2022-09-13 06:01:27'),
(1406, 353, '13-09-2022', 2, 'Lead Updated By truelinesolution Store1', '2022-09-13 06:01:27', '2022-09-13 06:01:27'),
(1407, 353, '13-09-2022', 2, 'Lead Updated By truelinesolution Store1', '2022-09-13 06:01:27', '2022-09-13 06:01:27'),
(1408, 353, '13-09-2022', 2, 'Lead Updated By truelinesolution Store1', '2022-09-13 06:01:27', '2022-09-13 06:01:27'),
(1409, 353, '13-09-2022', 2, 'Lead Updated By truelinesolution Store1', '2022-09-13 06:01:27', '2022-09-13 06:01:27'),
(1410, 353, '13-09-2022', 2, 'Lead Updated By truelinesolution Store1', '2022-09-13 06:01:27', '2022-09-13 06:01:27'),
(1411, 353, '13-09-2022', 2, 'Lead Updated By truelinesolution Store1', '2022-09-13 06:01:28', '2022-09-13 06:01:28'),
(1412, 353, '13-09-2022', 2, 'Lead Updated By truelinesolution Store1', '2022-09-13 06:01:28', '2022-09-13 06:01:28'),
(1413, 353, '13-09-2022', 2, 'Lead Updated By truelinesolution Store1', '2022-09-13 06:01:28', '2022-09-13 06:01:28'),
(1414, 353, '13-09-2022', 2, 'Lead Updated By truelinesolution Store1', '2022-09-13 06:01:28', '2022-09-13 06:01:28'),
(1415, 353, '13-09-2022', 2, 'Lead Updated By truelinesolution Store1', '2022-09-13 06:01:28', '2022-09-13 06:01:28'),
(1416, 353, '13-09-2022', 2, 'Lead Updated By truelinesolution Store1', '2022-09-13 06:01:28', '2022-09-13 06:01:28'),
(1417, 353, '13-09-2022', 2, 'Lead Updated By truelinesolution Store1', '2022-09-13 06:01:28', '2022-09-13 06:01:28'),
(1418, 353, '13-09-2022', 2, 'Lead Updated By truelinesolution Store1', '2022-09-13 06:01:29', '2022-09-13 06:01:29'),
(1419, 353, '13-09-2022', 2, 'Lead Updated By truelinesolution Store1', '2022-09-13 06:01:29', '2022-09-13 06:01:29'),
(1420, 353, '13-09-2022', 2, 'Lead Updated By truelinesolution Store1', '2022-09-13 06:01:29', '2022-09-13 06:01:29'),
(1421, 353, '13-09-2022', 2, 'Lead Updated By truelinesolution Store1', '2022-09-13 06:01:29', '2022-09-13 06:01:29'),
(1422, 353, '13-09-2022', 2, 'Lead Updated By truelinesolution Store1', '2022-09-13 06:01:29', '2022-09-13 06:01:29'),
(1423, 353, '13-09-2022', 2, 'Lead Updated By truelinesolution Store1', '2022-09-13 06:01:29', '2022-09-13 06:01:29'),
(1424, 353, '13-09-2022', 2, 'Lead Updated By truelinesolution Store1', '2022-09-13 06:01:29', '2022-09-13 06:01:29'),
(1425, 353, '13-09-2022', 2, 'Lead Updated By truelinesolution Store1', '2022-09-13 06:01:29', '2022-09-13 06:01:29'),
(1426, 353, '13-09-2022', 2, 'Lead Updated By truelinesolution Store1', '2022-09-13 06:01:30', '2022-09-13 06:01:30'),
(1427, 353, '13-09-2022', 2, 'Lead Updated By truelinesolution Store1', '2022-09-13 06:01:30', '2022-09-13 06:01:30'),
(1428, 353, '13-09-2022', 2, 'Lead Updated By truelinesolution Store1', '2022-09-13 06:01:30', '2022-09-13 06:01:30'),
(1429, 353, '13-09-2022', 2, 'Lead Updated By truelinesolution Store1', '2022-09-13 06:01:30', '2022-09-13 06:01:30'),
(1430, 353, '13-09-2022', 2, 'Lead Updated By truelinesolution Store1', '2022-09-13 06:01:30', '2022-09-13 06:01:30'),
(1431, 353, '13-09-2022', 2, 'Lead Updated By truelinesolution Store1', '2022-09-13 06:01:30', '2022-09-13 06:01:30'),
(1432, 353, '13-09-2022', 2, 'Lead Updated By truelinesolution Store1', '2022-09-13 06:01:30', '2022-09-13 06:01:30'),
(1433, 353, '13-09-2022', 2, 'Lead Updated By truelinesolution Store1', '2022-09-13 06:01:31', '2022-09-13 06:01:31'),
(1434, 353, '13-09-2022', 2, 'Lead Updated By truelinesolution Store1', '2022-09-13 06:01:31', '2022-09-13 06:01:31'),
(1435, 353, '13-09-2022', 2, 'Lead Updated By truelinesolution Store1', '2022-09-13 06:01:31', '2022-09-13 06:01:31'),
(1436, 353, '13-09-2022', 2, 'Lead Updated By truelinesolution Store1', '2022-09-13 06:01:31', '2022-09-13 06:01:31'),
(1437, 353, '13-09-2022', 2, 'Lead Updated By truelinesolution Store1', '2022-09-13 06:01:31', '2022-09-13 06:01:31'),
(1438, 353, '13-09-2022', 2, 'Lead Updated By truelinesolution Store1', '2022-09-13 06:01:31', '2022-09-13 06:01:31'),
(1439, 353, '13-09-2022', 2, 'Lead Updated By truelinesolution Store1', '2022-09-13 06:01:31', '2022-09-13 06:01:31'),
(1440, 353, '13-09-2022', 2, 'Lead Updated By truelinesolution Store1', '2022-09-13 06:01:31', '2022-09-13 06:01:31'),
(1441, 353, '13-09-2022', 2, 'Lead Updated By truelinesolution Store1', '2022-09-13 06:01:32', '2022-09-13 06:01:32'),
(1442, 353, '13-09-2022', 2, 'Lead Updated By truelinesolution Store1', '2022-09-13 06:01:32', '2022-09-13 06:01:32'),
(1443, 353, '13-09-2022', 2, 'Lead Updated By truelinesolution Store1', '2022-09-13 06:01:32', '2022-09-13 06:01:32'),
(1444, 353, '13-09-2022', 2, 'Lead Updated By truelinesolution Store1', '2022-09-13 06:01:32', '2022-09-13 06:01:32'),
(1445, 353, '13-09-2022', 2, 'Lead Updated By truelinesolution Store1', '2022-09-13 06:01:32', '2022-09-13 06:01:32'),
(1446, 353, '13-09-2022', 2, 'Lead Updated By truelinesolution Store1', '2022-09-13 06:01:32', '2022-09-13 06:01:32'),
(1447, 353, '13-09-2022', 2, 'Lead Updated By truelinesolution Store1', '2022-09-13 06:01:32', '2022-09-13 06:01:32'),
(1448, 353, '13-09-2022', 2, 'Lead Updated By truelinesolution Store1', '2022-09-13 06:01:33', '2022-09-13 06:01:33'),
(1449, 353, '13-09-2022', 2, 'Lead Updated By truelinesolution Store1', '2022-09-13 06:01:33', '2022-09-13 06:01:33'),
(1450, 353, '13-09-2022', 2, 'Lead Updated By truelinesolution Store1', '2022-09-13 06:01:33', '2022-09-13 06:01:33'),
(1451, 353, '13-09-2022', 2, 'Lead Updated By truelinesolution Store1', '2022-09-13 06:01:33', '2022-09-13 06:01:33'),
(1452, 353, '13-09-2022', 2, 'Lead Updated By truelinesolution Store1', '2022-09-13 06:01:33', '2022-09-13 06:01:33'),
(1453, 353, '13-09-2022', 2, 'Lead Updated By truelinesolution Store1', '2022-09-13 06:01:33', '2022-09-13 06:01:33'),
(1454, 353, '13-09-2022', 2, 'Lead Updated By truelinesolution Store1', '2022-09-13 06:01:33', '2022-09-13 06:01:33'),
(1455, 353, '13-09-2022', 2, 'Lead Updated By truelinesolution Store1', '2022-09-13 06:01:34', '2022-09-13 06:01:34'),
(1456, 353, '13-09-2022', 2, 'Lead Updated By truelinesolution Store1', '2022-09-13 06:01:34', '2022-09-13 06:01:34'),
(1457, 353, '13-09-2022', 2, 'Lead Updated By truelinesolution Store1', '2022-09-13 06:01:34', '2022-09-13 06:01:34'),
(1458, 353, '13-09-2022', 2, 'Lead Updated By truelinesolution Store1', '2022-09-13 06:01:34', '2022-09-13 06:01:34'),
(1459, 353, '13-09-2022', 2, 'Lead Updated By truelinesolution Store1', '2022-09-13 06:01:34', '2022-09-13 06:01:34'),
(1460, 353, '13-09-2022', 2, 'Lead Updated By truelinesolution Store1', '2022-09-13 06:01:34', '2022-09-13 06:01:34'),
(1461, 353, '13-09-2022', 2, 'Lead Updated By truelinesolution Store1', '2022-09-13 06:01:34', '2022-09-13 06:01:34'),
(1462, 353, '13-09-2022', 2, 'Lead Updated By truelinesolution Store1', '2022-09-13 06:01:35', '2022-09-13 06:01:35'),
(1463, 353, '13-09-2022', 2, 'Lead Updated By truelinesolution Store1', '2022-09-13 06:01:35', '2022-09-13 06:01:35'),
(1464, 353, '13-09-2022', 2, 'Lead Updated By truelinesolution Store1', '2022-09-13 06:01:35', '2022-09-13 06:01:35'),
(1465, 353, '13-09-2022', 2, 'Lead Updated By truelinesolution Store1', '2022-09-13 06:01:35', '2022-09-13 06:01:35'),
(1466, 353, '13-09-2022', 2, 'Lead Updated By truelinesolution Store1', '2022-09-13 06:01:35', '2022-09-13 06:01:35'),
(1467, 353, '13-09-2022', 2, 'Lead Updated By truelinesolution Store1', '2022-09-13 06:01:35', '2022-09-13 06:01:35'),
(1468, 353, '13-09-2022', 2, 'Lead Updated By truelinesolution Store1', '2022-09-13 06:01:35', '2022-09-13 06:01:35'),
(1469, 353, '13-09-2022', 2, 'Lead Updated By truelinesolution Store1', '2022-09-13 06:01:36', '2022-09-13 06:01:36'),
(1470, 353, '13-09-2022', 2, 'Lead Updated By truelinesolution Store1', '2022-09-13 06:01:36', '2022-09-13 06:01:36'),
(1471, 353, '13-09-2022', 2, 'Lead Updated By truelinesolution Store1', '2022-09-13 06:01:36', '2022-09-13 06:01:36'),
(1472, 353, '13-09-2022', 2, 'Lead Updated By truelinesolution Store1', '2022-09-13 06:01:36', '2022-09-13 06:01:36'),
(1473, 353, '13-09-2022', 2, 'Lead Updated By truelinesolution Store1', '2022-09-13 06:01:36', '2022-09-13 06:01:36'),
(1474, 353, '13-09-2022', 2, 'Lead Updated By truelinesolution Store1', '2022-09-13 06:01:36', '2022-09-13 06:01:36'),
(1475, 353, '13-09-2022', 2, 'Lead Updated By truelinesolution Store1', '2022-09-13 06:01:36', '2022-09-13 06:01:36'),
(1476, 353, '13-09-2022', 2, 'Lead Updated By truelinesolution Store1', '2022-09-13 06:01:37', '2022-09-13 06:01:37'),
(1477, 353, '13-09-2022', 2, 'Lead Updated By truelinesolution Store1', '2022-09-13 06:01:37', '2022-09-13 06:01:37'),
(1478, 353, '13-09-2022', 2, 'Lead Updated By truelinesolution Store1', '2022-09-13 06:01:37', '2022-09-13 06:01:37'),
(1479, 353, '13-09-2022', 2, 'Lead Updated By truelinesolution Store1', '2022-09-13 06:01:37', '2022-09-13 06:01:37'),
(1480, 353, '13-09-2022', 2, 'Lead Updated By truelinesolution Store1', '2022-09-13 06:01:37', '2022-09-13 06:01:37'),
(1481, 353, '13-09-2022', 2, 'Lead Updated By truelinesolution Store1', '2022-09-13 06:01:37', '2022-09-13 06:01:37'),
(1482, 353, '13-09-2022', 2, 'Lead Updated By truelinesolution Store1', '2022-09-13 06:01:37', '2022-09-13 06:01:37'),
(1483, 353, '13-09-2022', 2, 'Lead Updated By truelinesolution Store1', '2022-09-13 06:01:38', '2022-09-13 06:01:38'),
(1484, 353, '13-09-2022', 2, 'Lead Updated By truelinesolution Store1', '2022-09-13 06:01:38', '2022-09-13 06:01:38'),
(1485, 353, '13-09-2022', 2, 'Lead Updated By truelinesolution Store1', '2022-09-13 06:01:38', '2022-09-13 06:01:38'),
(1486, 353, '13-09-2022', 2, 'Lead Updated By truelinesolution Store1', '2022-09-13 06:01:39', '2022-09-13 06:01:39'),
(1487, 352, '13-09-2022', 2, ' truelinesolution Store1 Status Updated From Confirm To Cancel', '2022-09-13 06:01:45', '2022-09-13 06:01:45'),
(1488, 352, '13-09-2022', 2, 'Lead Updated By truelinesolution Store1', '2022-09-13 06:01:47', '2022-09-13 06:01:47'),
(1489, 353, '13-09-2022', 2, ' truelinesolution Store1 Status Updated From Confirm To Confirm', '2022-09-13 06:01:50', '2022-09-13 06:01:50'),
(1490, 352, '13-09-2022', 2, ' truelinesolution Store1 Status Updated From Confirm To Cancel', '2022-09-13 06:01:58', '2022-09-13 06:01:58'),
(1491, 352, '13-09-2022', 2, 'Lead Updated By truelinesolution Store1', '2022-09-13 06:01:59', '2022-09-13 06:01:59'),
(1492, 353, '13-09-2022', 2, ' truelinesolution Store1 Status Updated From Confirm To Cancel', '2022-09-13 06:02:41', '2022-09-13 06:02:41'),
(1493, 353, '13-09-2022', 2, 'Lead Updated By truelinesolution Store1', '2022-09-13 06:02:44', '2022-09-13 06:02:44'),
(1494, 353, '13-09-2022', 2, 'Lead Updated By truelinesolution Store1', '2022-09-13 06:02:44', '2022-09-13 06:02:44'),
(1495, 353, '13-09-2022', 2, 'Lead Updated By truelinesolution Store1', '2022-09-13 06:02:44', '2022-09-13 06:02:44'),
(1496, 353, '13-09-2022', 2, 'Lead Updated By truelinesolution Store1', '2022-09-13 06:02:44', '2022-09-13 06:02:44'),
(1497, 353, '13-09-2022', 2, 'Lead Updated By truelinesolution Store1', '2022-09-13 06:02:44', '2022-09-13 06:02:44'),
(1498, 353, '13-09-2022', 2, 'Lead Updated By truelinesolution Store1', '2022-09-13 06:02:44', '2022-09-13 06:02:44'),
(1499, 353, '13-09-2022', 2, 'Lead Updated By truelinesolution Store1', '2022-09-13 06:02:44', '2022-09-13 06:02:44'),
(1500, 353, '13-09-2022', 2, 'Lead Updated By truelinesolution Store1', '2022-09-13 06:02:44', '2022-09-13 06:02:44'),
(1501, 353, '13-09-2022', 2, 'Lead Updated By truelinesolution Store1', '2022-09-13 06:02:44', '2022-09-13 06:02:44'),
(1502, 353, '13-09-2022', 2, 'Lead Updated By truelinesolution Store1', '2022-09-13 06:02:44', '2022-09-13 06:02:44'),
(1503, 353, '13-09-2022', 2, 'Lead Updated By truelinesolution Store1', '2022-09-13 06:02:44', '2022-09-13 06:02:44'),
(1504, 353, '13-09-2022', 2, 'Lead Updated By truelinesolution Store1', '2022-09-13 06:02:44', '2022-09-13 06:02:44'),
(1505, 353, '13-09-2022', 2, 'Lead Updated By truelinesolution Store1', '2022-09-13 06:02:44', '2022-09-13 06:02:44'),
(1506, 353, '13-09-2022', 2, 'Lead Updated By truelinesolution Store1', '2022-09-13 06:02:44', '2022-09-13 06:02:44'),
(1507, 353, '13-09-2022', 2, 'Lead Updated By truelinesolution Store1', '2022-09-13 06:02:45', '2022-09-13 06:02:45'),
(1508, 353, '13-09-2022', 2, 'Lead Updated By truelinesolution Store1', '2022-09-13 06:02:45', '2022-09-13 06:02:45'),
(1509, 353, '13-09-2022', 2, 'Lead Updated By truelinesolution Store1', '2022-09-13 06:02:45', '2022-09-13 06:02:45'),
(1510, 353, '13-09-2022', 2, 'Lead Updated By truelinesolution Store1', '2022-09-13 06:02:45', '2022-09-13 06:02:45'),
(1511, 353, '13-09-2022', 2, 'Lead Updated By truelinesolution Store1', '2022-09-13 06:02:45', '2022-09-13 06:02:45'),
(1512, 353, '13-09-2022', 2, 'Lead Updated By truelinesolution Store1', '2022-09-13 06:02:45', '2022-09-13 06:02:45'),
(1513, 353, '13-09-2022', 2, 'Lead Updated By truelinesolution Store1', '2022-09-13 06:02:45', '2022-09-13 06:02:45'),
(1514, 353, '13-09-2022', 2, 'Lead Updated By truelinesolution Store1', '2022-09-13 06:02:45', '2022-09-13 06:02:45'),
(1515, 353, '13-09-2022', 2, 'Lead Updated By truelinesolution Store1', '2022-09-13 06:02:45', '2022-09-13 06:02:45'),
(1516, 353, '13-09-2022', 2, 'Lead Updated By truelinesolution Store1', '2022-09-13 06:02:45', '2022-09-13 06:02:45'),
(1517, 353, '13-09-2022', 2, 'Lead Updated By truelinesolution Store1', '2022-09-13 06:02:45', '2022-09-13 06:02:45'),
(1518, 353, '13-09-2022', 2, 'Lead Updated By truelinesolution Store1', '2022-09-13 06:02:45', '2022-09-13 06:02:45'),
(1519, 353, '13-09-2022', 2, 'Lead Updated By truelinesolution Store1', '2022-09-13 06:02:45', '2022-09-13 06:02:45'),
(1520, 353, '13-09-2022', 2, 'Lead Updated By truelinesolution Store1', '2022-09-13 06:02:45', '2022-09-13 06:02:45'),
(1521, 353, '13-09-2022', 2, 'Lead Updated By truelinesolution Store1', '2022-09-13 06:02:46', '2022-09-13 06:02:46'),
(1522, 353, '13-09-2022', 2, 'Lead Updated By truelinesolution Store1', '2022-09-13 06:02:46', '2022-09-13 06:02:46'),
(1523, 353, '13-09-2022', 2, 'Lead Updated By truelinesolution Store1', '2022-09-13 06:02:46', '2022-09-13 06:02:46'),
(1524, 353, '13-09-2022', 2, 'Lead Updated By truelinesolution Store1', '2022-09-13 06:02:46', '2022-09-13 06:02:46'),
(1525, 353, '13-09-2022', 2, 'Lead Updated By truelinesolution Store1', '2022-09-13 06:02:46', '2022-09-13 06:02:46'),
(1526, 353, '13-09-2022', 2, 'Lead Updated By truelinesolution Store1', '2022-09-13 06:02:46', '2022-09-13 06:02:46'),
(1527, 353, '13-09-2022', 2, 'Lead Updated By truelinesolution Store1', '2022-09-13 06:02:46', '2022-09-13 06:02:46'),
(1528, 353, '13-09-2022', 2, 'Lead Updated By truelinesolution Store1', '2022-09-13 06:02:46', '2022-09-13 06:02:46'),
(1529, 353, '13-09-2022', 2, 'Lead Updated By truelinesolution Store1', '2022-09-13 06:02:46', '2022-09-13 06:02:46'),
(1530, 353, '13-09-2022', 2, 'Lead Updated By truelinesolution Store1', '2022-09-13 06:02:46', '2022-09-13 06:02:46'),
(1531, 353, '13-09-2022', 2, 'Lead Updated By truelinesolution Store1', '2022-09-13 06:02:46', '2022-09-13 06:02:46'),
(1532, 353, '13-09-2022', 2, 'Lead Updated By truelinesolution Store1', '2022-09-13 06:02:46', '2022-09-13 06:02:46'),
(1533, 353, '13-09-2022', 2, 'Lead Updated By truelinesolution Store1', '2022-09-13 06:02:47', '2022-09-13 06:02:47'),
(1534, 353, '13-09-2022', 2, 'Lead Updated By truelinesolution Store1', '2022-09-13 06:02:47', '2022-09-13 06:02:47'),
(1535, 353, '13-09-2022', 2, 'Lead Updated By truelinesolution Store1', '2022-09-13 06:02:47', '2022-09-13 06:02:47'),
(1536, 353, '13-09-2022', 2, 'Lead Updated By truelinesolution Store1', '2022-09-13 06:02:47', '2022-09-13 06:02:47'),
(1537, 353, '13-09-2022', 2, 'Lead Updated By truelinesolution Store1', '2022-09-13 06:02:47', '2022-09-13 06:02:47'),
(1538, 353, '13-09-2022', 2, 'Lead Updated By truelinesolution Store1', '2022-09-13 06:02:47', '2022-09-13 06:02:47'),
(1539, 353, '13-09-2022', 2, 'Lead Updated By truelinesolution Store1', '2022-09-13 06:02:47', '2022-09-13 06:02:47'),
(1540, 353, '13-09-2022', 2, 'Lead Updated By truelinesolution Store1', '2022-09-13 06:02:47', '2022-09-13 06:02:47'),
(1541, 353, '13-09-2022', 2, 'Lead Updated By truelinesolution Store1', '2022-09-13 06:02:47', '2022-09-13 06:02:47'),
(1542, 353, '13-09-2022', 2, 'Lead Updated By truelinesolution Store1', '2022-09-13 06:02:47', '2022-09-13 06:02:47'),
(1543, 353, '13-09-2022', 2, ' truelinesolution Store1 Status Updated From Confirm To Cancel', '2022-09-13 06:02:48', '2022-09-13 06:02:48'),
(1544, 353, '13-09-2022', 2, 'Lead Updated By truelinesolution Store1', '2022-09-13 06:02:48', '2022-09-13 06:02:48'),
(1545, 353, '13-09-2022', 2, 'Lead Updated By truelinesolution Store1', '2022-09-13 06:02:48', '2022-09-13 06:02:48'),
(1546, 353, '13-09-2022', 2, 'Lead Updated By truelinesolution Store1', '2022-09-13 06:02:48', '2022-09-13 06:02:48'),
(1547, 353, '13-09-2022', 2, 'Lead Updated By truelinesolution Store1', '2022-09-13 06:02:48', '2022-09-13 06:02:48'),
(1548, 353, '13-09-2022', 2, 'Lead Updated By truelinesolution Store1', '2022-09-13 06:02:48', '2022-09-13 06:02:48'),
(1549, 353, '13-09-2022', 2, 'Lead Updated By truelinesolution Store1', '2022-09-13 06:02:49', '2022-09-13 06:02:49'),
(1550, 353, '13-09-2022', 2, 'Lead Updated By truelinesolution Store1', '2022-09-13 06:02:49', '2022-09-13 06:02:49'),
(1551, 353, '13-09-2022', 2, 'Lead Updated By truelinesolution Store1', '2022-09-13 06:02:49', '2022-09-13 06:02:49'),
(1552, 353, '13-09-2022', 2, 'Lead Updated By truelinesolution Store1', '2022-09-13 06:02:49', '2022-09-13 06:02:49'),
(1553, 353, '13-09-2022', 2, 'Lead Updated By truelinesolution Store1', '2022-09-13 06:02:49', '2022-09-13 06:02:49'),
(1554, 353, '13-09-2022', 2, 'Lead Updated By truelinesolution Store1', '2022-09-13 06:02:49', '2022-09-13 06:02:49'),
(1555, 353, '13-09-2022', 2, 'Lead Updated By truelinesolution Store1', '2022-09-13 06:02:49', '2022-09-13 06:02:49'),
(1556, 353, '13-09-2022', 2, 'Lead Updated By truelinesolution Store1', '2022-09-13 06:02:50', '2022-09-13 06:02:50'),
(1557, 353, '13-09-2022', 2, 'Lead Updated By truelinesolution Store1', '2022-09-13 06:02:50', '2022-09-13 06:02:50'),
(1558, 353, '13-09-2022', 2, 'Lead Updated By truelinesolution Store1', '2022-09-13 06:02:50', '2022-09-13 06:02:50'),
(1559, 353, '13-09-2022', 2, 'Lead Updated By truelinesolution Store1', '2022-09-13 06:02:50', '2022-09-13 06:02:50'),
(1560, 353, '13-09-2022', 2, 'Lead Updated By truelinesolution Store1', '2022-09-13 06:02:50', '2022-09-13 06:02:50'),
(1561, 353, '13-09-2022', 2, 'Lead Updated By truelinesolution Store1', '2022-09-13 06:02:50', '2022-09-13 06:02:50'),
(1562, 353, '13-09-2022', 2, 'Lead Updated By truelinesolution Store1', '2022-09-13 06:02:50', '2022-09-13 06:02:50'),
(1563, 353, '13-09-2022', 2, 'Lead Updated By truelinesolution Store1', '2022-09-13 06:02:50', '2022-09-13 06:02:50'),
(1564, 353, '13-09-2022', 2, 'Lead Updated By truelinesolution Store1', '2022-09-13 06:02:50', '2022-09-13 06:02:50'),
(1565, 353, '13-09-2022', 2, 'Lead Updated By truelinesolution Store1', '2022-09-13 06:02:50', '2022-09-13 06:02:50'),
(1566, 353, '13-09-2022', 2, 'Lead Updated By truelinesolution Store1', '2022-09-13 06:02:50', '2022-09-13 06:02:50'),
(1567, 353, '13-09-2022', 2, 'Lead Updated By truelinesolution Store1', '2022-09-13 06:02:51', '2022-09-13 06:02:51'),
(1568, 353, '13-09-2022', 2, 'Lead Updated By truelinesolution Store1', '2022-09-13 06:02:51', '2022-09-13 06:02:51'),
(1569, 353, '13-09-2022', 2, 'Lead Updated By truelinesolution Store1', '2022-09-13 06:02:51', '2022-09-13 06:02:51'),
(1570, 353, '13-09-2022', 2, 'Lead Updated By truelinesolution Store1', '2022-09-13 06:02:51', '2022-09-13 06:02:51'),
(1571, 353, '13-09-2022', 2, 'Lead Updated By truelinesolution Store1', '2022-09-13 06:02:51', '2022-09-13 06:02:51'),
(1572, 353, '13-09-2022', 2, 'Lead Updated By truelinesolution Store1', '2022-09-13 06:02:51', '2022-09-13 06:02:51'),
(1573, 353, '13-09-2022', 2, 'Lead Updated By truelinesolution Store1', '2022-09-13 06:02:51', '2022-09-13 06:02:51'),
(1574, 353, '13-09-2022', 2, 'Lead Updated By truelinesolution Store1', '2022-09-13 06:02:51', '2022-09-13 06:02:51'),
(1575, 353, '13-09-2022', 2, 'Lead Updated By truelinesolution Store1', '2022-09-13 06:02:51', '2022-09-13 06:02:51'),
(1576, 353, '13-09-2022', 2, 'Lead Updated By truelinesolution Store1', '2022-09-13 06:02:51', '2022-09-13 06:02:51'),
(1577, 353, '13-09-2022', 2, 'Lead Updated By truelinesolution Store1', '2022-09-13 06:02:52', '2022-09-13 06:02:52'),
(1578, 353, '13-09-2022', 2, 'Lead Updated By truelinesolution Store1', '2022-09-13 06:02:52', '2022-09-13 06:02:52'),
(1579, 353, '13-09-2022', 2, 'Lead Updated By truelinesolution Store1', '2022-09-13 06:02:52', '2022-09-13 06:02:52'),
(1580, 353, '13-09-2022', 2, 'Lead Updated By truelinesolution Store1', '2022-09-13 06:02:52', '2022-09-13 06:02:52'),
(1581, 353, '13-09-2022', 2, 'Lead Updated By truelinesolution Store1', '2022-09-13 06:02:52', '2022-09-13 06:02:52'),
(1582, 353, '13-09-2022', 2, 'Lead Updated By truelinesolution Store1', '2022-09-13 06:02:52', '2022-09-13 06:02:52'),
(1583, 353, '13-09-2022', 2, 'Lead Updated By truelinesolution Store1', '2022-09-13 06:02:52', '2022-09-13 06:02:52'),
(1584, 353, '13-09-2022', 2, 'Lead Updated By truelinesolution Store1', '2022-09-13 06:02:52', '2022-09-13 06:02:52'),
(1585, 353, '13-09-2022', 2, 'Lead Updated By truelinesolution Store1', '2022-09-13 06:02:52', '2022-09-13 06:02:52'),
(1586, 353, '13-09-2022', 2, 'Lead Updated By truelinesolution Store1', '2022-09-13 06:02:52', '2022-09-13 06:02:52'),
(1587, 353, '13-09-2022', 2, 'Lead Updated By truelinesolution Store1', '2022-09-13 06:02:52', '2022-09-13 06:02:52'),
(1588, 353, '13-09-2022', 2, 'Lead Updated By truelinesolution Store1', '2022-09-13 06:02:52', '2022-09-13 06:02:52'),
(1589, 353, '13-09-2022', 2, 'Lead Updated By truelinesolution Store1', '2022-09-13 06:02:52', '2022-09-13 06:02:52'),
(1590, 353, '13-09-2022', 2, 'Lead Updated By truelinesolution Store1', '2022-09-13 06:02:52', '2022-09-13 06:02:52'),
(1591, 353, '13-09-2022', 2, 'Lead Updated By truelinesolution Store1', '2022-09-13 06:02:52', '2022-09-13 06:02:52'),
(1592, 353, '13-09-2022', 2, 'Lead Updated By truelinesolution Store1', '2022-09-13 06:02:53', '2022-09-13 06:02:53'),
(1593, 353, '13-09-2022', 2, 'Lead Updated By truelinesolution Store1', '2022-09-13 06:02:53', '2022-09-13 06:02:53'),
(1594, 353, '13-09-2022', 2, 'Lead Updated By truelinesolution Store1', '2022-09-13 06:02:53', '2022-09-13 06:02:53'),
(1595, 353, '13-09-2022', 2, 'Lead Updated By truelinesolution Store1', '2022-09-13 06:02:53', '2022-09-13 06:02:53'),
(1596, 353, '13-09-2022', 2, 'Lead Updated By truelinesolution Store1', '2022-09-13 06:02:53', '2022-09-13 06:02:53'),
(1597, 353, '13-09-2022', 2, 'Lead Updated By truelinesolution Store1', '2022-09-13 06:02:53', '2022-09-13 06:02:53'),
(1598, 353, '13-09-2022', 2, 'Lead Updated By truelinesolution Store1', '2022-09-13 06:02:53', '2022-09-13 06:02:53'),
(1599, 353, '13-09-2022', 2, 'Lead Updated By truelinesolution Store1', '2022-09-13 06:02:53', '2022-09-13 06:02:53'),
(1600, 353, '13-09-2022', 2, 'Lead Updated By truelinesolution Store1', '2022-09-13 06:02:53', '2022-09-13 06:02:53'),
(1601, 353, '13-09-2022', 2, 'Lead Updated By truelinesolution Store1', '2022-09-13 06:02:54', '2022-09-13 06:02:54'),
(1602, 353, '13-09-2022', 2, 'Lead Updated By truelinesolution Store1', '2022-09-13 06:02:54', '2022-09-13 06:02:54'),
(1603, 353, '13-09-2022', 2, 'Lead Updated By truelinesolution Store1', '2022-09-13 06:02:54', '2022-09-13 06:02:54'),
(1604, 352, '13-09-2022', 2, ' truelinesolution Store1 Status Updated From Confirm To Cancel', '2022-09-13 06:03:41', '2022-09-13 06:03:41'),
(1605, 353, '13-09-2022', 2, ' truelinesolution Store1 Status Updated From Confirm To Cancel', '2022-09-13 06:03:54', '2022-09-13 06:03:54'),
(1606, 353, '13-09-2022', 2, 'Lead Updated By truelinesolution Store1', '2022-09-13 06:03:55', '2022-09-13 06:03:55'),
(1607, 353, '13-09-2022', 2, ' truelinesolution Store1 Status Updated From Confirm To Confirm', '2022-09-13 06:04:03', '2022-09-13 06:04:03'),
(1608, 353, '13-09-2022', 2, ' truelinesolution Store1 Status Updated From Confirm To Cancel', '2022-09-13 06:04:05', '2022-09-13 06:04:05'),
(1609, 348, '13-09-2022', 2, ' truelinesolution Store1 Status Updated From Processing To Cancel', '2022-09-13 06:04:36', '2022-09-13 06:04:36'),
(1610, 348, '13-09-2022', 2, 'Lead Updated By truelinesolution Store1', '2022-09-13 06:04:38', '2022-09-13 06:04:38'),
(1611, 348, '13-09-2022', 2, ' truelinesolution Store1 Status Updated From Processing To Cancel', '2022-09-13 06:06:10', '2022-09-13 06:06:10'),
(1612, 0, '13-09-2022', 0, 'Lead Updated By undefined', '2022-09-13 06:06:11', '2022-09-13 06:06:11'),
(1613, 347, '13-09-2022', 2, ' truelinesolution Store1 Status Updated From Confirm To Cancel', '2022-09-13 06:09:40', '2022-09-13 06:09:40'),
(1614, 346, '13-09-2022', 2, ' truelinesolution Store1 Status Updated From Confirm To Confirm', '2022-09-13 06:10:11', '2022-09-13 06:10:11'),
(1615, 346, '13-09-2022', 2, ' truelinesolution Store1 Status Updated From Confirm To Cancel', '2022-09-13 06:10:13', '2022-09-13 06:10:13'),
(1616, 346, '13-09-2022', 2, 'Lead Updated By truelinesolution Store1', '2022-09-13 06:10:15', '2022-09-13 06:10:15'),
(1617, 346, '13-09-2022', 2, ' truelinesolution Store1 Status Updated From Confirm To Cancel', '2022-09-13 06:10:19', '2022-09-13 06:10:19'),
(1618, 346, '13-09-2022', 2, 'Lead Updated By truelinesolution Store1', '2022-09-13 06:10:20', '2022-09-13 06:10:20'),
(1619, 346, '13-09-2022', 2, ' truelinesolution Store1 Status Updated From Confirm To Cancel', '2022-09-13 06:10:25', '2022-09-13 06:10:25'),
(1620, 346, '13-09-2022', 2, 'Lead Updated By truelinesolution Store1', '2022-09-13 06:10:28', '2022-09-13 06:10:28'),
(1621, 346, '13-09-2022', 2, ' truelinesolution Store1 Status Updated From Confirm To Cancel', '2022-09-13 06:10:31', '2022-09-13 06:10:31'),
(1622, 346, '13-09-2022', 2, 'Lead Updated By truelinesolution Store1', '2022-09-13 06:10:33', '2022-09-13 06:10:33'),
(1623, 346, '13-09-2022', 2, ' truelinesolution Store1 Status Updated From Confirm To Cancel', '2022-09-13 06:10:52', '2022-09-13 06:10:52'),
(1624, 346, '13-09-2022', 2, 'Lead Updated By truelinesolution Store1', '2022-09-13 06:10:55', '2022-09-13 06:10:55'),
(1625, 346, '13-09-2022', 2, ' truelinesolution Store1 Status Updated From Confirm To Cancel', '2022-09-13 06:11:04', '2022-09-13 06:11:04'),
(1626, 346, '13-09-2022', 2, 'Lead Updated By truelinesolution Store1', '2022-09-13 06:11:05', '2022-09-13 06:11:05'),
(1627, 346, '13-09-2022', 2, ' truelinesolution Store1 Status Updated From Confirm To Cancel', '2022-09-13 06:11:19', '2022-09-13 06:11:19'),
(1628, 346, '13-09-2022', 2, 'Lead Updated By truelinesolution Store1', '2022-09-13 06:11:23', '2022-09-13 06:11:23'),
(1629, 346, '13-09-2022', 2, ' truelinesolution Store1 Status Updated From Confirm To Cancel', '2022-09-13 06:11:31', '2022-09-13 06:11:31'),
(1630, 346, '13-09-2022', 2, 'Lead Updated By truelinesolution Store1', '2022-09-13 06:11:33', '2022-09-13 06:11:33'),
(1631, 346, '13-09-2022', 2, ' truelinesolution Store1 Status Updated From Confirm To Cancel', '2022-09-13 06:12:32', '2022-09-13 06:12:32'),
(1632, 346, '13-09-2022', 2, 'Lead Updated By truelinesolution Store1', '2022-09-13 06:12:33', '2022-09-13 06:12:33'),
(1633, 354, '13-09-2022', 2, 'Lead Created By truelinesolution Store1', '2022-09-13 06:12:33', '2022-09-13 06:12:33'),
(1634, 346, '13-09-2022', 2, ' truelinesolution Store1 Status Updated From Confirm To Cancel', '2022-09-13 06:12:38', '2022-09-13 06:12:38'),
(1635, 346, '13-09-2022', 2, 'Lead Updated By truelinesolution Store1', '2022-09-13 06:12:39', '2022-09-13 06:12:39'),
(1636, 355, '13-09-2022', 2, 'Lead Created By truelinesolution Store1', '2022-09-13 06:12:39', '2022-09-13 06:12:39'),
(1637, 346, '13-09-2022', 2, ' truelinesolution Store1 Status Updated From Confirm To Cancel', '2022-09-13 06:12:42', '2022-09-13 06:12:42'),
(1638, 346, '13-09-2022', 2, 'Lead Updated By truelinesolution Store1', '2022-09-13 06:12:44', '2022-09-13 06:12:44'),
(1639, 356, '13-09-2022', 2, 'Lead Created By truelinesolution Store1', '2022-09-13 06:12:44', '2022-09-13 06:12:44'),
(1640, 356, '13-09-2022', 2, ' truelinesolution Store1 Status Updated From Confirm To Cancel', '2022-09-13 06:13:19', '2022-09-13 06:13:19'),
(1641, 356, '13-09-2022', 2, 'Lead Updated By truelinesolution Store1', '2022-09-13 06:13:21', '2022-09-13 06:13:21'),
(1642, 356, '13-09-2022', 2, ' truelinesolution Store1 Status Updated From Confirm To Cancel', '2022-09-13 06:13:28', '2022-09-13 06:13:28'),
(1643, 356, '13-09-2022', 2, 'Lead Updated By truelinesolution Store1', '2022-09-13 06:13:30', '2022-09-13 06:13:30'),
(1644, 356, '13-09-2022', 2, ' truelinesolution Store1 Status Updated From Confirm To Cancel', '2022-09-13 06:15:18', '2022-09-13 06:15:18'),
(1645, 356, '13-09-2022', 2, 'Lead Updated By truelinesolution Store1', '2022-09-13 06:15:20', '2022-09-13 06:15:20'),
(1646, 356, '13-09-2022', 2, ' truelinesolution Store1 Status Updated From Confirm To Cancel', '2022-09-13 06:16:08', '2022-09-13 06:16:08'),
(1647, 356, '13-09-2022', 2, ' truelinesolution Store1 Status Updated From Cancel To Cancel', '2022-09-13 06:16:38', '2022-09-13 06:16:38'),
(1648, 356, '13-09-2022', 2, 'Lead Updated By truelinesolution Store1', '2022-09-13 06:16:40', '2022-09-13 06:16:40'),
(1649, 355, '13-09-2022', 2, ' truelinesolution Store1 Status Updated From Confirm To Cancel', '2022-09-13 06:16:47', '2022-09-13 06:16:47'),
(1650, 354, '13-09-2022', 2, ' truelinesolution Store1 Status Updated From Confirm To Confirm', '2022-09-13 06:17:10', '2022-09-13 06:17:10'),
(1651, 354, '13-09-2022', 2, ' truelinesolution Store1 Status Updated From Confirm To Cancel', '2022-09-13 06:17:12', '2022-09-13 06:17:12'),
(1652, 354, '13-09-2022', 2, 'Lead Updated By truelinesolution Store1', '2022-09-13 06:17:14', '2022-09-13 06:17:14'),
(1653, 354, '13-09-2022', 2, ' truelinesolution Store1 Status Updated From Confirm To Cancel', '2022-09-13 06:17:52', '2022-09-13 06:17:52'),
(1654, 354, '13-09-2022', 2, 'Lead Updated By truelinesolution Store1', '2022-09-13 06:17:53', '2022-09-13 06:17:53'),
(1655, 354, '13-09-2022', 2, ' truelinesolution Store1 Status Updated From Confirm To Cancel', '2022-09-13 06:19:52', '2022-09-13 06:19:52'),
(1656, 354, '13-09-2022', 2, 'Lead Updated By truelinesolution Store1', '2022-09-13 06:19:56', '2022-09-13 06:19:56'),
(1657, 354, '13-09-2022', 2, ' truelinesolution Store1 Status Updated From Confirm To Confirm', '2022-09-13 06:20:04', '2022-09-13 06:20:04'),
(1658, 354, '13-09-2022', 2, ' truelinesolution Store1 Status Updated From Confirm To Cancel', '2022-09-13 06:20:06', '2022-09-13 06:20:06'),
(1659, 354, '13-09-2022', 2, 'Lead Updated By truelinesolution Store1', '2022-09-13 06:20:11', '2022-09-13 06:20:11'),
(1660, 354, '13-09-2022', 2, ' truelinesolution Store1 Status Updated From Confirm To Confirm', '2022-09-13 06:21:28', '2022-09-13 06:21:28'),
(1661, 354, '13-09-2022', 2, ' truelinesolution Store1 Status Updated From Confirm To Cancel', '2022-09-13 06:21:33', '2022-09-13 06:21:33'),
(1662, 354, '13-09-2022', 2, 'Lead Updated By truelinesolution Store1', '2022-09-13 06:21:36', '2022-09-13 06:21:36'),
(1663, 354, '13-09-2022', 2, ' truelinesolution Store1 Status Updated From Confirm To Cancel', '2022-09-13 06:23:46', '2022-09-13 06:23:46'),
(1664, 354, '13-09-2022', 2, 'Lead Updated By truelinesolution Store1', '2022-09-13 06:23:48', '2022-09-13 06:23:48'),
(1665, 354, '13-09-2022', 2, ' truelinesolution Store1 Status Updated From Confirm To Cancel', '2022-09-13 06:24:00', '2022-09-13 06:24:00'),
(1666, 354, '13-09-2022', 2, 'Lead Updated By truelinesolution Store1', '2022-09-13 06:24:03', '2022-09-13 06:24:03'),
(1667, 354, '13-09-2022', 2, ' truelinesolution Store1 Status Updated From Confirm To Cancel', '2022-09-13 06:24:56', '2022-09-13 06:24:56'),
(1668, 354, '13-09-2022', 2, 'Lead Updated By truelinesolution Store1', '2022-09-13 06:25:00', '2022-09-13 06:25:00'),
(1669, 354, '13-09-2022', 2, ' truelinesolution Store1 Status Updated From Confirm To Cancel', '2022-09-13 06:29:43', '2022-09-13 06:29:43'),
(1670, 354, '13-09-2022', 2, 'Lead Updated By truelinesolution Store1', '2022-09-13 06:29:47', '2022-09-13 06:29:47'),
(1671, 354, '13-09-2022', 2, ' truelinesolution Store1 Status Updated From Confirm To Cancel', '2022-09-13 06:30:28', '2022-09-13 06:30:28'),
(1672, 346, '13-09-2022', 2, ' truelinesolution Store1 Status Updated From Confirm To Cancel', '2022-09-13 06:31:49', '2022-09-13 06:31:49'),
(1673, 346, '13-09-2022', 2, 'Lead Updated By truelinesolution Store1', '2022-09-13 06:31:51', '2022-09-13 06:31:51'),
(1674, 346, '13-09-2022', 2, ' truelinesolution Store1 Status Updated From Confirm To Cancel', '2022-09-13 06:31:57', '2022-09-13 06:31:57'),
(1675, 346, '13-09-2022', 2, 'Lead Updated By truelinesolution Store1', '2022-09-13 06:32:01', '2022-09-13 06:32:01'),
(1676, 346, '13-09-2022', 2, ' truelinesolution Store1 Status Updated From Confirm To Confirm', '2022-09-13 06:32:09', '2022-09-13 06:32:09'),
(1677, 346, '13-09-2022', 2, ' truelinesolution Store1 Status Updated From Confirm To Cancel', '2022-09-13 06:32:11', '2022-09-13 06:32:11'),
(1678, 346, '13-09-2022', 2, 'Lead Updated By truelinesolution Store1', '2022-09-13 06:32:14', '2022-09-13 06:32:14'),
(1679, 356, '13-09-2022', 2, ' truelinesolution Store1 Status Updated From Cancel To Processing', '2022-09-13 06:34:08', '2022-09-13 06:34:08'),
(1680, 355, '13-09-2022', 2, ' truelinesolution Store1 Status Updated From Cancel To Confirm', '2022-09-13 06:34:12', '2022-09-13 06:34:12');
INSERT INTO `lead_history` (`l_h_id`, `l_id`, `date`, `u_id`, `description`, `created_at`, `updated_at`) VALUES
(1681, 354, '13-09-2022', 2, ' truelinesolution Store1 Status Updated From Cancel To Cancel', '2022-09-13 06:34:14', '2022-09-13 06:34:14'),
(1682, 353, '13-09-2022', 2, ' truelinesolution Store1 Status Updated From Cancel To aaa', '2022-09-13 06:34:18', '2022-09-13 06:34:18'),
(1683, 352, '13-09-2022', 2, ' truelinesolution Store1 Status Updated From Cancel To utsav ne maro', '2022-09-13 06:34:21', '2022-09-13 06:34:21'),
(1684, 348, '13-09-2022', 2, ' truelinesolution Store1 Status Updated From Cancel To utsav ne maro', '2022-09-13 06:34:47', '2022-09-13 06:34:47'),
(1685, 352, '13-09-2022', 2, ' truelinesolution Store1 Status Updated From null To Cancel', '2022-09-13 06:56:10', '2022-09-13 06:56:10'),
(1686, 352, '13-09-2022', 2, 'Lead Updated By truelinesolution Store1', '2022-09-13 06:56:13', '2022-09-13 06:56:13'),
(1687, 357, '13-09-2022', 2, 'Lead Created By truelinesolution Store1', '2022-09-13 06:57:00', '2022-09-13 06:57:00'),
(2176, 527, '25-07-2022', 67, 'Lead Created By abc 1', '2022-09-17 06:56:13', '2022-09-17 06:56:13'),
(1689, 357, '13-09-2022', 2, ' truelinesolution Store1 Status Updated From Cancel To Cancel', '2022-09-13 06:58:41', '2022-09-13 06:58:41'),
(1690, 357, '13-09-2022', 2, 'Lead Updated By truelinesolution Store1', '2022-09-13 06:58:44', '2022-09-13 06:58:44'),
(1691, 356, '13-09-2022', 2, ' truelinesolution Store1 Status Updated From Processing To Cancel', '2022-09-13 06:59:07', '2022-09-13 06:59:07'),
(1692, 357, '13-09-2022', 2, ' truelinesolution Store1 Status Updated From Cancel To Cancel', '2022-09-13 07:54:02', '2022-09-13 07:54:02'),
(1693, 357, '13-09-2022', 2, 'Lead Updated By truelinesolution Store1', '2022-09-13 07:54:04', '2022-09-13 07:54:04'),
(1694, 357, '13-09-2022', 2, ' truelinesolution Store1 Status Updated From Cancel To Cancel', '2022-09-13 07:56:21', '2022-09-13 07:56:21'),
(1695, 357, '13-09-2022', 2, ' truelinesolution Store1 Status Updated From Cancel To Cancel', '2022-09-13 07:57:28', '2022-09-13 07:57:28'),
(1696, 357, '13-09-2022', 2, 'Lead Updated By truelinesolution Store1', '2022-09-13 07:57:30', '2022-09-13 07:57:30'),
(1697, 341, '13-09-2022', 2, ' truelinesolution Store1 Status Updated From New Lead To Processing', '2022-09-13 08:05:26', '2022-09-13 08:05:26'),
(1698, 343, '13-09-2022', 2, ' truelinesolution Store1 Status Updated From Processing Lead To New', '2022-09-13 08:05:27', '2022-09-13 08:05:27'),
(1699, 343, '13-09-2022', 2, ' truelinesolution Store1 Status Updated From New Lead To Processing', '2022-09-13 08:09:45', '2022-09-13 08:09:45'),
(1703, 356, '13-09-2022', 2, ' truelinesolution Store1 Status Updated From Close-by To Processing', '2022-09-13 08:20:33', '2022-09-13 08:20:33'),
(1704, 356, '13-09-2022', 2, ' truelinesolution Store1 Status Updated From Processing To Processing', '2022-09-13 08:23:37', '2022-09-13 08:23:37'),
(1705, 356, '13-09-2022', 2, ' truelinesolution Store1 Status Updated From Processing To Processing', '2022-09-13 08:25:20', '2022-09-13 08:25:20'),
(1706, 356, '13-09-2022', 2, ' truelinesolution Store1 Status Updated From Processing To Processing', '2022-09-13 08:26:21', '2022-09-13 08:26:21'),
(1707, 356, '13-09-2022', 2, 'Lead Updated By truelinesolution Store1', '2022-09-13 08:27:07', '2022-09-13 08:27:07'),
(1708, 357, '13-09-2022', 2, ' truelinesolution Store1 Status Updated From Cancel Lead To Confirm', '2022-09-13 09:08:05', '2022-09-13 09:08:05'),
(1709, 359, '13-09-2022', 2, 'Lead Created By truelinesolution Store1', '2022-09-13 09:10:20', '2022-09-13 09:10:20'),
(1710, 359, '13-09-2022', 2, 'Lead Updated By truelinesolution Store1', '2022-09-13 09:11:58', '2022-09-13 09:11:58'),
(1711, 359, '13-09-2022', 2, 'Lead Updated By truelinesolution Store1', '2022-09-13 09:12:20', '2022-09-13 09:12:20'),
(1712, 359, '13-09-2022', 2, 'Lead Updated By truelinesolution Store1', '2022-09-13 09:12:40', '2022-09-13 09:12:40'),
(1713, 359, '13-09-2022', 2, ' truelinesolution Store1 Add Next Followup Date 13-09-2022 2:43:00 pm', '2022-09-13 09:13:13', '2022-09-13 09:13:13'),
(1714, 359, '13-09-2022', 2, ' truelinesolution Store1 Add Next Followup Date 13-09-2022 2:46:00 pm', '2022-09-13 09:15:40', '2022-09-13 09:15:40'),
(1715, 359, '13-09-2022', 2, ' truelinesolution Store1 Add Next Followup Date 13-09-2022 2:53:00 pm', '2022-09-13 09:23:15', '2022-09-13 09:23:15'),
(1716, 359, '13-09-2022', 2, 'Lead Updated By truelinesolution Store1', '2022-09-13 09:25:09', '2022-09-13 09:25:09'),
(1717, 359, '13-09-2022', 2, ' truelinesolution Store1 Lead Assigned From itachi uchiha To truelinesolution Store1', '2022-09-13 09:25:48', '2022-09-13 09:25:48'),
(1718, 359, '13-09-2022', 2, ' truelinesolution Store1 Add Next Followup Date 13-09-2022 2:55:00 pm', '2022-09-13 09:25:57', '2022-09-13 09:25:57'),
(1719, 359, '13-09-2022', 2, ' truelinesolution Store1 Add Next Followup Date 13-09-2022 3:01:00 pm', '2022-09-13 09:31:30', '2022-09-13 09:31:30'),
(1720, 357, '13-09-2022', 2, ' truelinesolution Store1 Status Updated From Confirm Lead To Processing', '2022-09-13 09:34:06', '2022-09-13 09:34:06'),
(1721, 357, '13-09-2022', 2, ' truelinesolution Store1 Status Updated From Processing Lead To Cancel', '2022-09-13 09:34:28', '2022-09-13 09:34:28'),
(1722, 357, '13-09-2022', 2, ' truelinesolution Store1 Status Updated From Cancel Lead To Confirm', '2022-09-13 09:34:32', '2022-09-13 09:34:32'),
(1723, 353, '13-09-2022', 2, ' truelinesolution Store1 Status Updated From Processing Lead To Cancel', '2022-09-13 09:34:36', '2022-09-13 09:34:36'),
(1724, 353, '13-09-2022', 2, ' truelinesolution Store1 Status Updated From Cancel Lead To Processing', '2022-09-13 09:34:38', '2022-09-13 09:34:38'),
(1725, 357, '13-09-2022', 2, ' truelinesolution Store1 Status Updated From Confirm Lead To Cancel', '2022-09-13 09:35:58', '2022-09-13 09:35:58'),
(1726, 357, '13-09-2022', 2, ' truelinesolution Store1 Status Updated From Cancel Lead To Confirm', '2022-09-13 09:36:05', '2022-09-13 09:36:05'),
(1727, 359, '13-09-2022', 2, ' truelinesolution Store1 Status Updated From New Lead To Processing', '2022-09-13 09:36:16', '2022-09-13 09:36:16'),
(1728, 353, '13-09-2022', 2, ' truelinesolution Store1 Status Updated From Processing Lead To Cancel', '2022-09-13 09:36:26', '2022-09-13 09:36:26'),
(1729, 359, '13-09-2022', 2, ' truelinesolution Store1 Status Updated From Processing Lead To New', '2022-09-13 09:36:46', '2022-09-13 09:36:46'),
(1730, 359, '13-09-2022', 2, ' truelinesolution Store1 Status Updated From New Lead To Confirm', '2022-09-13 09:36:59', '2022-09-13 09:36:59'),
(1731, 359, '13-09-2022', 2, ' truelinesolution Store1 Status Updated From Confirm Lead To New', '2022-09-13 09:37:04', '2022-09-13 09:37:04'),
(1732, 359, '13-09-2022', 2, ' truelinesolution Store1 Status Updated From New Lead To Cancel', '2022-09-13 09:37:44', '2022-09-13 09:37:44'),
(1733, 359, '13-09-2022', 2, ' truelinesolution Store1 Status Updated From Cancel Lead To aaa', '2022-09-13 09:37:55', '2022-09-13 09:37:55'),
(1734, 359, '13-09-2022', 2, ' truelinesolution Store1 Status Updated From aaa Lead To Processing', '2022-09-13 09:38:00', '2022-09-13 09:38:00'),
(1735, 359, '13-09-2022', 2, ' truelinesolution Store1 Status Updated From Processing Lead To New', '2022-09-13 09:38:03', '2022-09-13 09:38:03'),
(1736, 359, '13-09-2022', 2, 'Lead Updated By truelinesolution Store1', '2022-09-13 09:38:20', '2022-09-13 09:38:20'),
(1737, 359, '13-09-2022', 2, ' truelinesolution Store1 Add Next Followup Date 14-09-2022 3:08:00 pm', '2022-09-13 09:38:49', '2022-09-13 09:38:49'),
(1738, 359, '13-09-2022', 2, 'Lead Updated By truelinesolution Store1', '2022-09-13 09:49:17', '2022-09-13 09:49:17'),
(1739, 359, '13-09-2022', 2, 'Lead Updated By truelinesolution Store1', '2022-09-13 09:50:03', '2022-09-13 09:50:03'),
(1740, 359, '13-09-2022', 2, 'Lead Updated By truelinesolution Store1', '2022-09-13 09:50:27', '2022-09-13 09:50:27'),
(1741, 359, '13-09-2022', 2, 'Lead Updated By truelinesolution Store1', '2022-09-13 09:51:03', '2022-09-13 09:51:03'),
(1742, 359, '13-09-2022', 2, ' truelinesolution Store1 Status Updated From Processing To Cancel', '2022-09-13 09:52:26', '2022-09-13 09:52:26'),
(1743, 359, '13-09-2022', 2, ' truelinesolution Store1 Status Updated From Processing To Processing', '2022-09-13 09:52:31', '2022-09-13 09:52:31'),
(1744, 359, '13-09-2022', 2, ' truelinesolution Store1 Status Updated From Processing To Confirm', '2022-09-13 09:52:35', '2022-09-13 09:52:35'),
(1745, 359, '13-09-2022', 2, ' truelinesolution Store1 Status Updated From Confirm To Cancel', '2022-09-13 09:52:37', '2022-09-13 09:52:37'),
(1746, 359, '13-09-2022', 2, ' truelinesolution Store1 Status Updated From Confirm To Close-by', '2022-09-13 09:52:39', '2022-09-13 09:52:39'),
(1747, 359, '13-09-2022', 2, ' truelinesolution Store1 Status Updated From Close-by To aaa', '2022-09-13 09:52:43', '2022-09-13 09:52:43'),
(1748, 360, '13-09-2022', 2, 'Lead Created By truelinesolution Store1', '2022-09-13 09:53:17', '2022-09-13 09:53:17'),
(1749, 362, '14-09-2022', 2, 'Lead Created By truelinesolution Store1', '2022-09-13 09:53:17', '2022-09-13 09:53:17'),
(1750, 361, '13-09-2022', 2, 'Lead Created By truelinesolution Store1', '2022-09-13 09:53:17', '2022-09-13 09:53:17'),
(1751, 365, '17-08-2022', 2, 'Lead Created By truelinesolution Store1', '2022-09-13 09:53:17', '2022-09-13 09:53:17'),
(1752, 366, '17-08-2022', 2, 'Lead Created By truelinesolution Store1', '2022-09-13 09:53:17', '2022-09-13 09:53:17'),
(1753, 367, '17-08-2022', 2, 'Lead Created By truelinesolution Store1', '2022-09-13 09:53:17', '2022-09-13 09:53:17'),
(1754, 363, '17-08-2022', 2, 'Lead Created By truelinesolution Store1', '2022-09-13 09:53:17', '2022-09-13 09:53:17'),
(1755, 364, '17-08-2022', 2, 'Lead Created By truelinesolution Store1', '2022-09-13 09:53:17', '2022-09-13 09:53:17'),
(1756, 368, '17-08-2022', 2, 'Lead Created By truelinesolution Store1', '2022-09-13 09:53:17', '2022-09-13 09:53:17'),
(1757, 369, '17-08-2022', 2, 'Lead Created By truelinesolution Store1', '2022-09-13 09:53:17', '2022-09-13 09:53:17'),
(1758, 370, '17-08-2022', 2, 'Lead Created By truelinesolution Store1', '2022-09-13 09:53:17', '2022-09-13 09:53:17'),
(1759, 371, '17-08-2022', 2, 'Lead Created By truelinesolution Store1', '2022-09-13 09:53:17', '2022-09-13 09:53:17'),
(1760, 372, '17-08-2022', 2, 'Lead Created By truelinesolution Store1', '2022-09-13 09:53:17', '2022-09-13 09:53:17'),
(1761, 373, '03-08-2022', 2, 'Lead Created By truelinesolution Store1', '2022-09-13 09:53:17', '2022-09-13 09:53:17'),
(1762, 374, '21-08-2022', 2, 'Lead Created By truelinesolution Store1', '2022-09-13 09:53:17', '2022-09-13 09:53:17'),
(1763, 375, '27-08-2022', 2, 'Lead Created By truelinesolution Store1', '2022-09-13 09:53:17', '2022-09-13 09:53:17'),
(1764, 376, '24-08-2022', 2, 'Lead Created By truelinesolution Store1', '2022-09-13 09:53:17', '2022-09-13 09:53:17'),
(1765, 377, '25-08-2022', 2, 'Lead Created By truelinesolution Store1', '2022-09-13 09:53:17', '2022-09-13 09:53:17'),
(1766, 378, '27-08-2022', 2, 'Lead Created By truelinesolution Store1', '2022-09-13 09:53:17', '2022-09-13 09:53:17'),
(1767, 379, '25-08-2022', 2, 'Lead Created By truelinesolution Store1', '2022-09-13 09:53:17', '2022-09-13 09:53:17'),
(1769, 381, '31-08-2022', 2, 'Lead Created By truelinesolution Store1', '2022-09-13 09:53:17', '2022-09-13 09:53:17'),
(1770, 382, '31-08-2022', 2, 'Lead Created By truelinesolution Store1', '2022-09-13 09:53:17', '2022-09-13 09:53:17'),
(1771, 383, '01-09-2022', 2, 'Lead Created By truelinesolution Store1', '2022-09-13 09:53:17', '2022-09-13 09:53:17'),
(1772, 384, '02-09-2022', 2, 'Lead Created By truelinesolution Store1', '2022-09-13 09:53:17', '2022-09-13 09:53:17'),
(1773, 385, '05-09-2022', 2, 'Lead Created By truelinesolution Store1', '2022-09-13 09:53:17', '2022-09-13 09:53:17'),
(1774, 386, '05-09-2022', 2, 'Lead Created By truelinesolution Store1', '2022-09-13 09:53:17', '2022-09-13 09:53:17'),
(1775, 387, '05-09-2022', 2, 'Lead Created By truelinesolution Store1', '2022-09-13 09:53:17', '2022-09-13 09:53:17'),
(1776, 388, '06-09-2022', 2, 'Lead Created By truelinesolution Store1', '2022-09-13 09:53:17', '2022-09-13 09:53:17'),
(1777, 389, '06-09-2022', 2, 'Lead Created By truelinesolution Store1', '2022-09-13 09:53:17', '2022-09-13 09:53:17'),
(1778, 390, '07-09-2022', 2, 'Lead Created By truelinesolution Store1', '2022-09-13 09:53:17', '2022-09-13 09:53:17'),
(1779, 391, '07-09-2022', 2, 'Lead Created By truelinesolution Store1', '2022-09-13 09:53:17', '2022-09-13 09:53:17'),
(1780, 392, '07-09-2022', 2, 'Lead Created By truelinesolution Store1', '2022-09-13 09:53:17', '2022-09-13 09:53:17'),
(1781, 393, '08-09-2022', 2, 'Lead Created By truelinesolution Store1', '2022-09-13 09:53:17', '2022-09-13 09:53:17'),
(1782, 394, '07-09-2022', 2, 'Lead Created By truelinesolution Store1', '2022-09-13 09:53:17', '2022-09-13 09:53:17'),
(1783, 395, '07-09-2022', 2, 'Lead Created By truelinesolution Store1', '2022-09-13 09:53:17', '2022-09-13 09:53:17'),
(1784, 396, '07-09-2022', 2, 'Lead Created By truelinesolution Store1', '2022-09-13 09:53:17', '2022-09-13 09:53:17'),
(1785, 397, '08-09-2022', 2, 'Lead Created By truelinesolution Store1', '2022-09-13 09:53:17', '2022-09-13 09:53:17'),
(1786, 398, '08-09-2022', 2, 'Lead Created By truelinesolution Store1', '2022-09-13 09:53:17', '2022-09-13 09:53:17'),
(1787, 399, '10-09-2022', 2, 'Lead Created By truelinesolution Store1', '2022-09-13 09:53:17', '2022-09-13 09:53:17'),
(1788, 400, '08-09-2022', 2, 'Lead Created By truelinesolution Store1', '2022-09-13 09:53:17', '2022-09-13 09:53:17'),
(1789, 401, '08-09-2022', 2, 'Lead Created By truelinesolution Store1', '2022-09-13 09:53:17', '2022-09-13 09:53:17'),
(1790, 402, '08-09-2022', 2, 'Lead Created By truelinesolution Store1', '2022-09-13 09:53:17', '2022-09-13 09:53:17'),
(1791, 403, '07-09-2022', 2, 'Lead Created By truelinesolution Store1', '2022-09-13 09:53:17', '2022-09-13 09:53:17'),
(1792, 404, '07-09-2022', 2, 'Lead Created By truelinesolution Store1', '2022-09-13 09:53:17', '2022-09-13 09:53:17'),
(1793, 405, '07-09-2022', 2, 'Lead Created By truelinesolution Store1', '2022-09-13 09:53:17', '2022-09-13 09:53:17'),
(1794, 406, '07-09-2022', 2, 'Lead Created By truelinesolution Store1', '2022-09-13 09:53:17', '2022-09-13 09:53:17'),
(1795, 407, '07-09-2022', 2, 'Lead Created By truelinesolution Store1', '2022-09-13 09:53:17', '2022-09-13 09:53:17'),
(1796, 408, '07-09-2022', 2, 'Lead Created By truelinesolution Store1', '2022-09-13 09:53:17', '2022-09-13 09:53:17'),
(1797, 409, '06-09-2022', 2, 'Lead Created By truelinesolution Store1', '2022-09-13 09:53:17', '2022-09-13 09:53:17'),
(1798, 410, '06-09-2022', 2, 'Lead Created By truelinesolution Store1', '2022-09-13 09:53:17', '2022-09-13 09:53:17'),
(1799, 411, '05-09-2022', 2, 'Lead Created By truelinesolution Store1', '2022-09-13 09:53:17', '2022-09-13 09:53:17'),
(1800, 412, '05-09-2022', 2, 'Lead Created By truelinesolution Store1', '2022-09-13 09:53:17', '2022-09-13 09:53:17'),
(1801, 413, '05-09-2022', 2, 'Lead Created By truelinesolution Store1', '2022-09-13 09:53:17', '2022-09-13 09:53:17'),
(1802, 414, '02-09-2022', 2, 'Lead Created By truelinesolution Store1', '2022-09-13 09:53:17', '2022-09-13 09:53:17'),
(1803, 415, '01-09-2022', 2, 'Lead Created By truelinesolution Store1', '2022-09-13 09:53:17', '2022-09-13 09:53:17'),
(1804, 416, '31-08-2022', 2, 'Lead Created By truelinesolution Store1', '2022-09-13 09:53:17', '2022-09-13 09:53:17'),
(1805, 417, '31-08-2022', 2, 'Lead Created By truelinesolution Store1', '2022-09-13 09:53:17', '2022-09-13 09:53:17'),
(1941, 424, '14-09-2022', 2, ' truelinesolution Store1 Status Updated From Cancel To Cancel', '2022-09-14 06:37:43', '2022-09-14 06:37:43'),
(1807, 419, '25-08-2022', 2, 'Lead Created By truelinesolution Store1', '2022-09-13 09:53:17', '2022-09-13 09:53:17'),
(1808, 420, '27-08-2022', 2, 'Lead Created By truelinesolution Store1', '2022-09-13 09:53:17', '2022-09-13 09:53:17'),
(1809, 421, '25-08-2022', 2, 'Lead Created By truelinesolution Store1', '2022-09-13 09:53:17', '2022-09-13 09:53:17'),
(1810, 422, '24-08-2022', 2, 'Lead Created By truelinesolution Store1', '2022-09-13 09:53:17', '2022-09-13 09:53:17'),
(1811, 423, '27-08-2022', 2, 'Lead Created By truelinesolution Store1', '2022-09-13 09:53:17', '2022-09-13 09:53:17'),
(1812, 424, '21-08-2022', 2, 'Lead Created By truelinesolution Store1', '2022-09-13 09:53:17', '2022-09-13 09:53:17'),
(1813, 425, '03-08-2022', 2, 'Lead Created By truelinesolution Store1', '2022-09-13 09:53:17', '2022-09-13 09:53:17'),
(1814, 426, '03-08-2022', 2, 'Lead Created By truelinesolution Store1', '2022-09-13 09:53:17', '2022-09-13 09:53:17'),
(1937, 428, '14-09-2022', 2, ' truelinesolution Store1 Status Updated From Cancel To Confirm', '2022-09-14 06:28:00', '2022-09-14 06:28:00'),
(1816, 428, '17-08-2022', 2, 'Lead Created By truelinesolution Store1', '2022-09-13 09:53:17', '2022-09-13 09:53:17'),
(1817, 429, '17-08-2022', 2, 'Lead Created By truelinesolution Store1', '2022-09-13 09:53:17', '2022-09-13 09:53:17'),
(1862, 270, '13-09-2022', 3, ' itachi uchiha Add Next Followup Date 13-09-2022 5:50:00 pm', '2022-09-13 12:21:12', '2022-09-13 12:21:12'),
(1820, 432, '17-08-2022', 2, 'Lead Created By truelinesolution Store1', '2022-09-13 09:53:17', '2022-09-13 09:53:17'),
(1821, 359, '13-09-2022', 2, ' truelinesolution Store1 Status Updated From aaa To Processing', '2022-09-13 09:53:35', '2022-09-13 09:53:35'),
(1822, 359, '13-09-2022', 2, ' truelinesolution Store1 Status Updated From Processing To Confirm', '2022-09-13 09:53:40', '2022-09-13 09:53:40'),
(1823, 359, '13-09-2022', 2, ' truelinesolution Store1 Status Updated From Confirm To Processing', '2022-09-13 09:53:41', '2022-09-13 09:53:41'),
(1824, 359, '13-09-2022', 2, ' truelinesolution Store1 Status Updated From Processing To Processing', '2022-09-13 09:53:45', '2022-09-13 09:53:45'),
(1825, 360, '13-09-2022', 2, ' truelinesolution Store1 Status Updated From New To Close-by', '2022-09-13 10:07:22', '2022-09-13 10:07:22'),
(1826, 360, '13-09-2022', 2, ' truelinesolution Store1 Status Updated From Close-by To Cancel', '2022-09-13 10:07:25', '2022-09-13 10:07:25'),
(1827, 360, '13-09-2022', 2, 'Lead Updated By truelinesolution Store1', '2022-09-13 10:07:27', '2022-09-13 10:07:27'),
(1828, 360, '13-09-2022', 2, ' truelinesolution Store1 Status Updated From Close-by To Cancel', '2022-09-13 10:07:34', '2022-09-13 10:07:34'),
(1829, 360, '13-09-2022', 2, 'Lead Updated By truelinesolution Store1', '2022-09-13 10:07:36', '2022-09-13 10:07:36'),
(1830, 360, '13-09-2022', 2, ' truelinesolution Store1 Status Updated From Close-by To Cancel', '2022-09-13 10:07:39', '2022-09-13 10:07:39'),
(1831, 360, '13-09-2022', 2, 'Lead Updated By truelinesolution Store1', '2022-09-13 10:07:41', '2022-09-13 10:07:41'),
(1832, 362, '13-09-2022', 2, ' truelinesolution Store1 Status Updated From New To Cancel', '2022-09-13 10:07:45', '2022-09-13 10:07:45'),
(1833, 362, '13-09-2022', 2, 'Lead Updated By truelinesolution Store1', '2022-09-13 10:07:47', '2022-09-13 10:07:47'),
(1834, 362, '13-09-2022', 2, ' truelinesolution Store1 Status Updated From New To Cancel', '2022-09-13 10:07:50', '2022-09-13 10:07:50'),
(1835, 362, '13-09-2022', 2, 'Lead Updated By truelinesolution Store1', '2022-09-13 10:07:52', '2022-09-13 10:07:52'),
(1836, 362, '13-09-2022', 2, ' truelinesolution Store1 Status Updated From New To Cancel', '2022-09-13 10:08:35', '2022-09-13 10:08:35'),
(1837, 362, '13-09-2022', 2, 'Lead Updated By truelinesolution Store1', '2022-09-13 10:08:37', '2022-09-13 10:08:37'),
(1838, 432, '13-09-2022', 2, ' truelinesolution Store1 Status Updated From New To Cancel', '2022-09-13 10:08:55', '2022-09-13 10:08:55'),
(1839, 432, '13-09-2022', 2, 'Lead Updated By truelinesolution Store1', '2022-09-13 10:08:57', '2022-09-13 10:08:57'),
(1840, 432, '13-09-2022', 2, ' truelinesolution Store1 Status Updated From New To Processing', '2022-09-13 10:08:59', '2022-09-13 10:08:59'),
(1841, 432, '13-09-2022', 2, ' truelinesolution Store1 Status Updated From Processing To Processing', '2022-09-13 10:09:02', '2022-09-13 10:09:02'),
(1842, 432, '13-09-2022', 2, ' truelinesolution Store1 Status Updated From Processing To Confirm', '2022-09-13 10:09:05', '2022-09-13 10:09:05'),
(1843, 432, '13-09-2022', 2, ' truelinesolution Store1 Status Updated From Confirm To Cancel', '2022-09-13 10:09:09', '2022-09-13 10:09:09'),
(1844, 432, '13-09-2022', 2, 'Lead Updated By truelinesolution Store1', '2022-09-13 10:09:11', '2022-09-13 10:09:11'),
(1845, 432, '13-09-2022', 2, ' truelinesolution Store1 Status Updated From Confirm To Close-by', '2022-09-13 10:09:13', '2022-09-13 10:09:13'),
(1846, 432, '13-09-2022', 2, ' truelinesolution Store1 Status Updated From Close-by To aaa', '2022-09-13 10:09:15', '2022-09-13 10:09:15'),
(1847, 432, '13-09-2022', 2, ' truelinesolution Store1 Status Updated From aaa To Cancel', '2022-09-13 10:09:18', '2022-09-13 10:09:18'),
(1848, 432, '13-09-2022', 2, 'Lead Updated By truelinesolution Store1', '2022-09-13 10:09:20', '2022-09-13 10:09:20'),
(1861, 357, '13-09-2022', 2, ' truelinesolution Store1 Add Next Followup Date 13-09-2022 4:37:00 pm', '2022-09-13 11:07:57', '2022-09-13 11:07:57'),
(1860, 357, '13-09-2022', 2, ' truelinesolution Store1 Add Next Followup Date 13-09-2022 4:37:00 pm', '2022-09-13 11:07:12', '2022-09-13 11:07:12'),
(1958, 359, '14-09-2022', 2, ' truelinesolution Store1 Add Next Followup Date 16-09-2022 2:05:00 pm', '2022-09-14 08:36:25', '2022-09-14 08:36:25'),
(1858, 357, '13-09-2022', 2, ' truelinesolution Store1 Add Next Followup Date 13-09-2022 4:35:00 pm', '2022-09-13 11:05:55', '2022-09-13 11:05:55'),
(1853, 433, '13-09-2022', 2, 'Lead Created By truelinesolution Store1', '2022-09-13 10:12:51', '2022-09-13 10:12:51'),
(1854, 433, '13-09-2022', 2, ' truelinesolution Store1 Add Next Followup Date 13-09-2022 3:43:00 pm', '2022-09-13 10:13:03', '2022-09-13 10:13:03'),
(1855, 433, '13-09-2022', 2, ' truelinesolution Store1 Add Next Followup Date 13-09-2022 3:43:00 pm', '2022-09-13 10:13:18', '2022-09-13 10:13:18'),
(1857, 357, '13-09-2022', 2, ' truelinesolution Store1 Add Next Followup Date 13-09-2022 4:34:00 pm', '2022-09-13 11:04:56', '2022-09-13 11:04:56'),
(1863, 357, '13-09-2022', 3, ' itachi uchiha Lead Assigned From itachi uchiha To truelinesolution Store1', '2022-09-13 12:21:50', '2022-09-13 12:21:50'),
(1871, 386, '14-09-2022', 2, 'Lead Updated By truelinesolution Store1', '2022-09-14 03:45:15', '2022-09-14 03:45:15'),
(1870, 386, '14-09-2022', 2, ' truelinesolution Store1 Status Updated From New To Cancel', '2022-09-14 03:45:10', '2022-09-14 03:45:10'),
(1869, 222, '13-09-2022', 3, ' itachi5 uchiha Status Updated From Cancel Lead To New', '2022-09-13 12:36:30', '2022-09-13 12:36:30'),
(1868, 229, '13-09-2022', 3, ' itachi uchiha Status Updated From Cancel Lead To Processing', '2022-09-13 12:22:32', '2022-09-13 12:22:32'),
(1875, 422, '14-09-2022', 2, ' truelinesolution Store1 Status Updated From New To New', '2022-09-14 05:10:04', '2022-09-14 05:10:04'),
(1876, 421, '14-09-2022', 2, ' truelinesolution Store1 Status Updated From New To New', '2022-09-14 05:12:31', '2022-09-14 05:12:31'),
(1877, 421, '14-09-2022', 2, ' truelinesolution Store1 Status Updated From New To New', '2022-09-14 05:12:33', '2022-09-14 05:12:33'),
(1878, 424, '14-09-2022', 2, ' truelinesolution Store1 Status Updated From New To Cancel', '2022-09-14 05:13:01', '2022-09-14 05:13:01'),
(1879, 422, '14-09-2022', 2, ' truelinesolution Store1 Status Updated From New To New', '2022-09-14 05:17:25', '2022-09-14 05:17:25'),
(1880, 424, '14-09-2022', 2, ' truelinesolution Store1 Status Updated From Cancel To Confirm', '2022-09-14 05:18:33', '2022-09-14 05:18:33'),
(1881, 422, '14-09-2022', 2, ' truelinesolution Store1 Status Updated From New To New', '2022-09-14 05:32:19', '2022-09-14 05:32:19'),
(1882, 421, '14-09-2022', 2, ' truelinesolution Store1 Status Updated From New To New', '2022-09-14 05:32:20', '2022-09-14 05:32:20'),
(1883, 424, '14-09-2022', 2, ' truelinesolution Store1 Status Updated From Confirm To Cancel', '2022-09-14 05:32:27', '2022-09-14 05:32:27'),
(1957, 359, '14-09-2022', 2, ' truelinesolution Store1 Add Next Followup Date 16-09-2022 2:05:00 pm', '2022-09-14 08:36:11', '2022-09-14 08:36:11'),
(1956, 359, '14-09-2022', 2, ' truelinesolution Store1 Add Next Followup Date 16-09-2022 2:05:00 pm', '2022-09-14 08:35:40', '2022-09-14 08:35:40'),
(1955, 359, '14-09-2022', 2, ' truelinesolution Store1 Add Next Followup Date 16-09-2022 2:03:00 pm', '2022-09-14 08:33:56', '2022-09-14 08:33:56'),
(1954, 359, '14-09-2022', 2, ' truelinesolution Store1 Add Next Followup Date 16-09-2022 2:03:00 pm', '2022-09-14 08:33:48', '2022-09-14 08:33:48'),
(1953, 420, '14-09-2022', 2, ' truelinesolution Store1 Status Updated From Cancel Lead To Confirm', '2022-09-14 08:29:38', '2022-09-14 08:29:38'),
(1952, 359, '14-09-2022', 2, ' truelinesolution Store1 Add Next Followup Date 16-09-2022 1:46:00 pm', '2022-09-14 08:16:45', '2022-09-14 08:16:45'),
(1951, 359, '14-09-2022', 2, ' truelinesolution Store1 Add Next Followup Date 16-09-2022 1:46:00 pm', '2022-09-14 08:16:36', '2022-09-14 08:16:36'),
(1894, 0, '14-09-2022', 2, ' truelinesolution Store1 Add Next Followup Date 14-09-2022 11:13:00 am', '2022-09-14 05:43:34', '2022-09-14 05:43:34'),
(1950, 359, '14-09-2022', 2, ' truelinesolution Store1 Add Next Followup Date 15-09-2022 1:37:00 pm', '2022-09-14 08:07:17', '2022-09-14 08:07:17'),
(1949, 359, '14-09-2022', 2, ' truelinesolution Store1 Add Next Followup Date 16-09-2022 1:36:00 pm', '2022-09-14 08:07:03', '2022-09-14 08:07:03'),
(1948, 359, '14-09-2022', 2, ' truelinesolution Store1 Add Next Followup Date 16-09-2022 1:34:00 pm', '2022-09-14 08:04:36', '2022-09-14 08:04:36'),
(1946, 359, '14-09-2022', 2, ' truelinesolution Store1 Lead Assigned From itachi5 uchiha To obito uchiha', '2022-09-14 06:47:13', '2022-09-14 06:47:13'),
(1945, 359, '14-09-2022', 2, ' truelinesolution Store1 Lead Assigned From truelinesolution Store1 To itachi5 uchiha', '2022-09-14 06:47:03', '2022-09-14 06:47:03'),
(1944, 424, '14-09-2022', 2, 'Lead Updated By truelinesolution Store1', '2022-09-14 06:42:11', '2022-09-14 06:42:11'),
(1943, 424, '14-09-2022', 2, ' truelinesolution Store1 Status Updated From Cancel To Cancel', '2022-09-14 06:42:08', '2022-09-14 06:42:08'),
(1940, 357, '14-09-2022', 2, ' truelinesolution Store1 Status Updated From Confirm Lead To Processing', '2022-09-14 06:30:25', '2022-09-14 06:30:25'),
(1939, 420, '14-09-2022', 2, 'Lead Updated By truelinesolution Store1', '2022-09-14 06:28:08', '2022-09-14 06:28:08'),
(1908, 424, '14-09-2022', 2, ' truelinesolution Store1 Status Updated From Cancel To Processing', '2022-09-14 05:50:00', '2022-09-14 05:50:00'),
(1909, 424, '14-09-2022', 2, ' truelinesolution Store1 Status Updated From Processing To Cancel', '2022-09-14 05:50:03', '2022-09-14 05:50:03'),
(1935, 424, '14-09-2022', 2, ' truelinesolution Store1 Status Updated From Cancel To Cancel', '2022-09-14 06:24:24', '2022-09-14 06:24:24'),
(1936, 424, '14-09-2022', 2, 'Lead Updated By truelinesolution Store1', '2022-09-14 06:24:27', '2022-09-14 06:24:27'),
(1933, 429, '14-09-2022', 2, ' truelinesolution Store1 Add Next Followup Date 14-09-2022 11:42:00 am', '2022-09-14 06:12:41', '2022-09-14 06:12:41'),
(1932, 428, '14-09-2022', 2, ' truelinesolution Store1 Status Updated From Cancel To Cancel', '2022-09-14 06:10:26', '2022-09-14 06:10:26'),
(1915, 424, '14-09-2022', 2, ' truelinesolution Store1 Status Updated From Cancel To Cancel', '2022-09-14 05:51:00', '2022-09-14 05:51:00'),
(1916, 423, '14-09-2022', 2, ' truelinesolution Store1 Status Updated From New To Cancel', '2022-09-14 05:51:54', '2022-09-14 05:51:54'),
(1917, 423, '14-09-2022', 2, 'Lead Updated By truelinesolution Store1', '2022-09-14 05:52:04', '2022-09-14 05:52:04'),
(1918, 423, '14-09-2022', 2, ' truelinesolution Store1 Status Updated From New To Cancel', '2022-09-14 05:52:34', '2022-09-14 05:52:34'),
(1919, 423, '14-09-2022', 2, 'Lead Updated By truelinesolution Store1', '2022-09-14 05:53:40', '2022-09-14 05:53:40'),
(1920, 424, '14-09-2022', 2, ' truelinesolution Store1 Status Updated From Cancel To Cancel', '2022-09-14 05:54:06', '2022-09-14 05:54:06'),
(1921, 429, '14-09-2022', 2, ' truelinesolution Store1 Status Updated From New To Cancel', '2022-09-14 05:56:49', '2022-09-14 05:56:49'),
(1922, 429, '14-09-2022', 2, ' truelinesolution Store1 Status Updated From Cancel To Cancel', '2022-09-14 05:57:02', '2022-09-14 05:57:02'),
(1923, 429, '14-09-2022', 2, ' truelinesolution Store1 Status Updated From Cancel To Cancel', '2022-09-14 05:58:31', '2022-09-14 05:58:31'),
(1924, 429, '14-09-2022', 2, ' truelinesolution Store1 Status Updated From Cancel To Cancel', '2022-09-14 05:58:59', '2022-09-14 05:58:59'),
(1925, 429, '14-09-2022', 2, ' truelinesolution Store1 Status Updated From Cancel To Cancel', '2022-09-14 06:00:43', '2022-09-14 06:00:43'),
(1926, 428, '14-09-2022', 2, ' truelinesolution Store1 Status Updated From New To Cancel', '2022-09-14 06:01:34', '2022-09-14 06:01:34'),
(1927, 428, '14-09-2022', 2, ' truelinesolution Store1 Status Updated From Cancel To Confirm', '2022-09-14 06:02:45', '2022-09-14 06:02:45'),
(1928, 428, '14-09-2022', 2, ' truelinesolution Store1 Status Updated From Confirm To Cancel', '2022-09-14 06:02:46', '2022-09-14 06:02:46'),
(1929, 428, '14-09-2022', 2, 'Lead Updated By truelinesolution Store1', '2022-09-14 06:02:49', '2022-09-14 06:02:49'),
(1931, 428, '14-09-2022', 2, ' truelinesolution Store1 Status Updated From Cancel To Cancel', '2022-09-14 06:07:41', '2022-09-14 06:07:41'),
(1959, 359, '14-09-2022', 2, ' truelinesolution Store1 Add Next Followup Date 16-09-2022 2:15:00 pm', '2022-09-14 08:45:52', '2022-09-14 08:45:52'),
(1960, 359, '14-09-2022', 2, ' truelinesolution Store1 Add Next Followup Date 16-09-2022 2:21:00 pm', '2022-09-14 08:51:43', '2022-09-14 08:51:43'),
(1961, 359, '14-09-2022', 2, ' truelinesolution Store1 Add Next Followup Date 16-09-2022 2:21:00 pm', '2022-09-14 08:51:52', '2022-09-14 08:51:52'),
(1962, 359, '14-09-2022', 2, ' truelinesolution Store1 Add Next Followup Date 16-09-2022 2:21:00 pm', '2022-09-14 08:52:00', '2022-09-14 08:52:00'),
(1963, 359, '14-09-2022', 2, ' truelinesolution Store1 Add Next Followup Date 18-09-2022 2:26:00 pm', '2022-09-14 08:57:04', '2022-09-14 08:57:04'),
(1964, 359, '14-09-2022', 2, ' truelinesolution Store1 Add Next Followup Date 16-09-2022 2:28:00 pm', '2022-09-14 08:59:04', '2022-09-14 08:59:04'),
(1965, 359, '14-09-2022', 2, ' truelinesolution Store1 Add Next Followup Date 16-09-2022 2:28:00 pm', '2022-09-14 08:59:11', '2022-09-14 08:59:11'),
(1966, 359, '14-09-2022', 2, ' truelinesolution Store1 Add Next Followup Date 16-09-2022 2:31:00 pm', '2022-09-14 09:02:05', '2022-09-14 09:02:05'),
(1967, 359, '14-09-2022', 2, ' truelinesolution Store1 Add Next Followup Date 24-09-2022 2:37:00 pm', '2022-09-14 09:07:55', '2022-09-14 09:07:55'),
(1968, 359, '14-09-2022', 2, ' truelinesolution Store1 Add Next Followup Date 24-09-2022 2:37:00 pm', '2022-09-14 09:08:07', '2022-09-14 09:08:07'),
(1969, 359, '14-09-2022', 2, ' truelinesolution Store1 Add Next Followup Date 24-09-2022 2:37:00 pm', '2022-09-14 09:08:19', '2022-09-14 09:08:19'),
(1970, 359, '14-09-2022', 2, ' truelinesolution Store1 Add Next Followup Date 22-09-2022 2:41:00 pm', '2022-09-14 09:11:51', '2022-09-14 09:11:51'),
(1971, 359, '14-09-2022', 0, ' truelinesolution Store1 Add Next Followup Date undefined', '2022-09-14 09:11:58', '2022-09-14 09:11:58'),
(1972, 359, '14-09-2022', 2, ' truelinesolution Store1 Add Next Followup Date 24-09-2022 2:43:00 pm', '2022-09-14 09:13:25', '2022-09-14 09:13:25'),
(1973, 428, '14-09-2022', 2, ' truelinesolution Store1 Add Next Followup Date 23-09-2022 2:45:00 pm', '2022-09-14 09:15:35', '2022-09-14 09:15:35'),
(1974, 435, '14-09-2022', 2, 'Lead Created By truelinesolution Store1', '2022-09-14 09:17:26', '2022-09-14 09:17:26'),
(1975, 435, '14-09-2022', 2, ' truelinesolution Store1 Lead Assigned From truelinesolution Store1 To obito uchiha', '2022-09-14 11:39:09', '2022-09-14 11:39:09'),
(1976, 435, '14-09-2022', 2, ' truelinesolution Store1 Lead Assigned From obito uchiha To obito uchiha', '2022-09-14 11:39:15', '2022-09-14 11:39:15'),
(1977, 436, '14-09-2022', 2, 'Lead Created By truelinesolution Store1', '2022-09-14 11:46:45', '2022-09-14 11:46:45'),
(1978, 424, '14-09-2022', 2, ' truelinesolution Store1 Status Updated From Cancel Lead To Confirm', '2022-09-14 12:40:00', '2022-09-14 12:40:00'),
(1979, 359, '14-09-2022', 2, ' truelinesolution Store1 Status Updated From Processing Lead To Confirm', '2022-09-14 12:40:02', '2022-09-14 12:40:02'),
(1980, 426, '15-09-2022', 2, ' truelinesolution Store1 Status Updated From New To Cancel', '2022-09-15 03:56:44', '2022-09-15 03:56:44'),
(1981, 426, '15-09-2022', 2, 'Lead Updated By truelinesolution Store1', '2022-09-15 03:56:54', '2022-09-15 03:56:54'),
(1982, 422, '15-09-2022', 2, ' truelinesolution Store1 Status Updated From New To Processing', '2022-09-15 06:52:37', '2022-09-15 06:52:37'),
(1983, 422, '15-09-2022', 2, ' truelinesolution Store1 Status Updated From Processing To Processing', '2022-09-15 06:52:42', '2022-09-15 06:52:42'),
(1984, 423, '15-09-2022', 2, ' truelinesolution Store1 Status Updated From New To Cancel', '2022-09-15 06:52:49', '2022-09-15 06:52:49'),
(1985, 422, '15-09-2022', 2, ' truelinesolution Store1 Status Updated From Processing To Confirm', '2022-09-15 06:52:52', '2022-09-15 06:52:52'),
(1986, 421, '15-09-2022', 2, ' truelinesolution Store1 Status Updated From New To Processing', '2022-09-15 06:52:54', '2022-09-15 06:52:54'),
(1987, 421, '15-09-2022', 2, ' truelinesolution Store1 Status Updated From Processing To Processing', '2022-09-15 06:53:03', '2022-09-15 06:53:03'),
(1988, 428, '15-09-2022', 2, ' truelinesolution Store1 Status Updated From Confirm To Processing', '2022-09-15 06:53:10', '2022-09-15 06:53:10'),
(1989, 428, '15-09-2022', 2, ' truelinesolution Store1 Status Updated From Processing To Processing', '2022-09-15 06:53:19', '2022-09-15 06:53:19'),
(1990, 435, '15-09-2022', 2, ' truelinesolution Store1 Status Updated From New To Processing', '2022-09-15 06:54:31', '2022-09-15 06:54:31'),
(1991, 436, '15-09-2022', 2, ' truelinesolution Store1 Status Updated From New To New', '2022-09-15 06:54:34', '2022-09-15 06:54:34'),
(1992, 436, '15-09-2022', 2, ' truelinesolution Store1 Status Updated From New To New', '2022-09-15 06:54:35', '2022-09-15 06:54:35'),
(1993, 435, '15-09-2022', 2, ' truelinesolution Store1 Status Updated From Processing To New', '2022-09-15 06:54:36', '2022-09-15 06:54:36'),
(1994, 435, '15-09-2022', 2, ' truelinesolution Store1 Status Updated From New To Processing', '2022-09-15 06:54:38', '2022-09-15 06:54:38'),
(1995, 428, '15-09-2022', 2, ' truelinesolution Store1 Status Updated From Processing To Cancel', '2022-09-15 06:54:41', '2022-09-15 06:54:41'),
(1996, 428, '15-09-2022', 2, ' truelinesolution Store1 Status Updated From Processing To Close-by', '2022-09-15 06:54:45', '2022-09-15 06:54:45'),
(1998, 436, '15-09-2022', 2, ' truelinesolution Store1 Status Updated From New To Confirm', '2022-09-15 12:21:44', '2022-09-15 12:21:44'),
(1999, 412, '15-09-2022', 2, ' truelinesolution Store1 Status Updated From New To Processing', '2022-09-15 12:21:54', '2022-09-15 12:21:54'),
(2000, 415, '15-09-2022', 2, ' truelinesolution Store1 Status Updated From New To Processing', '2022-09-15 12:21:58', '2022-09-15 12:21:58'),
(2001, 413, '15-09-2022', 2, ' truelinesolution Store1 Status Updated From New To Cancel', '2022-09-15 12:22:02', '2022-09-15 12:22:02'),
(2002, 413, '15-09-2022', 2, ' truelinesolution Store1 Status Updated From New To Confirm', '2022-09-15 12:22:07', '2022-09-15 12:22:07'),
(2003, 412, '15-09-2022', 2, ' truelinesolution Store1 Status Updated From New To Confirm', '2022-09-15 12:22:09', '2022-09-15 12:22:09'),
(2004, 410, '15-09-2022', 2, ' truelinesolution Store1 Status Updated From New To Confirm', '2022-09-15 12:22:12', '2022-09-15 12:22:12'),
(2005, 408, '15-09-2022', 2, ' truelinesolution Store1 Status Updated From New To Confirm', '2022-09-15 12:22:14', '2022-09-15 12:22:14'),
(2006, 406, '15-09-2022', 2, ' truelinesolution Store1 Status Updated From New To Confirm', '2022-09-15 12:22:31', '2022-09-15 12:22:31'),
(2007, 405, '15-09-2022', 2, ' truelinesolution Store1 Status Updated From New To Confirm', '2022-09-15 12:22:35', '2022-09-15 12:22:35'),
(2008, 404, '15-09-2022', 2, ' truelinesolution Store1 Status Updated From New To Confirm', '2022-09-15 12:22:37', '2022-09-15 12:22:37'),
(2009, 403, '15-09-2022', 2, ' truelinesolution Store1 Status Updated From New To Confirm', '2022-09-15 12:22:40', '2022-09-15 12:22:40'),
(2010, 402, '15-09-2022', 2, ' truelinesolution Store1 Status Updated From New To Confirm', '2022-09-15 12:22:42', '2022-09-15 12:22:42'),
(2011, 426, '15-09-2022', 2, ' truelinesolution Store1 Status Updated From Cancel To Processing', '2022-09-15 12:23:39', '2022-09-15 12:23:39'),
(2012, 428, '15-09-2022', 2, ' truelinesolution Store1 Status Updated From Close-by To Confirm', '2022-09-15 12:23:42', '2022-09-15 12:23:42'),
(2013, 425, '15-09-2022', 2, ' truelinesolution Store1 Status Updated From New To Confirm', '2022-09-15 12:23:45', '2022-09-15 12:23:45'),
(2014, 419, '15-09-2022', 2, 'Lead Updated By truelinesolution Store1', '2022-09-15 12:24:40', '2022-09-15 12:24:40'),
(2015, 428, '15-09-2022', 2, ' truelinesolution Store1 Status Updated From Confirm Lead To Cancel', '2022-09-15 12:36:17', '2022-09-15 12:36:17'),
(2016, 426, '15-09-2022', 2, ' truelinesolution Store1 Status Updated From Processing Lead To Confirm', '2022-09-15 12:36:21', '2022-09-15 12:36:21'),
(2017, 417, '15-09-2022', 2, ' truelinesolution Store1 Lead Assigned From truelinesolution Store1 To obito uchiha', '2022-09-15 12:43:50', '2022-09-15 12:43:50'),
(2018, 417, '15-09-2022', 2, ' truelinesolution Store1 Add Next Followup Date 23-09-2022 6:13:00 pm', '2022-09-15 12:44:02', '2022-09-15 12:44:02'),
(2019, 435, '16-09-2022', 2, 'Lead Updated By truelinesolution Store1', '2022-09-16 03:52:32', '2022-09-16 03:52:32'),
(2020, 438, '16-09-2022', 2, 'Lead Created By truelinesolution Store1', '2022-09-16 04:20:34', '2022-09-16 04:20:34'),
(2021, 410, '16-09-2022', 2, 'Lead Updated By truelinesolution Store1', '2022-09-16 05:03:46', '2022-09-16 05:03:46'),
(2022, 435, '16-09-2022', 2, ' truelinesolution Store1 Status Updated From Processing To Confirm', '2022-09-16 05:25:35', '2022-09-16 05:25:35'),
(2023, 425, '16-09-2022', 2, ' truelinesolution Store1 Status Updated From Confirm To Processing', '2022-09-16 05:25:39', '2022-09-16 05:25:39'),
(2024, 426, '16-09-2022', 2, ' truelinesolution Store1 Status Updated From Confirm To Processing', '2022-09-16 05:25:49', '2022-09-16 05:25:49'),
(2025, 426, '16-09-2022', 2, ' truelinesolution Store1 Add Next Followup Date 18-09-2022 10:55:00 am', '2022-09-16 05:26:03', '2022-09-16 05:26:03'),
(2026, 228, '16-09-2022', 2, ' truelinesolution Store1 Status Updated From Processing Lead To Confirm', '2022-09-16 05:54:01', '2022-09-16 05:54:01'),
(2027, 275, '16-09-2022', 2, ' truelinesolution Store1 Status Updated From Confirm Lead To Processing', '2022-09-16 05:54:05', '2022-09-16 05:54:05'),
(2028, 353, '16-09-2022', 2, ' truelinesolution Store1 Status Updated From Cancel Lead To Confirm', '2022-09-16 06:20:23', '2022-09-16 06:20:23'),
(2030, 440, '16-09-2022', 54, 'Lead Created By Utsav Vaghani', '2022-09-16 08:28:18', '2022-09-16 08:28:18'),
(2031, 441, '16-09-2022', 54, 'Lead Created By Utsav Vaghani', '2022-09-16 08:29:25', '2022-09-16 08:29:25'),
(2032, 441, '16-09-2022', 54, ' Utsav Vaghani Add Next Followup Date 16-09-2022 5:10:00 pm', '2022-09-16 08:34:38', '2022-09-16 08:34:38'),
(2033, 440, '16-09-2022', 54, ' Utsav Vaghani Add Next Followup Date 16-09-2022 2:04:00 pm', '2022-09-16 08:34:59', '2022-09-16 08:34:59'),
(2034, 441, '16-09-2022', 54, ' Utsav Vaghani Status Updated From New Lead To Processing', '2022-09-16 08:40:05', '2022-09-16 08:40:05'),
(2035, 441, '16-09-2022', 54, ' Utsav Vaghani Status Updated From Processing Lead To Confirm', '2022-09-16 08:40:10', '2022-09-16 08:40:10'),
(2036, 441, '16-09-2022', 54, ' Utsav Vaghani Status Updated From Confirm Lead To Processing', '2022-09-16 08:40:17', '2022-09-16 08:40:17'),
(2037, 442, '16-09-2022', 54, 'Lead Created By Utsav Vaghani', '2022-09-16 08:42:00', '2022-09-16 08:42:00'),
(2038, 443, '16-09-2022', 54, 'Lead Created By Utsav Vaghani', '2022-09-16 08:42:28', '2022-09-16 08:42:28'),
(2039, 444, '16-09-2022', 54, 'Lead Created By Utsav Vaghani', '2022-09-16 08:42:53', '2022-09-16 08:42:53'),
(2040, 445, '16-09-2022', 54, 'Lead Created By Utsav Vaghani', '2022-09-16 08:43:09', '2022-09-16 08:43:09'),
(2041, 446, '16-09-2022', 54, 'Lead Created By Utsav Vaghani', '2022-09-16 08:43:36', '2022-09-16 08:43:36'),
(2042, 447, '16-09-2022', 54, 'Lead Created By Utsav Vaghani', '2022-09-16 08:44:12', '2022-09-16 08:44:12'),
(2043, 426, '16-09-2022', 2, ' truelinesolution Store1 Add Next Followup Date 16-09-2022 4:10:00 pm', '2022-09-16 10:35:13', '2022-09-16 10:35:13'),
(2044, 359, '16-09-2022', 2, 'Lead Updated By truelinesolution Store1', '2022-09-16 11:24:56', '2022-09-16 11:24:56'),
(2045, 438, '16-09-2022', 2, ' truelinesolution Store1 Lead Assigned From itachi5 uchiha To obito uchiha', '2022-09-16 11:37:17', '2022-09-16 11:37:17'),
(2046, 448, '16-09-2022', 0, 'Lead Created By undefined', '2022-09-16 12:24:06', '2022-09-16 12:24:06'),
(2047, 449, '16-09-2022', 0, 'Lead Created By undefined', '2022-09-16 12:25:14', '2022-09-16 12:25:14'),
(2048, 450, '16-09-2022', 0, 'Lead Created By undefined', '2022-09-16 12:30:03', '2022-09-16 12:30:03'),
(2049, 451, '16-09-2022', 0, 'Lead Created By undefined', '2022-09-16 12:39:16', '2022-09-16 12:39:16'),
(2050, 452, '16-09-2022', 0, 'Lead Created By undefined', '2022-09-16 12:43:38', '2022-09-16 12:43:38'),
(2051, 453, '16-09-2022', 0, 'Lead Created By undefined', '2022-09-16 12:44:39', '2022-09-16 12:44:39'),
(2052, 454, '16-09-2022', 0, 'Lead Created By undefined', '2022-09-16 12:44:47', '2022-09-16 12:44:47'),
(2053, 455, '16-09-2022', 0, 'Lead Created By undefined', '2022-09-16 12:45:52', '2022-09-16 12:45:52'),
(2054, 456, '17-09-2022', 0, 'Lead Created By undefined', '2022-09-17 04:46:35', '2022-09-17 04:46:35'),
(2055, 457, '17-09-2022', 0, 'Lead Created By undefined', '2022-09-17 04:47:46', '2022-09-17 04:47:46'),
(2056, 458, '17-09-2022', 0, 'Lead Created By undefined', '2022-09-17 04:52:08', '2022-09-17 04:52:08'),
(2057, 459, '17-09-2022', 67, 'Lead Created By truelinesolution Store', '2022-09-17 05:24:24', '2022-09-17 05:24:24'),
(2058, 460, '17-09-2022', 2, 'Lead Created By truelinesolution Store1', '2022-09-17 05:24:54', '2022-09-17 05:24:54'),
(2059, 460, '17-09-2022', 2, ' truelinesolution Store1 Add Next Followup Date 17-09-2022 11:00:00 am', '2022-09-17 05:27:04', '2022-09-17 05:27:04'),
(2060, 460, '17-09-2022', 2, ' truelinesolution Store1 Add Next Followup Date 17-09-2022 10:58:00 am', '2022-09-17 05:28:50', '2022-09-17 05:28:50'),
(2061, 460, '17-09-2022', 2, ' truelinesolution Store1 Add Next Followup Date 17-09-2022 10:59:00 am', '2022-09-17 05:29:15', '2022-09-17 05:29:15'),
(2062, 438, '17-09-2022', 2, ' truelinesolution Store1 Add Next Followup Date 17-09-2022 11:05:00 am', '2022-09-17 05:29:28', '2022-09-17 05:29:28'),
(2063, 438, '17-09-2022', 2, ' truelinesolution Store1 Add Next Followup Date 17-09-2022 10:59:00 am', '2022-09-17 05:29:54', '2022-09-17 05:29:54'),
(2064, 438, '17-09-2022', 2, ' truelinesolution Store1 Lead Assigned From obito uchiha To truelinesolution Store1', '2022-09-17 05:30:26', '2022-09-17 05:30:26'),
(2065, 460, '17-09-2022', 2, ' truelinesolution Store1 Add Next Followup Date 17-09-2022 11:00:00 am', '2022-09-17 05:30:38', '2022-09-17 05:30:38'),
(2066, 438, '17-09-2022', 2, ' truelinesolution Store1 Add Next Followup Date 17-09-2022 12:02:00 pm', '2022-09-17 05:31:15', '2022-09-17 05:31:15'),
(2067, 460, '17-09-2022', 2, ' truelinesolution Store1 Add Next Followup Date 17-09-2022 11:01:00 am', '2022-09-17 05:31:38', '2022-09-17 05:31:38'),
(2239, 558, '17-09-2022', 67, ' abc 1 Status Updated From New Lead To Cancel', '2022-09-17 06:58:31', '2022-09-17 06:58:31'),
(2215, 563, '19-07-2022', 67, 'Lead Created By abc 1', '2022-09-17 06:56:13', '2022-09-17 06:56:13'),
(2214, 562, '20-07-2022', 67, 'Lead Created By abc 1', '2022-09-17 06:56:13', '2022-09-17 06:56:13'),
(2213, 561, '20-07-2022', 67, 'Lead Created By abc 1', '2022-09-17 06:56:13', '2022-09-17 06:56:13'),
(2212, 560, '20-07-2022', 67, 'Lead Created By abc 1', '2022-09-17 06:56:13', '2022-09-17 06:56:13'),
(2211, 559, '21-07-2022', 67, 'Lead Created By abc 1', '2022-09-17 06:56:13', '2022-09-17 06:56:13'),
(2210, 558, '21-07-2022', 67, 'Lead Created By abc 1', '2022-09-17 06:56:13', '2022-09-17 06:56:13'),
(2209, 557, '21-07-2022', 67, 'Lead Created By abc 1', '2022-09-17 06:56:13', '2022-09-17 06:56:13'),
(2229, 566, '17-09-2022', 67, ' abc 1 Status Updated From New Lead To Processing', '2022-09-17 06:57:44', '2022-09-17 06:57:44'),
(2266, 528, '17-09-2022', 67, ' abc 1 Status Updated From New Lead To Cancel', '2022-09-17 09:39:07', '2022-09-17 09:39:07'),
(2267, 526, '17-09-2022', 67, ' abc 1 Status Updated From New Lead To Processing', '2022-09-17 09:39:09', '2022-09-17 09:39:09'),
(2268, 525, '17-09-2022', 67, ' abc 1 Status Updated From New Lead To Cancel', '2022-09-17 09:39:11', '2022-09-17 09:39:11'),
(2259, 574, '17-09-2022', 67, 'Lead Created By abc 1', '2022-09-17 09:28:08', '2022-09-17 09:28:08'),
(2225, 573, '17-09-2022', 67, 'Lead Created By abc 1', '2022-09-17 06:57:00', '2022-09-17 06:57:00'),
(2238, 559, '17-09-2022', 67, ' abc 1 Status Updated From New Lead To Confirm', '2022-09-17 06:58:30', '2022-09-17 06:58:30'),
(2237, 560, '17-09-2022', 67, ' abc 1 Status Updated From New Lead To Processing', '2022-09-17 06:58:29', '2022-09-17 06:58:29'),
(2236, 562, '17-09-2022', 67, ' abc 1 Status Updated From New Lead To Processing', '2022-09-17 06:58:26', '2022-09-17 06:58:26'),
(2235, 563, '17-09-2022', 67, ' abc 1 Status Updated From New Lead To Confirm', '2022-09-17 06:58:24', '2022-09-17 06:58:24'),
(2234, 564, '17-09-2022', 67, ' abc 1 Status Updated From New Lead To Confirm', '2022-09-17 06:58:20', '2022-09-17 06:58:20'),
(2233, 349, '17-09-2022', 67, ' abc 1 Status Updated From Confirm Lead To Cancel', '2022-09-17 06:58:16', '2022-09-17 06:58:16'),
(2265, 529, '17-09-2022', 67, ' abc 1 Status Updated From New Lead To Confirm', '2022-09-17 09:39:06', '2022-09-17 09:39:06'),
(2232, 566, '17-09-2022', 67, ' abc 1 Status Updated From Processing Lead To Cancel', '2022-09-17 06:58:15', '2022-09-17 06:58:15'),
(2263, 531, '17-09-2022', 67, ' abc 1 Status Updated From New Lead To Processing', '2022-09-17 09:39:03', '2022-09-17 09:39:03'),
(2258, 459, '17-09-2022', 67, ' abc 1 Add Next Followup Date 21-09-2022 2:57 PM', '2022-09-17 09:27:27', '2022-09-17 09:27:27'),
(2218, 566, '19-07-2022', 67, 'Lead Created By abc 1', '2022-09-17 06:56:13', '2022-09-17 06:56:13'),
(2216, 564, '19-07-2022', 67, 'Lead Created By abc 1', '2022-09-17 06:56:13', '2022-09-17 06:56:13'),
(2180, 531, '23-07-2022', 67, 'Lead Created By abc 1', '2022-09-17 06:56:13', '2022-09-17 06:56:13'),
(2278, 574, '17-09-2022', 67, ' abc 1 Status Updated From Processing Lead To New', '2022-09-17 10:25:14', '2022-09-17 10:25:14'),
(2279, 574, '17-09-2022', 67, ' abc 1 Status Updated From New Lead To Processing', '2022-09-17 10:25:16', '2022-09-17 10:25:16'),
(2188, 523, '26-07-2022', 67, 'Lead Created By abc 1', '2022-09-17 06:56:13', '2022-09-17 06:56:13'),
(2189, 521, '26-07-2022', 67, 'Lead Created By abc 1', '2022-09-17 06:56:13', '2022-09-17 06:56:13'),
(2190, 520, '26-07-2022', 67, 'Lead Created By abc 1', '2022-09-17 06:56:13', '2022-09-17 06:56:13'),
(2174, 526, '25-07-2022', 67, 'Lead Created By abc 1', '2022-09-17 06:56:13', '2022-09-17 06:56:13'),
(2173, 525, '25-07-2022', 67, 'Lead Created By abc 1', '2022-09-17 06:56:13', '2022-09-17 06:56:13'),
(2172, 524, '26-07-2022', 67, 'Lead Created By abc 1', '2022-09-17 06:56:13', '2022-09-17 06:56:13'),
(2170, 518, '26-07-2022', 67, 'Lead Created By abc 1', '2022-09-17 06:56:13', '2022-09-17 06:56:13'),
(2277, 574, '17-09-2022', 67, ' abc 1 Status Updated From New Lead To Processing', '2022-09-17 10:25:12', '2022-09-17 10:25:12'),
(2167, 459, '17-09-2022', 67, ' abc 1 Status Updated From New Lead To Processing', '2022-09-17 06:50:40', '2022-09-17 06:50:40'),
(2169, 350, '17-09-2022', 67, ' abc 1 Status Updated From Processing Lead To New', '2022-09-17 06:50:49', '2022-09-17 06:50:49'),
(2280, 574, '17-09-2022', 67, ' abc 1 Status Updated From Processing Lead To New', '2022-09-17 10:25:17', '2022-09-17 10:25:17'),
(2282, 349, '17-09-2022', 67, ' abc 1 Status Updated From Cancel Lead To Confirm', '2022-09-17 10:31:37', '2022-09-17 10:31:37'),
(2270, 521, '17-09-2022', 67, ' abc 1 Status Updated From New Lead To Confirm', '2022-09-17 09:39:16', '2022-09-17 09:39:16'),
(2271, 520, '17-09-2022', 67, ' abc 1 Status Updated From New Lead To Cancel', '2022-09-17 09:39:17', '2022-09-17 09:39:17'),
(2272, 518, '17-09-2022', 67, ' abc 1 Status Updated From New Lead To Confirm', '2022-09-17 09:39:20', '2022-09-17 09:39:20'),
(2273, 350, '17-09-2022', 67, ' abc 1 Status Updated From New Lead To Processing', '2022-09-17 09:39:21', '2022-09-17 09:39:21'),
(2274, 566, '17-09-2022', 67, 'Lead Updated By abc 1', '2022-09-17 09:40:00', '2022-09-17 09:40:00'),
(2281, 314, '17-09-2022', 67, ' abc 1 Status Updated From Cancel Lead To Processing', '2022-09-17 10:31:35', '2022-09-17 10:31:35'),
(2276, 564, '17-09-2022', 67, 'Lead Updated By abc 1', '2022-09-17 09:40:25', '2022-09-17 09:40:25');

-- --------------------------------------------------------

--
-- Table structure for table `lead_label`
--

DROP TABLE IF EXISTS `lead_label`;
CREATE TABLE IF NOT EXISTS `lead_label` (
  `l_l_id` int NOT NULL AUTO_INCREMENT,
  `l_id` int NOT NULL,
  `label_id` int NOT NULL,
  `label_status` int NOT NULL COMMENT '0-disable,1-enable',
  `created_at` timestamp NOT NULL DEFAULT CURRENT_TIMESTAMP,
  `updated_at` timestamp NOT NULL DEFAULT CURRENT_TIMESTAMP ON UPDATE CURRENT_TIMESTAMP,
  PRIMARY KEY (`l_l_id`)
) ENGINE=MyISAM AUTO_INCREMENT=280 DEFAULT CHARSET=utf8mb4 COLLATE=utf8mb4_0900_ai_ci;

--
-- Dumping data for table `lead_label`
--

INSERT INTO `lead_label` (`l_l_id`, `l_id`, `label_id`, `label_status`, `created_at`, `updated_at`) VALUES
(1, 2, 12, 1, '2022-07-29 10:20:11', '2022-07-29 10:20:11'),
(2, 2, 14, 1, '2022-07-29 10:20:11', '2022-07-29 10:20:11'),
(3, 3, 12, 1, '2022-07-29 10:22:50', '2022-07-29 10:22:50'),
(4, 6, 25, 1, '2022-07-30 09:25:59', '2022-07-30 09:25:59'),
(5, 7, 27, 0, '2022-07-30 09:26:44', '2022-08-04 05:38:55'),
(6, 9, 26, 1, '2022-07-30 09:52:12', '2022-07-30 09:52:12'),
(7, 9, 27, 1, '2022-07-30 09:52:12', '2022-07-30 09:52:12'),
(8, 10, 26, 1, '2022-07-30 11:08:03', '2022-07-30 11:08:03'),
(9, 10, 27, 1, '2022-07-30 11:08:03', '2022-07-30 11:08:03'),
(10, 11, 26, 1, '2022-07-30 11:08:47', '2022-07-30 11:08:47'),
(11, 12, 26, 1, '2022-08-02 04:56:15', '2022-08-02 04:56:15'),
(12, 14, 27, 1, '2022-08-02 07:00:55', '2022-08-02 11:34:23'),
(13, 14, 25, 0, '2022-08-02 07:00:55', '2022-08-05 12:16:40'),
(14, 14, 28, 0, '2022-08-02 07:00:55', '2022-08-05 12:16:39'),
(15, 15, 26, 1, '2022-08-02 07:48:24', '2022-08-04 04:45:10'),
(16, 16, 26, 1, '2022-08-02 07:57:55', '2022-08-16 05:33:59'),
(17, 16, 27, 0, '2022-08-02 07:57:55', '2022-08-05 08:01:30'),
(20, 15, 27, 0, '2022-08-02 10:30:16', '2022-08-04 04:44:58'),
(18, 16, 25, 0, '2022-08-02 10:04:59', '2022-08-05 08:01:31'),
(19, 16, 28, 0, '2022-08-02 10:09:41', '2022-08-16 05:33:52'),
(21, 15, 25, 1, '2022-08-02 11:02:08', '2022-08-15 10:31:57'),
(22, 14, 26, 1, '2022-08-02 11:05:09', '2022-08-02 11:34:24'),
(23, 17, 27, 1, '2022-08-02 11:05:28', '2022-08-04 05:15:45'),
(24, 17, 25, 1, '2022-08-02 11:05:28', '2022-08-04 05:15:45'),
(25, 17, 26, 0, '2022-08-02 11:06:33', '2022-08-04 05:15:28'),
(26, 17, 28, 0, '2022-08-02 11:06:40', '2022-08-04 05:14:39'),
(27, 7, 25, 0, '2022-08-04 05:38:49', '2022-08-04 05:38:55'),
(28, 7, 26, 0, '2022-08-04 05:38:50', '2022-08-04 05:38:54'),
(29, 7, 28, 1, '2022-08-04 05:38:54', '2022-08-04 05:38:58'),
(30, 14, 36, 0, '2022-08-05 12:10:38', '2022-08-05 12:16:40'),
(31, 14, 37, 0, '2022-08-05 12:10:38', '2022-08-05 12:16:39'),
(32, 18, 36, 1, '2022-08-06 03:59:17', '2022-08-06 04:06:17'),
(33, 18, 25, 1, '2022-08-06 04:06:13', '2022-08-06 04:06:17'),
(34, 19, 26, 1, '2022-08-06 04:07:52', '2022-08-06 04:07:52'),
(35, 19, 27, 1, '2022-08-06 04:07:52', '2022-08-06 04:07:52'),
(36, 20, 26, 1, '2022-08-06 05:46:40', '2022-08-06 05:46:40'),
(37, 20, 27, 1, '2022-08-06 05:46:40', '2022-08-06 05:46:40'),
(38, 20, 25, 1, '2022-08-06 05:46:40', '2022-08-06 05:46:40'),
(39, 19, 25, 1, '2022-08-06 08:46:12', '2022-08-06 08:46:12'),
(40, 21, 26, 1, '2022-08-06 09:47:20', '2022-08-06 09:47:20'),
(41, 21, 27, 1, '2022-08-06 09:47:20', '2022-08-06 09:47:20'),
(42, 22, 26, 1, '2022-08-08 06:03:57', '2022-08-08 06:03:57'),
(43, 22, 27, 1, '2022-08-08 06:03:57', '2022-08-08 06:03:57'),
(44, 25, 26, 1, '2022-08-15 09:50:51', '2022-08-15 09:50:51'),
(45, 25, 25, 1, '2022-08-15 09:50:52', '2022-08-15 09:50:52'),
(46, 15, 35, 1, '2022-08-15 10:32:40', '2022-08-15 10:32:40'),
(47, 16, 35, 0, '2022-08-16 05:33:48', '2022-08-16 05:34:03'),
(48, 26, 26, 1, '2022-08-16 05:35:35', '2022-08-16 05:35:35'),
(49, 27, 27, 1, '2022-08-16 06:40:19', '2022-08-16 06:40:19'),
(50, 28, 25, 1, '2022-08-16 06:49:21', '2022-08-16 06:49:21'),
(51, 29, 27, 1, '2022-08-16 06:51:28', '2022-08-16 06:51:28'),
(52, 30, 36, 1, '2022-08-16 06:52:12', '2022-08-16 06:52:12'),
(53, 31, 28, 1, '2022-08-16 07:01:00', '2022-08-16 07:01:00'),
(54, 31, 36, 1, '2022-08-16 07:01:00', '2022-08-16 07:01:00'),
(55, 32, 27, 1, '2022-08-16 08:30:10', '2022-08-16 08:30:10'),
(56, 32, 25, 1, '2022-08-16 08:30:10', '2022-08-16 08:30:10'),
(57, 33, 27, 1, '2022-08-16 08:34:02', '2022-08-16 08:34:02'),
(58, 34, 27, 1, '2022-08-17 04:41:56', '2022-08-17 04:41:56'),
(59, 35, 27, 1, '2022-08-17 05:08:14', '2022-08-17 05:08:14'),
(60, 35, 25, 1, '2022-08-17 05:08:14', '2022-08-17 05:08:14'),
(61, 36, 25, 1, '2022-08-17 05:09:10', '2022-08-17 05:09:10'),
(62, 36, 36, 1, '2022-08-17 05:09:10', '2022-08-17 05:09:10'),
(63, 37, 25, 1, '2022-08-17 05:13:33', '2022-08-17 05:13:33'),
(64, 38, 27, 1, '2022-08-17 05:50:19', '2022-08-17 05:50:19'),
(65, 38, 25, 1, '2022-08-17 05:50:19', '2022-08-17 05:50:19'),
(66, 43, 27, 1, '2022-08-17 10:14:38', '2022-08-17 10:14:38'),
(67, 43, 25, 1, '2022-08-17 10:14:38', '2022-08-17 10:14:38'),
(68, 44, 25, 1, '2022-08-17 10:15:33', '2022-08-17 10:15:33'),
(69, 44, 36, 1, '2022-08-17 10:15:33', '2022-08-17 10:15:33'),
(70, 45, 27, 1, '2022-08-17 10:15:52', '2022-08-17 10:15:52'),
(71, 45, 25, 1, '2022-08-17 10:15:52', '2022-08-17 10:15:52'),
(72, 46, 28, 1, '2022-08-17 10:16:13', '2022-08-17 10:16:13'),
(73, 46, 36, 1, '2022-08-17 10:16:13', '2022-08-17 10:16:13'),
(74, 43, 14, 1, '2022-08-17 11:27:22', '2022-08-17 11:27:22'),
(75, 43, 15, 1, '2022-08-17 11:27:22', '2022-08-17 11:27:22'),
(76, 39, 16, 1, '2022-08-17 11:27:29', '2022-08-17 11:27:29'),
(77, 36, 14, 1, '2022-08-17 11:27:33', '2022-08-17 11:27:34'),
(78, 36, 15, 1, '2022-08-17 11:27:34', '2022-08-17 11:27:34'),
(79, 45, 16, 1, '2022-08-17 11:27:37', '2022-08-17 11:27:37'),
(80, 45, 17, 1, '2022-08-17 11:27:38', '2022-08-17 11:27:38'),
(81, 44, 15, 1, '2022-08-17 11:27:41', '2022-08-17 11:27:41'),
(82, 16, 14, 1, '2022-08-17 11:27:44', '2022-08-17 11:27:44'),
(83, 46, 16, 1, '2022-08-17 11:27:47', '2022-08-17 11:27:47'),
(84, 46, 17, 1, '2022-08-17 11:27:47', '2022-08-17 11:27:47'),
(85, 15, 14, 1, '2022-08-17 11:27:50', '2022-08-17 11:27:50'),
(86, 15, 15, 1, '2022-08-17 11:27:50', '2022-08-17 11:27:50'),
(87, 43, 16, 0, '2022-08-17 11:38:02', '2022-08-17 11:38:09'),
(88, 47, 14, 1, '2022-08-17 12:44:48', '2022-08-17 12:44:48'),
(89, 47, 15, 1, '2022-08-17 12:44:48', '2022-08-17 12:44:48'),
(90, 48, 14, 1, '2022-08-17 12:45:54', '2022-08-17 12:45:54'),
(91, 48, 16, 1, '2022-08-17 12:45:54', '2022-08-17 12:45:54'),
(92, 49, 15, 1, '2022-08-17 12:46:11', '2022-08-17 12:46:11'),
(93, 49, 16, 1, '2022-08-17 12:46:11', '2022-08-17 12:46:11'),
(94, 49, 14, 1, '2022-08-17 12:46:11', '2022-08-17 12:46:11'),
(95, 49, 17, 1, '2022-08-17 12:46:11', '2022-08-17 12:46:11'),
(96, 50, 15, 1, '2022-08-17 12:46:30', '2022-08-17 12:46:30'),
(97, 50, 16, 1, '2022-08-17 12:46:30', '2022-08-17 12:46:30'),
(98, 51, 15, 1, '2022-08-17 12:46:44', '2022-08-17 12:46:44'),
(99, 51, 16, 1, '2022-08-17 12:46:44', '2022-08-17 12:46:44'),
(100, 51, 17, 1, '2022-08-17 12:46:44', '2022-08-17 12:46:44'),
(101, 52, 15, 1, '2022-08-17 12:47:00', '2022-08-17 12:47:00'),
(102, 52, 16, 1, '2022-08-17 12:47:00', '2022-08-17 12:47:00'),
(103, 50, 17, 1, '2022-08-18 05:16:21', '2022-08-18 05:16:21'),
(104, 97, 14, 1, '2022-08-18 08:04:41', '2022-08-18 08:04:41'),
(105, 214, 16, 1, '2022-08-18 10:32:37', '2022-08-18 10:32:37'),
(106, 214, 15, 1, '2022-08-18 10:32:37', '2022-08-18 10:32:37'),
(107, 229, 15, 1, '2022-08-20 09:36:31', '2022-08-20 09:36:31'),
(108, 229, 14, 1, '2022-08-20 09:36:32', '2022-08-20 09:36:32'),
(109, 229, 16, 0, '2022-08-20 10:55:04', '2022-08-20 10:55:07'),
(110, 230, 16, 1, '2022-08-20 11:01:28', '2022-08-20 11:50:29'),
(111, 231, 14, 1, '2022-08-20 11:10:44', '2022-08-20 11:10:44'),
(112, 230, 17, 1, '2022-08-20 11:50:21', '2022-08-20 11:50:21'),
(113, 230, 15, 0, '2022-08-20 11:50:29', '2022-08-20 11:55:48'),
(114, 230, 14, 0, '2022-08-20 11:55:45', '2022-08-20 11:55:47'),
(115, 219, 15, 1, '2022-08-22 10:49:06', '2022-08-22 10:49:06'),
(116, 219, 16, 1, '2022-08-22 10:49:06', '2022-08-22 10:49:06'),
(117, 232, 14, 1, '2022-08-23 11:44:05', '2022-08-23 11:44:05'),
(118, 233, 15, 1, '2022-08-23 11:45:04', '2022-08-23 11:45:04'),
(119, 233, 17, 1, '2022-08-23 11:45:04', '2022-08-23 11:45:04'),
(120, 234, 14, 1, '2022-08-23 11:45:20', '2022-08-23 11:45:20'),
(121, 235, 16, 1, '2022-08-23 11:46:02', '2022-08-23 11:46:02'),
(122, 236, 14, 1, '2022-08-23 11:52:07', '2022-08-23 11:52:07'),
(123, 236, 16, 1, '2022-08-23 11:52:07', '2022-08-23 11:52:07'),
(124, 231, 15, 1, '2022-08-24 04:01:28', '2022-08-24 04:01:28'),
(125, 237, 15, 1, '2022-08-24 06:30:11', '2022-08-24 06:30:11'),
(126, 238, 14, 1, '2022-08-25 06:34:42', '2022-08-25 06:34:42'),
(127, 238, 15, 1, '2022-08-25 06:34:42', '2022-08-25 06:34:42'),
(128, 239, 14, 1, '2022-08-25 08:12:24', '2022-08-25 08:12:24'),
(129, 240, 15, 1, '2022-08-25 08:34:33', '2022-08-25 08:34:33'),
(130, 241, 14, 1, '2022-08-25 10:12:05', '2022-08-25 10:12:05'),
(131, 242, 16, 1, '2022-08-25 10:14:50', '2022-08-25 10:14:50'),
(132, 242, 15, 1, '2022-08-25 10:14:50', '2022-08-25 10:14:50'),
(133, 243, 15, 1, '2022-08-25 10:28:26', '2022-08-25 10:28:26'),
(134, 244, 15, 1, '2022-08-25 11:15:23', '2022-08-25 11:15:23'),
(135, 245, 15, 1, '2022-08-25 11:18:24', '2022-08-25 11:18:24'),
(136, 246, 16, 1, '2022-08-25 11:20:54', '2022-08-25 11:20:54'),
(137, 247, 16, 1, '2022-08-25 11:22:56', '2022-08-25 11:22:56'),
(138, 247, 17, 1, '2022-08-25 11:22:56', '2022-08-25 11:22:56'),
(139, 248, 16, 1, '2022-08-25 12:34:55', '2022-08-25 12:34:55'),
(140, 249, 16, 1, '2022-08-25 12:35:44', '2022-08-25 12:35:44'),
(141, 223, 17, 1, '2022-08-26 03:52:58', '2022-08-26 03:52:58'),
(142, 250, 15, 1, '2022-08-26 09:51:39', '2022-08-31 10:27:07'),
(143, 251, 15, 1, '2022-08-27 09:49:33', '2022-08-27 09:49:33'),
(144, 251, 16, 1, '2022-08-29 08:58:26', '2022-08-29 12:59:03'),
(145, 250, 16, 1, '2022-08-29 09:39:31', '2022-08-31 10:27:07'),
(146, 251, 17, 1, '2022-08-29 12:59:04', '2022-08-29 12:59:04'),
(147, 252, 16, 1, '2022-08-30 03:52:51', '2022-08-30 03:52:51'),
(148, 252, 14, 1, '2022-08-30 03:52:51', '2022-08-30 03:52:51'),
(149, 253, 16, 1, '2022-08-31 10:19:27', '2022-08-31 10:19:27'),
(150, 253, 17, 1, '2022-08-31 10:24:43', '2022-08-31 11:30:50'),
(151, 222, 15, 1, '2022-08-31 10:26:45', '2022-08-31 10:26:45'),
(152, 222, 16, 1, '2022-08-31 10:26:46', '2022-08-31 10:26:46'),
(153, 222, 14, 1, '2022-08-31 10:26:46', '2022-08-31 10:26:46'),
(154, 250, 14, 0, '2022-08-31 10:26:51', '2022-08-31 10:26:54'),
(155, 250, 17, 1, '2022-08-31 10:26:52', '2022-08-31 10:38:58'),
(156, 253, 15, 1, '2022-08-31 11:31:00', '2022-08-31 11:33:54'),
(157, 253, 14, 0, '2022-08-31 11:32:40', '2022-08-31 11:33:11'),
(158, 253, 23, 0, '2022-08-31 11:32:41', '2022-08-31 11:32:42'),
(159, 250, 23, 1, '2022-08-31 11:34:27', '2022-08-31 11:34:36'),
(160, 254, 15, 1, '2022-08-31 11:49:17', '2022-08-31 11:49:17'),
(161, 254, 16, 1, '2022-08-31 11:49:17', '2022-08-31 11:49:17'),
(162, 258, 15, 1, '2022-09-02 04:10:08', '2022-09-02 04:10:08'),
(163, 256, 26, 1, '2022-09-02 08:10:30', '2022-09-02 08:10:30'),
(164, 257, 15, 0, '2022-09-02 09:25:44', '2022-09-02 09:28:33'),
(165, 257, 16, 0, '2022-09-02 09:28:31', '2022-09-02 09:28:33'),
(166, 263, 16, 1, '2022-09-05 12:38:07', '2022-09-05 12:38:07'),
(167, 265, 16, 1, '2022-09-06 05:41:36', '2022-09-06 05:41:36'),
(168, 265, 17, 0, '2022-09-06 05:41:36', '2022-09-06 09:36:53'),
(169, 265, 15, 1, '2022-09-06 09:36:50', '2022-09-06 09:36:50'),
(170, 265, 14, 0, '2022-09-06 09:36:50', '2022-09-06 09:36:53'),
(171, 265, 23, 0, '2022-09-06 09:36:51', '2022-09-06 09:36:52'),
(172, 265, 26, 0, '2022-09-06 09:36:51', '2022-09-06 09:36:52'),
(173, 267, 26, 1, '2022-09-07 06:41:18', '2022-09-07 06:41:18'),
(174, 267, 16, 1, '2022-09-07 06:41:18', '2022-09-07 06:41:18'),
(175, 267, 14, 1, '2022-09-07 06:41:18', '2022-09-07 06:41:18'),
(176, 267, 17, 1, '2022-09-07 06:41:18', '2022-09-07 06:41:18'),
(177, 274, 16, 1, '2022-09-08 05:09:13', '2022-09-08 05:09:13'),
(178, 275, 17, 1, '2022-09-08 05:12:58', '2022-09-08 05:12:58'),
(179, 276, 17, 1, '2022-09-08 06:28:32', '2022-09-08 06:28:32'),
(180, 276, 16, 1, '2022-09-08 06:28:32', '2022-09-08 06:28:32'),
(181, 278, 17, 1, '2022-09-09 03:27:02', '2022-09-09 03:27:02'),
(182, 278, 16, 1, '2022-09-09 03:27:02', '2022-09-09 03:27:02'),
(183, 279, 15, 1, '2022-09-09 03:27:18', '2022-09-09 03:27:18'),
(184, 279, 16, 1, '2022-09-09 03:27:18', '2022-09-09 03:27:18'),
(185, 280, 16, 1, '2022-09-09 03:27:39', '2022-09-09 03:27:39'),
(186, 280, 17, 1, '2022-09-09 03:27:39', '2022-09-09 03:27:39'),
(187, 281, 16, 1, '2022-09-09 03:28:01', '2022-09-09 03:28:01'),
(188, 281, 17, 1, '2022-09-09 03:28:01', '2022-09-09 03:28:01'),
(189, 282, 15, 1, '2022-09-09 03:28:39', '2022-09-09 03:28:39'),
(190, 282, 16, 1, '2022-09-09 03:28:39', '2022-09-09 03:28:39'),
(191, 283, 15, 1, '2022-09-09 03:30:53', '2022-09-09 03:30:53'),
(192, 283, 16, 1, '2022-09-09 03:30:53', '2022-09-09 03:30:53'),
(193, 283, 14, 1, '2022-09-09 04:12:01', '2022-09-09 04:12:01'),
(194, 284, 0, 1, '2022-09-09 05:04:17', '2022-09-09 05:04:17'),
(195, 284, 0, 1, '2022-09-09 05:04:17', '2022-09-09 05:04:17'),
(196, 285, 0, 1, '2022-09-09 05:05:21', '2022-09-09 05:05:21'),
(197, 285, 0, 1, '2022-09-09 05:05:21', '2022-09-09 05:05:21'),
(198, 309, 34, 0, '2022-09-09 08:47:41', '2022-09-10 04:21:36'),
(199, 309, 35, 1, '2022-09-09 08:48:24', '2022-09-09 08:48:24'),
(200, 308, 35, 1, '2022-09-09 08:48:30', '2022-09-09 08:48:30'),
(201, 307, 34, 1, '2022-09-09 08:48:34', '2022-09-09 08:48:34'),
(202, 306, 33, 1, '2022-09-09 08:48:41', '2022-09-09 08:48:41'),
(203, 306, 36, 1, '2022-09-09 08:49:02', '2022-09-09 08:49:02'),
(204, 309, 36, 1, '2022-09-09 08:55:41', '2022-09-09 08:55:41'),
(205, 307, 35, 1, '2022-09-09 08:56:00', '2022-09-09 08:56:00'),
(206, 310, 35, 1, '2022-09-10 04:20:33', '2022-09-10 04:20:33'),
(207, 310, 33, 1, '2022-09-10 04:20:33', '2022-09-10 04:20:33'),
(208, 310, 34, 1, '2022-09-10 04:20:33', '2022-09-10 04:20:33'),
(209, 309, 33, 0, '2022-09-10 04:21:33', '2022-09-10 04:21:37'),
(210, 311, 16, 1, '2022-09-10 04:29:47', '2022-09-10 04:29:47'),
(211, 312, 34, 1, '2022-09-10 05:10:46', '2022-09-10 05:10:46'),
(212, 312, 36, 1, '2022-09-10 05:10:46', '2022-09-10 05:10:46'),
(213, 313, 15, 1, '2022-09-10 05:23:16', '2022-09-10 05:23:16'),
(214, 313, 37, 1, '2022-09-10 05:23:16', '2022-09-10 05:23:16'),
(215, 313, 38, 1, '2022-09-10 05:23:16', '2022-09-10 05:23:16'),
(216, 313, 26, 1, '2022-09-10 05:23:16', '2022-09-10 05:23:16'),
(217, 350, 46, 1, '2022-09-10 10:52:49', '2022-09-10 10:52:49'),
(218, 275, 33, 1, '2022-09-12 04:52:00', '2022-09-12 04:52:00'),
(219, 353, 33, 1, '2022-09-13 05:41:45', '2022-09-13 05:41:45'),
(220, 313, 84, 0, '2022-09-13 08:11:07', '2022-09-13 08:11:21'),
(221, 270, 33, 0, '2022-09-13 08:11:30', '2022-09-13 08:11:34'),
(222, 313, 86, 0, '2022-09-13 08:12:31', '2022-09-13 08:13:07'),
(223, 270, 86, 0, '2022-09-13 08:13:17', '2022-09-13 08:13:18'),
(224, 359, 33, 1, '2022-09-13 09:10:20', '2022-09-13 09:11:09'),
(225, 359, 86, 0, '2022-09-13 09:10:20', '2022-09-13 09:10:50'),
(226, 359, 84, 1, '2022-09-13 09:10:44', '2022-09-13 09:36:11'),
(227, 359, 85, 1, '2022-09-13 09:10:47', '2022-09-13 09:10:55'),
(228, 360, 84, 1, '2022-09-13 10:06:58', '2022-09-13 10:06:58'),
(229, 430, 108, 1, '2022-09-14 03:57:26', '2022-09-14 03:57:26'),
(230, 430, 84, 1, '2022-09-14 03:57:27', '2022-09-14 03:57:27'),
(231, 430, 85, 1, '2022-09-14 04:19:50', '2022-09-14 04:19:50'),
(232, 430, 110, 1, '2022-09-14 04:19:51', '2022-09-14 04:19:51'),
(233, 435, 84, 1, '2022-09-14 09:17:26', '2022-09-14 09:17:26'),
(234, 435, 85, 1, '2022-09-14 09:17:26', '2022-09-14 09:17:26'),
(235, 435, 110, 1, '2022-09-14 09:17:26', '2022-09-14 09:17:26'),
(236, 436, 84, 1, '2022-09-14 11:46:45', '2022-09-14 11:46:45'),
(237, 436, 85, 1, '2022-09-14 11:46:45', '2022-09-14 11:46:45'),
(238, 436, 108, 1, '2022-09-14 11:46:45', '2022-09-14 11:46:45'),
(239, 428, 85, 1, '2022-09-15 03:57:07', '2022-09-15 03:57:07'),
(240, 428, 108, 1, '2022-09-15 03:57:07', '2022-09-15 03:57:07'),
(241, 419, 85, 1, '2022-09-15 12:27:57', '2022-09-15 12:27:57'),
(242, 419, 110, 1, '2022-09-15 12:27:58', '2022-09-15 12:27:58'),
(243, 417, 108, 1, '2022-09-15 12:28:04', '2022-09-15 12:28:04'),
(244, 417, 84, 1, '2022-09-15 12:28:05', '2022-09-15 12:28:05'),
(245, 438, 84, 1, '2022-09-16 04:20:34', '2022-09-16 04:20:34'),
(246, 459, 120, 1, '2022-09-17 05:24:24', '2022-09-17 05:24:24'),
(247, 459, 119, 1, '2022-09-17 05:24:24', '2022-09-17 05:24:24'),
(248, 460, 108, 1, '2022-09-17 05:24:54', '2022-09-17 05:24:54'),
(249, 460, 110, 1, '2022-09-17 05:24:54', '2022-09-17 05:24:54'),
(250, 460, 84, 1, '2022-09-17 05:24:54', '2022-09-17 05:24:54'),
(251, 461, 119, 1, '2022-09-17 05:36:47', '2022-09-17 05:36:47'),
(252, 461, 118, 1, '2022-09-17 05:36:47', '2022-09-17 05:36:47'),
(253, 462, 118, 1, '2022-09-17 05:42:36', '2022-09-17 05:42:36'),
(254, 462, 119, 1, '2022-09-17 05:42:36', '2022-09-17 05:42:36'),
(255, 572, 119, 0, '2022-09-17 08:23:54', '2022-09-17 08:57:53'),
(256, 572, 118, 1, '2022-09-17 08:23:56', '2022-09-17 08:23:56'),
(257, 572, 120, 0, '2022-09-17 08:23:59', '2022-09-17 08:57:54'),
(258, 571, 118, 0, '2022-09-17 08:58:00', '2022-09-17 08:58:02'),
(259, 571, 119, 1, '2022-09-17 08:58:02', '2022-09-17 08:58:02'),
(260, 570, 120, 1, '2022-09-17 08:58:05', '2022-09-17 08:58:05'),
(261, 573, 119, 1, '2022-09-17 08:58:08', '2022-09-17 08:58:08'),
(262, 574, 118, 1, '2022-09-17 09:28:08', '2022-09-17 09:28:08'),
(263, 565, 120, 1, '2022-09-17 09:41:04', '2022-09-17 09:41:04'),
(264, 566, 119, 1, '2022-09-17 09:41:11', '2022-09-17 09:41:11'),
(265, 566, 120, 1, '2022-09-17 09:41:11', '2022-09-17 09:41:11'),
(266, 564, 120, 1, '2022-09-17 09:41:27', '2022-09-17 09:41:27'),
(267, 564, 118, 1, '2022-09-17 09:41:27', '2022-09-17 09:41:27'),
(268, 562, 119, 1, '2022-09-17 10:34:33', '2022-09-17 10:34:33'),
(269, 562, 121, 1, '2022-09-17 10:34:35', '2022-09-17 10:34:35'),
(270, 561, 121, 1, '2022-09-17 10:34:44', '2022-09-17 10:34:44'),
(271, 560, 119, 1, '2022-09-17 10:34:48', '2022-09-17 10:34:48'),
(272, 560, 121, 1, '2022-09-17 10:34:49', '2022-09-17 10:34:49'),
(273, 563, 118, 1, '2022-09-17 10:34:53', '2022-09-17 10:34:53'),
(274, 575, 108, 1, '2022-09-17 11:31:04', '2022-09-17 11:31:04'),
(275, 575, 110, 1, '2022-09-17 11:31:04', '2022-09-17 11:31:04'),
(276, 576, 84, 1, '2022-09-17 11:51:03', '2022-09-17 11:51:03'),
(277, 576, 110, 1, '2022-09-17 11:51:03', '2022-09-17 11:51:03'),
(278, 577, 84, 1, '2022-09-19 05:37:47', '2022-09-19 05:37:47'),
(279, 577, 110, 1, '2022-09-19 05:37:47', '2022-09-19 05:37:47');

-- --------------------------------------------------------

--
-- Table structure for table `notification`
--

DROP TABLE IF EXISTS `notification`;
CREATE TABLE IF NOT EXISTS `notification` (
  `n_id` int NOT NULL AUTO_INCREMENT,
  `title` text NOT NULL,
  `body` text CHARACTER SET utf8mb4 COLLATE utf8mb4_0900_ai_ci,
  `u_id` int NOT NULL,
  `status` int NOT NULL COMMENT '0-read\r\n1-unread',
  `l_id` int NOT NULL,
  `t_id` int NOT NULL,
  `n_date` varchar(50) NOT NULL,
  `created_at` timestamp NOT NULL DEFAULT CURRENT_TIMESTAMP,
  `updated_at` timestamp NOT NULL DEFAULT CURRENT_TIMESTAMP ON UPDATE CURRENT_TIMESTAMP,
  PRIMARY KEY (`n_id`)
) ENGINE=MyISAM AUTO_INCREMENT=259 DEFAULT CHARSET=utf8mb4 COLLATE=utf8mb4_0900_ai_ci;

--
-- Dumping data for table `notification`
--

INSERT INTO `notification` (`n_id`, `title`, `body`, `u_id`, `status`, `l_id`, `t_id`, `n_date`, `created_at`, `updated_at`) VALUES
(9, 'mangu - New Lead', '', 2, 0, 249, 0, '25-08-2022 12:45:00 am', '2022-08-25 12:35:44', '2022-08-25 12:35:47'),
(8, 'changu - New Lead', '', 2, 0, 248, 0, '25-08-2022 12:45:00 am', '2022-08-25 12:34:55', '2022-08-25 12:35:23'),
(6, 'badmen - New Lead', 'sad', 2, 0, 246, 0, '25-08-2022 12:45:00 am', '2022-08-25 11:20:54', '2022-08-25 12:32:13'),
(7, 'babar - New Lead', 'df', 2, 1, 247, 0, '27-08-2022 12:45:00 am', '2022-08-25 11:22:56', '2022-08-25 11:22:56'),
(10, 'mangu - Follow Up', 'asssa', 2, 0, 249, 0, '26-08-2022 12:45:00 am', '2022-08-26 04:15:29', '2022-08-26 04:53:20'),
(11, 'mangu - Follow Up', 'aaaa', 2, 0, 249, 0, '26-08-2022 9:52:00 am', '2022-08-26 04:22:25', '2022-08-26 04:53:24'),
(12, 'changu - Follow Up', 'changu ne marvano che', 2, 0, 248, 0, '26-08-2022 10:22:00 am', '2022-08-26 04:53:07', '2022-08-26 04:53:25'),
(13, 'notification check - New Task', 'ZZxcxc', 2, 1, 0, 237, '26-08-2022 10:49:54 am', '2022-08-26 05:19:54', '2022-08-26 05:19:54'),
(14, 'notification check 2 - New Task', 'asas', 2, 1, 0, 238, '26-08-2022 10:54:06 am', '2022-08-26 05:24:06', '2022-08-26 05:24:06'),
(15, 'new - New Task', 'new', 6, 1, 0, 239, '26-08-2022 10:55:15 am', '2022-08-26 05:25:15', '2022-08-26 05:25:15'),
(16, 'notification check 3 - New Task', 'ggggg', 2, 1, 0, 240, '26-08-2022 10:56:07 am', '2022-08-26 05:26:07', '2022-08-26 05:26:07'),
(17, 'vcvb - New Lead', 'fdg', 3, 1, 250, 0, '26-08-2022 3:21:39 pm', '2022-08-26 09:51:39', '2022-08-26 09:51:39'),
(18, 'demo - New Lead', 'fdg', 2, 1, 251, 0, '27-08-2022 3:19:33 pm', '2022-08-27 09:49:33', '2022-08-27 09:49:33'),
(19, 'fhfgh - Follow Up', 'as', 2, 1, 92, 0, '29-08-2022 3:49:00 pm', '2022-08-29 10:19:20', '2022-08-29 10:19:20'),
(20, 'undefined - Follow Up', '', 0, 1, 92, 0, '31-08-2022 9:50:00 pm', '2022-08-29 12:20:49', '2022-08-29 12:20:49'),
(21, 'Harsh Patel - New Lead', 'dsadsasad', 2, 1, 252, 0, '30-08-2022 9:22:51 am', '2022-08-30 03:52:51', '2022-08-30 03:52:51'),
(22, 'check calender - New Task', 'hahahaahhahah', 2, 0, 0, 241, '31-08-2022 10:53:45 am', '2022-08-31 05:23:45', '2022-08-31 11:48:28'),
(23, 'Year  - New Task', 'asas', 2, 0, 0, 242, '31-08-2022 10:57:05 am', '2022-08-31 05:27:05', '2022-08-31 11:48:29'),
(24, 'ttt - New Task', 'dt', 2, 0, 0, 243, '31-08-2022 10:58:37 am', '2022-08-31 05:28:37', '2022-08-31 11:48:35'),
(25, 'task check1 - New Task', 'asas', 0, 1, 0, 244, '31-08-2022 11:11:19 am', '2022-08-31 05:41:19', '2022-08-31 05:41:19'),
(26, 'task chack 2 - New Task', 'asas', 2, 0, 0, 245, '31-08-2022 11:13:27 am', '2022-08-31 05:43:27', '2022-08-31 11:48:36'),
(27, 'aaaaaas - New Task', 'aSSA', 2, 0, 0, 246, '31-08-2022 11:14:19 am', '2022-08-31 05:44:19', '2022-08-31 11:48:52'),
(28, 'abc - New Task', '666', 2, 0, 0, 247, '31-08-2022 11:17:02 am', '2022-08-31 05:47:02', '2022-08-31 11:48:42'),
(29, 'jil sutariya - New Lead', 'sfsdfdsf', 6, 1, 253, 0, '31-08-2022 3:49:27 pm', '2022-08-31 10:19:27', '2022-08-31 10:19:27'),
(30, 'jil sutariya - Follow Up', 'sdsads', 6, 1, 253, 0, '01-09-2022 3:49:00 pm', '2022-08-31 10:19:48', '2022-08-31 10:19:48'),
(31, 'jil sutariya - Follow Up', 'gfgf', 6, 1, 253, 0, '01-09-2022 4:00:00 pm', '2022-08-31 10:30:51', '2022-08-31 10:30:51'),
(32, 'vcvb - Follow Up', 'dfgfdg', 3, 1, 250, 0, '01-09-2022 4:01:00 pm', '2022-08-31 10:31:29', '2022-08-31 10:31:29'),
(33, 'babar - Follow Up', '', 2, 1, 247, 0, '02-09-2022 4:07:00 pm', '2022-08-31 10:37:33', '2022-08-31 10:37:33'),
(34, 'badmen - Follow Up', 'gvjhvj', 2, 1, 246, 0, '13-08-2022 4:07:00 pm', '2022-08-31 10:37:45', '2022-08-31 10:37:45'),
(35, 'demo for notification - New Lead', '', 2, 1, 254, 0, '31-08-2022 5:19:17 pm', '2022-08-31 11:49:17', '2022-08-31 11:49:17'),
(36, 'demo for notification - Follow Up', 'tttt', 2, 1, 254, 0, '31-08-2022 5:20:00 pm', '2022-08-31 11:50:19', '2022-08-31 11:50:19'),
(37, 'task for notification - New Task', 'asas', 2, 1, 0, 248, '31-08-2022 5:23:33 pm', '2022-08-31 11:53:33', '2022-08-31 11:53:33'),
(38, 'demo - New Lead', '123', 2, 0, 255, 0, '01-09-2022 5:16:46 pm', '2022-09-01 11:46:46', '2022-09-01 12:42:18'),
(39, 'demo - New Lead', '12333', 2, 0, 256, 0, '01-09-2022 5:19:14 pm', '2022-09-01 11:49:14', '2022-09-01 12:42:19'),
(40, 'new lead from website - New Lead', 'sasasassa', 2, 0, 257, 0, '01-09-2022 5:20:10 pm', '2022-09-01 11:50:10', '2022-09-01 12:42:19'),
(255, 'demo - New Lead', 'gfdgdfg', 3, 1, 576, 0, '17-09-2022 5:21:03 pm', '2022-09-17 11:51:03', '2022-09-17 11:51:03'),
(254, 'sdsad - New Lead', 'dsfsdf', 3, 1, 575, 0, '17-09-2022 5:01:04 pm', '2022-09-17 11:31:04', '2022-09-17 11:31:04'),
(46, 'badmen - Follow Up', 'ttt', 2, 1, 246, 0, '02-09-2022 12:12:00 pm', '2022-09-02 06:42:26', '2022-09-02 06:42:26'),
(47, 'badmen - Follow Up', 'aa', 2, 1, 246, 0, '02-09-2022 3:12:00 pm', '2022-09-02 09:42:46', '2022-09-02 09:42:46'),
(48, 'undefined - Follow Up', 'qqq', 0, 1, 257, 0, '02-09-2022 4:58:00 pm', '2022-09-02 11:29:39', '2022-09-02 11:29:39'),
(49, 'undefined - Follow Up', 'ttttttttttt', 0, 1, 253, 0, '04-09-2022 5:22:00 pm', '2022-09-02 11:52:56', '2022-09-02 11:52:56'),
(50, 'undefined - Follow Up', '', 0, 1, 253, 0, '17-09-2022 2:19:00 pm', '2022-09-03 05:49:51', '2022-09-03 05:49:51'),
(51, 'undefined - New Task', 'undefined', 2, 0, 0, 249, '05-09-2022 9:54:08 am', '2022-09-05 04:24:08', '2022-09-05 11:26:21'),
(52, 'undefined - New Task', 'undefined', 2, 0, 0, 250, '05-09-2022 10:23:30 am', '2022-09-05 04:53:30', '2022-09-05 11:26:21'),
(54, 'undefined - New Task', 'undefined', 2, 0, 0, 251, '05-09-2022 1:22:42 pm', '2022-09-05 07:52:42', '2022-09-05 11:26:25'),
(55, 'dasdasd - New Task', 'undefined', 2, 0, 0, 252, '05-09-2022 1:26:04 pm', '2022-09-05 07:56:04', '2022-09-05 11:26:26'),
(56, 'fsdfsddfsfsdfsd - New Task', 'undefined', 2, 0, 0, 253, '05-09-2022 1:34:05 pm', '2022-09-05 08:04:05', '2022-09-05 11:26:26'),
(57, 'undefined - New Task', 'undefined', 2, 0, 0, 254, '05-09-2022 1:34:11 pm', '2022-09-05 08:04:11', '2022-09-05 11:26:33'),
(58, 'undefined - New Task', 'undefined', 2, 0, 0, 255, '05-09-2022 1:34:13 pm', '2022-09-05 08:04:13', '2022-09-05 11:26:32'),
(59, 'undefined - New Task', 'undefined', 2, 0, 0, 256, '05-09-2022 1:34:40 pm', '2022-09-05 08:04:40', '2022-09-05 11:26:41'),
(60, 'sdfsdfsf - New Task', 'undefined', 2, 0, 0, 257, '05-09-2022 1:35:45 pm', '2022-09-05 08:05:45', '2022-09-05 11:26:34'),
(61, 'undefined - New Task', 'undefined', 2, 0, 0, 258, '05-09-2022 1:35:51 pm', '2022-09-05 08:05:51', '2022-09-05 11:26:42'),
(62, 'undefined - New Task', 'undefined', 2, 0, 0, 259, '05-09-2022 1:35:52 pm', '2022-09-05 08:05:52', '2022-09-05 11:26:34'),
(63, 'cdsdfdc - New Task', 'undefined', 2, 0, 0, 260, '05-09-2022 1:37:23 pm', '2022-09-05 08:07:23', '2022-09-05 11:26:46'),
(64, 'ccc - New Task', 'undefined', 2, 0, 0, 261, '05-09-2022 1:47:31 pm', '2022-09-05 08:17:31', '2022-09-05 11:26:35'),
(65, 'sasas - New Task', 'undefined', 2, 0, 0, 262, '05-09-2022 1:50:45 pm', '2022-09-05 08:20:45', '2022-09-05 11:26:49'),
(66, 'dddfsdfdsf - New Task', 'undefined', 2, 0, 0, 263, '05-09-2022 1:51:36 pm', '2022-09-05 08:21:36', '2022-09-05 11:26:35'),
(67, 'asasa - New Task', 'undefined', 2, 0, 0, 264, '05-09-2022 1:53:06 pm', '2022-09-05 08:23:06', '2022-09-05 11:26:36'),
(68, 'dddd - New Task', 'undefined', 2, 0, 0, 265, '05-09-2022 1:54:27 pm', '2022-09-05 08:24:27', '2022-09-05 11:26:37'),
(69, 'sasasa - New Task', 'undefined', 2, 0, 0, 266, '05-09-2022 1:56:40 pm', '2022-09-05 08:26:40', '2022-09-05 11:26:37'),
(70, 'undefined - New Task', 'undefined', 2, 0, 0, 267, '05-09-2022 2:18:26 pm', '2022-09-05 08:48:26', '2022-09-05 11:26:53'),
(71, 'aaaaa - New Task', 'aaaaa', 2, 0, 0, 268, '05-09-2022 2:19:06 pm', '2022-09-05 08:49:06', '2022-09-05 11:27:01'),
(72, 'ddddd - New Task', 'ddddd', 3, 1, 0, 269, '05-09-2022 2:20:32 pm', '2022-09-05 08:50:32', '2022-09-05 08:50:32'),
(73, 'ffff - New Task', 'undefined', 2, 0, 0, 270, '05-09-2022 2:25:06 pm', '2022-09-05 08:55:06', '2022-09-05 11:26:53'),
(74, 'fffff - New Task', 'sss', 5, 1, 0, 271, '05-09-2022 2:25:49 pm', '2022-09-05 08:55:49', '2022-09-05 08:55:49'),
(75, 'ggggg - New Task', 'undefined', 2, 0, 0, 272, '05-09-2022 2:40:05 pm', '2022-09-05 09:10:05', '2022-09-05 11:27:08'),
(76, 'dddddd - New Task', 'undefined', 2, 0, 0, 273, '05-09-2022 2:40:20 pm', '2022-09-05 09:10:20', '2022-09-05 11:26:56'),
(77, 'ddddd - New Task', 'undefined', 2, 0, 0, 274, '05-09-2022 3:02:53 pm', '2022-09-05 09:32:53', '2022-09-05 11:26:56'),
(78, 'mmmmm - New Task', 'undefined', 2, 0, 0, 275, '05-09-2022 3:02:59 pm', '2022-09-05 09:32:59', '2022-09-05 11:26:57'),
(79, 'ddvdv - New Task', 'undefined', 2, 0, 0, 276, '05-09-2022 3:14:04 pm', '2022-09-05 09:44:04', '2022-09-05 11:26:57'),
(80, 'vdsfsdvdvd - New Task', 'undefined', 2, 0, 0, 277, '05-09-2022 3:29:03 pm', '2022-09-05 09:59:03', '2022-09-05 11:27:02'),
(81, 'cscsc - New Task', 'undefined', 2, 0, 0, 278, '05-09-2022 3:45:37 pm', '2022-09-05 10:15:37', '2022-09-05 11:27:03'),
(82, 'sdsdsds - New Task', 'undefined', 2, 0, 0, 279, '05-09-2022 3:57:39 pm', '2022-09-05 10:27:39', '2022-09-05 11:27:08'),
(83, 'sdsds - New Task', 'undefined', 2, 0, 0, 280, '05-09-2022 3:58:53 pm', '2022-09-05 10:28:53', '2022-09-05 11:27:04'),
(84, 'asas - New Task', 'undefined', 2, 0, 0, 281, '05-09-2022 4:44:38 pm', '2022-09-05 11:14:38', '2022-09-05 11:27:05'),
(85, 'prash - New Lead', '', 2, 1, 262, 0, '05-09-2022 6:07:16 pm', '2022-09-05 12:37:16', '2022-09-05 12:37:16'),
(86, 'fdfd - New Lead', 'tghrt', 2, 1, 263, 0, '05-09-2022 6:08:07 pm', '2022-09-05 12:38:07', '2022-09-05 12:38:07'),
(87, '123 - New Lead', '', 2, 1, 264, 0, '05-09-2022 6:08:21 pm', '2022-09-05 12:38:21', '2022-09-05 12:38:21'),
(88, 'bahubali - New Lead', '', 2, 0, 265, 0, '06-09-2022 11:11:36 am', '2022-09-06 05:41:36', '2022-09-06 11:07:09'),
(89, 'undefined - New Lead', '', 0, 1, 266, 0, '06-09-2022 11:56:38 am', '2022-09-06 06:26:38', '2022-09-06 06:26:38'),
(90, 'undefined - New Task', '', 0, 1, 0, 282, '06-09-2022 1:20:40 pm', '2022-09-06 07:50:40', '2022-09-06 07:50:40'),
(91, 'વિદેશ અભ્યાસ લોન સહાય - New Lead', '', 2, 1, 267, 0, '07-09-2022 12:11:18 pm', '2022-09-07 06:41:18', '2022-09-07 06:41:18'),
(92, 'harsh11 - New Lead', 'saad', 3, 1, 270, 0, '07-09-2022 12:24:00 pm', '2022-09-07 06:54:00', '2022-09-07 06:54:00'),
(176, 'undefined - Follow Up', 'aaa', 2, 0, 0, 0, '14-09-2022 11:13:00 am', '2022-09-14 05:43:34', '2022-09-14 06:18:34'),
(94, 'gfdg - New Lead', NULL, 3, 1, 273, 0, '07-09-2022 12:27:00 pm', '2022-09-07 06:57:00', '2022-09-07 06:57:00'),
(95, 'harsh11 - Follow Up', 'a', 3, 1, 270, 0, '08-09-2022 10:35:00 am', '2022-09-08 05:05:07', '2022-09-08 05:05:07'),
(96, 'thor - New Lead', 'asd', 2, 1, 274, 0, '08-09-2022 10:39:13 am', '2022-09-08 05:09:13', '2022-09-08 05:09:13'),
(97, 'bahubali - New Lead', 'dsf', 2, 1, 275, 0, '08-09-2022 10:42:58 am', '2022-09-08 05:12:58', '2022-09-08 05:12:58'),
(98, 'bahubali - Follow Up', 'as', 2, 1, 275, 0, '08-09-2022 11:22:00 am', '2022-09-08 05:53:02', '2022-09-08 05:53:02'),
(99, 'babu bhiya - New Lead', 'sdfsdf', 2, 1, 276, 0, '08-09-2022 11:58:32 am', '2022-09-08 06:28:32', '2022-09-08 06:28:32'),
(100, 'harsh11 - New Lead', 'saad', 3, 1, 277, 0, '08-09-2022 12:27:00 pm', '2022-09-08 06:57:00', '2022-09-08 06:57:00'),
(119, 'Vatsal - Follow Up', NULL, 60, 1, 308, 0, '09-09-2022 4:00:00 pm', '2022-09-09 08:42:00', '2022-09-09 08:42:00'),
(102, 'demo - New Lead', 'aaaa', 0, 1, 279, 0, '09-09-2022 8:57:18 am', '2022-09-09 03:27:18', '2022-09-09 03:27:18'),
(118, 'Vatsal - Follow Up', NULL, 60, 1, 308, 0, '10-09-2022 3:00:00 pm', '2022-09-09 08:40:34', '2022-09-09 08:40:34'),
(105, 'demo - New Lead', 'rett', 2, 0, 281, 0, '09-09-2022 8:58:01 am', '2022-09-09 03:28:01', '2022-09-09 03:31:40'),
(106, 'harsh11 - Follow Up', 'rrtt', 3, 1, 277, 0, '09-09-2022 8:58:00 am', '2022-09-09 03:28:11', '2022-09-09 03:28:11'),
(107, 'gfdg - Follow Up', 'rtrt', 5, 1, 273, 0, '09-09-2022 8:58:00 am', '2022-09-09 03:28:18', '2022-09-09 03:28:18'),
(116, 'Harsh - New Lead', 'For API regarding', 58, 0, 288, 0, '09-09-2022 12:09:26 pm', '2022-09-09 06:39:26', '2022-09-09 10:57:33'),
(109, 'demo - New Lead', 'dfgdfg', 2, 0, 283, 0, '09-09-2022 9:00:53 am', '2022-09-09 03:30:53', '2022-09-09 03:31:36'),
(110, 'undefined - Follow Up', 'aaaa', 2, 0, 0, 0, '09-09-2022 9:24:00 am', '2022-09-09 03:54:59', '2022-09-09 04:45:41'),
(120, 'Jil - Follow Up', 'fdfd', 60, 1, 309, 0, '10-09-2022 2:26:00 pm', '2022-09-09 08:56:17', '2022-09-09 08:56:17'),
(117, 'harsh11 - New Lead', 'saad', 3, 1, 305, 0, '09-09-2022 12:27:00 pm', '2022-09-09 06:57:00', '2022-09-09 06:57:00'),
(121, 'call for order - New Task', 'sadsad', 60, 1, 0, 283, '09-09-2022 3:15:35 pm', '2022-09-09 09:45:35', '2022-09-09 09:45:35'),
(122, 'Harsh - Follow Up', NULL, 60, 1, 306, 0, '10-09-2022 4:31:00 pm', '2022-09-09 11:01:29', '2022-09-09 11:01:29'),
(123, 'Harsh - Follow Up', NULL, 60, 1, 306, 0, '10-09-2022 4:47:00 pm', '2022-09-09 11:17:06', '2022-09-09 11:17:06'),
(124, 'undefined - Follow Up', 'call', 58, 1, 0, 0, '10-09-2022 9:48:00 am', '2022-09-10 04:18:51', '2022-09-10 04:18:51'),
(125, 'Vatsal - New Lead', NULL, 58, 1, 310, 0, '10-09-2022 9:50:33 am', '2022-09-10 04:20:33', '2022-09-10 04:20:33'),
(126, 'jhon - New Lead', 'as', 2, 0, 311, 0, '10-09-2022 9:59:47 am', '2022-09-10 04:29:47', '2022-09-10 04:29:57'),
(127, 'demo task - New Task', 'ghdfg', 3, 1, 0, 284, '10-09-2022 10:04:53 am', '2022-09-10 04:34:53', '2022-09-10 04:34:53'),
(128, 'sxdasd - New Task', 'tfght', 2, 0, 0, 285, '10-09-2022 10:06:27 am', '2022-09-10 04:36:27', '2022-09-10 06:06:27'),
(129, 'prash - New Lead', NULL, 58, 1, 312, 0, '10-09-2022 10:40:46 am', '2022-09-10 05:10:46', '2022-09-10 05:10:46'),
(130, 'Task - New Task', 'qwewqewe', 59, 1, 0, 286, '10-09-2022 10:42:05 am', '2022-09-10 05:12:05', '2022-09-10 05:12:05'),
(131, 'qwqw - New Task', 'undefined', 58, 1, 0, 287, '10-09-2022 10:42:16 am', '2022-09-10 05:12:16', '2022-09-10 05:12:16'),
(156, 'Sakshi - Follow Up', 'rfge', 3, 0, 359, 0, '13-09-2022 2:46:00 pm', '2022-09-13 09:15:40', '2022-09-13 12:21:35'),
(155, 'Sakshi - Follow Up', 'test', 3, 1, 359, 0, '13-09-2022 2:43:00 pm', '2022-09-13 09:13:13', '2022-09-13 09:13:13'),
(154, 'Sakshi - New Lead', NULL, 2, 0, 359, 0, '13-09-2022 2:40:20 pm', '2022-09-13 09:10:20', '2022-09-13 10:10:23'),
(135, 'demo - New Task', 'hello', 52, 1, 0, 288, '10-09-2022 10:55:10 am', '2022-09-10 05:25:10', '2022-09-10 05:25:10'),
(136, 'rajesh - New Lead', 'he want bulk software', 68, 1, 314, 0, '10-09-2022 12:09:42 pm', '2022-09-10 06:39:42', '2022-09-10 06:39:42'),
(137, 'ttt - New Task', 'undefined', 58, 1, 0, 289, '10-09-2022 2:20:03 pm', '2022-09-10 08:50:03', '2022-09-10 08:50:03'),
(138, '09876sdfdf - New Lead', NULL, 67, 1, 349, 0, '10-09-2022 2:25:09 pm', '2022-09-10 08:55:09', '2022-09-10 08:55:09'),
(139, 'વિદેશ અભ્યાસ લોન સહાય - New Lead', 'sdfg', 67, 1, 350, 0, '10-09-2022 4:22:49 pm', '2022-09-10 10:52:49', '2022-09-10 10:52:49'),
(140, 'sdsad - Follow Up', 'fhdffgfcghcfhfghfghgh', 2, 0, 275, 0, '16-09-2022 10:17:00 am', '2022-09-12 04:47:48', '2022-09-16 03:58:27'),
(141, 'undefined - Follow Up', 'hello', 2, 0, 0, 0, '15-09-2022 10:46:00 am', '2022-09-12 05:16:23', '2022-09-15 03:27:03'),
(142, 'undefined - Follow Up', NULL, 2, 1, 0, 0, '', '2022-09-12 05:34:46', '2022-09-12 05:34:46'),
(252, 'Brijesh - Follow Up', '', 67, 1, 459, 0, '21-09-2022 2:57 PM', '2022-09-17 09:27:27', '2022-09-17 09:27:27'),
(251, 'rajesh - New Lead', 'he want bulk software', 68, 1, 573, 0, '17-09-2022 12:27:00 pm', '2022-09-17 06:57:00', '2022-09-17 06:57:00'),
(146, 'ghgf - New Task', 'undefined', 2, 0, 0, 290, '13-09-2022 9:39:53 am', '2022-09-13 04:09:53', '2022-09-13 04:38:04'),
(147, 'dfgdfgkjhkjhk - New Lead', 'dfgfdg', 5, 1, 352, 0, '13-09-2022 10:14:02 am', '2022-09-13 04:44:02', '2022-09-13 04:44:02'),
(148, 'abc - New Lead', '123564', 4, 1, 353, 0, '13-09-2022 11:11:45 am', '2022-09-13 05:41:45', '2022-09-13 05:41:45'),
(149, 'dfgdfgkjhkjhk - New Lead', 'dfgfdg', 5, 1, 354, 0, '13-09-2022 11:42:33 am', '2022-09-13 06:12:33', '2022-09-13 06:12:33'),
(150, 'dfgdfgkjhkjhk - New Lead', 'dfgfdg', 5, 1, 355, 0, '13-09-2022 11:42:39 am', '2022-09-13 06:12:39', '2022-09-13 06:12:39'),
(151, 'dfgdfgkjhkjhk - New Lead', 'dfgfdg', 5, 1, 356, 0, '13-09-2022 11:42:44 am', '2022-09-13 06:12:44', '2022-09-13 06:12:44'),
(152, 'harsh11 - New Lead', 'saad', 3, 1, 357, 0, '13-09-2022 12:27:00 pm', '2022-09-13 06:57:00', '2022-09-13 06:57:00'),
(253, 'PM आत्मनिर्भर स्वस्थ भारत योजना 2022 - New Lead', 'jhbjhh', 67, 0, 574, 0, '17-09-2022 2:58:08 pm', '2022-09-17 09:28:08', '2022-09-17 10:24:38'),
(157, 'Sakshi - Follow Up', 'tyhr', 3, 1, 359, 0, '13-09-2022 2:53:00 pm', '2022-09-13 09:23:15', '2022-09-13 09:23:15'),
(158, 'Sakshi - Follow Up', 'fvedged', 2, 0, 359, 0, '13-09-2022 2:55:00 pm', '2022-09-13 09:25:57', '2022-09-13 10:10:22'),
(159, 'Sakshi - Follow Up', '12', 2, 0, 359, 0, '13-09-2022 3:01:00 pm', '2022-09-13 09:31:30', '2022-09-13 10:10:19'),
(160, 'Sakshi - Follow Up', 'lo', 2, 0, 359, 0, '14-09-2022 3:08:00 pm', '2022-09-13 09:38:49', '2022-09-14 04:00:53'),
(182, 'Sakshi - Follow Up', 'for notification', 4, 1, 359, 0, '16-09-2022 1:34:00 pm', '2022-09-14 08:04:36', '2022-09-14 08:04:36'),
(170, 'undefined - Follow Up', '1454', 0, 1, 357, 0, '13-09-2022 4:34:00 pm', '2022-09-13 11:04:56', '2022-09-13 11:04:56'),
(171, 'harsh11 - Follow Up', '4', 3, 1, 357, 0, '13-09-2022 4:35:00 pm', '2022-09-13 11:05:55', '2022-09-13 11:05:55'),
(168, 'test - New Task', 'fghbf', 2, 0, 0, 291, '13-09-2022 3:55:48 pm', '2022-09-13 10:25:48', '2022-09-13 10:57:27'),
(165, 'dhruvita - New Lead', NULL, 2, 0, 433, 0, '13-09-2022 3:42:51 pm', '2022-09-13 10:12:51', '2022-09-13 10:13:07'),
(166, 'dhruvita - Follow Up', 'tght', 2, 0, 433, 0, '13-09-2022 3:43:00 pm', '2022-09-13 10:13:03', '2022-09-13 10:13:08'),
(167, 'dhruvita - Follow Up', 'thbrtfh', 2, 0, 433, 0, '13-09-2022 3:43:00 pm', '2022-09-13 10:13:18', '2022-09-13 10:55:57'),
(173, 'undefined - Follow Up', 'hyhmk', 0, 1, 357, 0, '13-09-2022 4:37:00 pm', '2022-09-13 11:07:12', '2022-09-13 11:07:12'),
(174, 'harsh11 - Follow Up', '888888', 3, 1, 357, 0, '13-09-2022 4:37:00 pm', '2022-09-13 11:07:57', '2022-09-13 11:07:57'),
(175, 'harsh11 - Follow Up', '54', 3, 1, 270, 0, '13-09-2022 5:50:00 pm', '2022-09-13 12:21:12', '2022-09-13 12:21:12'),
(179, 'hdfgdfg - Follow Up', 'aaa', 2, 0, 429, 0, '14-09-2022 11:42:00 am', '2022-09-14 06:12:41', '2022-09-14 06:18:36'),
(183, 'Sakshi - Follow Up', 'aaa', 4, 1, 359, 0, '16-09-2022 1:36:00 pm', '2022-09-14 08:07:03', '2022-09-14 08:07:03'),
(184, 'Sakshi - Follow Up', 'aaa', 4, 1, 359, 0, '15-09-2022 1:37:00 pm', '2022-09-14 08:07:17', '2022-09-14 08:07:17'),
(185, 'Sakshi - Follow Up', 'dsfsfddf', 4, 1, 359, 0, '16-09-2022 1:46:00 pm', '2022-09-14 08:16:36', '2022-09-14 08:16:36'),
(186, 'Sakshi - Follow Up', 'fffdsffd', 4, 1, 359, 0, '16-09-2022 1:46:00 pm', '2022-09-14 08:16:45', '2022-09-14 08:16:45'),
(187, 'Sakshi - Follow Up', 'sssss', 4, 1, 359, 0, '16-09-2022 2:03:00 pm', '2022-09-14 08:33:48', '2022-09-14 08:33:48'),
(188, 'Sakshi - Follow Up', 'aaaaa', 4, 1, 359, 0, '16-09-2022 2:03:00 pm', '2022-09-14 08:33:56', '2022-09-14 08:33:56'),
(189, 'Sakshi - Follow Up', 'sssss', 4, 1, 359, 0, '16-09-2022 2:05:00 pm', '2022-09-14 08:35:40', '2022-09-14 08:35:40'),
(190, 'Sakshi - Follow Up', 'aaa', 4, 1, 359, 0, '16-09-2022 2:05:00 pm', '2022-09-14 08:36:11', '2022-09-14 08:36:11'),
(191, 'Sakshi - Follow Up', 'eeeee', 4, 1, 359, 0, '16-09-2022 2:05:00 pm', '2022-09-14 08:36:25', '2022-09-14 08:36:25'),
(192, 'Sakshi - Follow Up', 'ssss', 4, 1, 359, 0, '16-09-2022 2:15:00 pm', '2022-09-14 08:45:52', '2022-09-14 08:45:52'),
(193, 'Sakshi - Follow Up', 'sdssds', 4, 1, 359, 0, '16-09-2022 2:21:00 pm', '2022-09-14 08:51:43', '2022-09-14 08:51:43'),
(194, 'Sakshi - Follow Up', 'sdssds', 4, 1, 359, 0, '16-09-2022 2:21:00 pm', '2022-09-14 08:51:52', '2022-09-14 08:51:52'),
(195, 'Sakshi - Follow Up', 'dsadsasdsa', 4, 1, 359, 0, '16-09-2022 2:21:00 pm', '2022-09-14 08:52:00', '2022-09-14 08:52:00'),
(196, 'Sakshi - Follow Up', 'fdfdfd', 4, 1, 359, 0, '18-09-2022 2:26:00 pm', '2022-09-14 08:57:04', '2022-09-14 08:57:04'),
(197, 'Sakshi - Follow Up', 'fffff', 4, 1, 359, 0, '16-09-2022 2:28:00 pm', '2022-09-14 08:59:04', '2022-09-14 08:59:04'),
(198, 'Sakshi - Follow Up', 'ddddd', 4, 1, 359, 0, '16-09-2022 2:28:00 pm', '2022-09-14 08:59:11', '2022-09-14 08:59:11'),
(199, 'Sakshi - Follow Up', 'frdfdfg', 4, 1, 359, 0, '16-09-2022 2:31:00 pm', '2022-09-14 09:02:05', '2022-09-14 09:02:05'),
(200, 'Sakshi - Follow Up', 'rrrrr', 4, 1, 359, 0, '24-09-2022 2:37:00 pm', '2022-09-14 09:07:55', '2022-09-14 09:07:55'),
(201, 'Sakshi - Follow Up', 'ssss', 4, 1, 359, 0, '24-09-2022 2:37:00 pm', '2022-09-14 09:08:07', '2022-09-14 09:08:07'),
(202, 'Sakshi - Follow Up', 'ddddd', 4, 1, 359, 0, '24-09-2022 2:37:00 pm', '2022-09-14 09:08:19', '2022-09-14 09:08:19'),
(203, 'Sakshi - Follow Up', 'hhh', 4, 1, 359, 0, '22-09-2022 2:41:00 pm', '2022-09-14 09:11:51', '2022-09-14 09:11:51'),
(204, 'Sakshi - Follow Up', 'hhhhh', 4, 1, 359, 0, '', '2022-09-14 09:11:58', '2022-09-14 09:11:58'),
(205, 'Sakshi - Follow Up', 'sssss', 4, 1, 359, 0, '24-09-2022 2:43:00 pm', '2022-09-14 09:13:25', '2022-09-14 09:13:25'),
(206, 'madara uchiha - Follow Up', 'aaa', 2, 1, 428, 0, '23-09-2022 2:45:00 pm', '2022-09-14 09:15:35', '2022-09-14 09:15:35'),
(207, 'qqqqqqqq - New Lead', 'qqq', 2, 1, 435, 0, '14-09-2022 2:47:26 pm', '2022-09-14 09:17:26', '2022-09-14 09:17:26'),
(208, 'gdvasjvbh - New Lead', 'fdgdfgfgf', 2, 1, 436, 0, '14-09-2022 5:16:45 pm', '2022-09-14 11:46:45', '2022-09-14 11:46:45'),
(210, 'jil sutariya - Follow Up', 'nbvnbvnnbvvbn', 4, 1, 417, 0, '23-09-2022 6:13:00 pm', '2022-09-15 12:44:02', '2022-09-15 12:44:02'),
(211, 'prashant - New Lead', 'Just Chill!!!', 3, 1, 438, 0, '16-09-2022 9:50:34 am', '2022-09-16 04:20:34', '2022-09-16 04:20:34'),
(212, 'harsh11 - Follow Up', 'fgfghgh', 2, 1, 426, 0, '18-09-2022 10:55:00 am', '2022-09-16 05:26:03', '2022-09-16 05:26:03'),
(256, 'demo - New Lead', 'gdfg', 2, 1, 577, 0, '19-09-2022 11:07:47 am', '2022-09-19 05:37:47', '2022-09-19 05:37:47'),
(214, 'utsav - New Lead', 'gdgrgtrhtrgt', 54, 1, 440, 0, '16-09-2022 1:58:18 pm', '2022-09-16 08:28:18', '2022-09-16 08:28:18'),
(215, 'nfbkjdbgfgfgf  igbpodfcx - New Lead', 'hgfvdfyugduisyfiusiefgysdfhisfh hgffhgjjfk gdghkjxhfh hgiodfhgifsdyt gjkdfjdhjffgu ihgefekgiueigb', 54, 1, 441, 0, '16-09-2022 1:59:25 pm', '2022-09-16 08:29:25', '2022-09-16 08:29:25'),
(216, 'dsafgrsdgfd fdfrfw frfrefre fnfgbfhg hy9spfs hhhsfg9yh  fkhfehgdffdk bfhighbbk hfsiyftgysfg hfgugtytol bgfsifs0g - New Task', 'erqwrtewrewfrwfrw rfrgrgtrs frffrfrwr', 54, 1, 0, 317, '16-09-2022 2:02:31 pm', '2022-09-16 08:32:31', '2022-09-16 08:32:31'),
(217, 'dsafgrsdgfd fdfrfw frfrefre fnfgbfhg hy9spfs hhhsfg9yh  fkhfehgdffdk bfhighbbk hfsiyftgysfg hfgugtytol bgfsifs0g - New Task', 'erqwrtewrewfrwfrw rfrgrgtrs frffrfrwr', 65, 1, 0, 318, '16-09-2022 2:02:42 pm', '2022-09-16 08:32:42', '2022-09-16 08:32:42'),
(218, 'nfbkjdbgfgfgf  igbpodfcx - Follow Up', 'bjvugfy hgfghuifyte jhgdknvdv;kxgyvyu jfoghuibjljb ojgfjndlfgjodfyhgidn  jgdgfohe8retygjd geghihidjofghoidfyig;dghie heiyuie jeohtueojg', 54, 1, 441, 0, '16-09-2022 5:10:00 pm', '2022-09-16 08:34:38', '2022-09-16 08:34:38'),
(219, 'utsav - Follow Up', 'hhghg gfhieuwrywkldffdsog erieiuhejnnvmfworyy3e htgeioytueoptujbgml;f jgoefreuo0gjodfkjghfe', 54, 1, 440, 0, '16-09-2022 2:04:00 pm', '2022-09-16 08:34:59', '2022-09-16 08:34:59'),
(220, 'gfdgeegdgefg  - New Lead', 'gvfbgfgddd fdgfgd', 54, 1, 442, 0, '16-09-2022 2:12:00 pm', '2022-09-16 08:42:00', '2022-09-16 08:42:00'),
(221, 'Utsav Vaghani - New Lead', 'gdhbgfhrf hgfhjjhfr', 66, 1, 443, 0, '16-09-2022 2:12:28 pm', '2022-09-16 08:42:28', '2022-09-16 08:42:28'),
(222, 'Utsav Vaghani - New Lead', 'vdxfbhgf bgfbhfgfhg', 66, 1, 444, 0, '16-09-2022 2:12:53 pm', '2022-09-16 08:42:53', '2022-09-16 08:42:53'),
(223, 'Utsav Vaghani - New Lead', 'knhjiofksms gftrtrghrrg', 54, 1, 445, 0, '16-09-2022 2:13:09 pm', '2022-09-16 08:43:09', '2022-09-16 08:43:09'),
(224, 'Utsav Vaghani - New Lead', 'gdhg hrjttnnbjiu6y7i7 u6i70oiuouhdf', 54, 1, 446, 0, '16-09-2022 2:13:36 pm', '2022-09-16 08:43:36', '2022-09-16 08:43:36'),
(225, 'Utsav Vaghani vfdgvbd - New Lead', 'gffd gdhdd gfhgth', 54, 1, 447, 0, '16-09-2022 2:14:12 pm', '2022-09-16 08:44:12', '2022-09-16 08:44:12'),
(226, 'harsh11 - Follow Up', 'gggggg', 2, 0, 426, 0, '16-09-2022 4:10:00 pm', '2022-09-16 10:35:13', '2022-09-16 10:35:22'),
(227, 'undefined - New Lead', NULL, 0, 1, 448, 0, '16-09-2022 5:54:06 pm', '2022-09-16 12:24:06', '2022-09-16 12:24:06'),
(228, 'undefined - New Lead', NULL, 0, 1, 449, 0, '16-09-2022 5:55:14 pm', '2022-09-16 12:25:14', '2022-09-16 12:25:14'),
(229, 'undefined - New Lead', NULL, 0, 1, 450, 0, '16-09-2022 6:00:03 pm', '2022-09-16 12:30:03', '2022-09-16 12:30:03'),
(230, 'undefined - New Lead', NULL, 0, 1, 451, 0, '16-09-2022 6:09:16 pm', '2022-09-16 12:39:16', '2022-09-16 12:39:16'),
(231, 'undefined - New Lead', NULL, 0, 1, 452, 0, '16-09-2022 6:13:38 pm', '2022-09-16 12:43:38', '2022-09-16 12:43:38'),
(232, 'undefined - New Lead', NULL, 0, 1, 453, 0, '16-09-2022 6:14:39 pm', '2022-09-16 12:44:39', '2022-09-16 12:44:39'),
(233, 'undefined - New Lead', NULL, 0, 1, 454, 0, '16-09-2022 6:14:47 pm', '2022-09-16 12:44:47', '2022-09-16 12:44:47'),
(234, 'undefined - New Lead', NULL, 0, 1, 455, 0, '16-09-2022 6:15:52 pm', '2022-09-16 12:45:52', '2022-09-16 12:45:52'),
(235, 'undefined - New Lead', NULL, 0, 1, 456, 0, '17-09-2022 10:16:35 am', '2022-09-17 04:46:35', '2022-09-17 04:46:35'),
(236, 'undefined - New Lead', NULL, 0, 1, 457, 0, '17-09-2022 10:17:46 am', '2022-09-17 04:47:46', '2022-09-17 04:47:46'),
(237, 'undefined - New Lead', NULL, 0, 1, 458, 0, '17-09-2022 10:22:08 am', '2022-09-17 04:52:08', '2022-09-17 04:52:08'),
(238, 'Brijesh - New Lead', ' goli mar bheje mee', 67, 0, 459, 0, '17-09-2022 10:54:24 am', '2022-09-17 05:24:24', '2022-09-17 06:29:31'),
(239, 'deadpool2 - New Lead', NULL, 2, 0, 460, 0, '17-09-2022 10:54:54 am', '2022-09-17 05:24:54', '2022-09-17 05:46:34'),
(240, 'undefined - Follow Up', 'checking', 0, 1, 460, 0, '17-09-2022 11:00:00 am', '2022-09-17 05:27:04', '2022-09-17 05:27:04'),
(241, 'deadpool2 - Follow Up', 'aaa', 2, 1, 460, 0, '17-09-2022 10:58:00 am', '2022-09-17 05:28:50', '2022-09-17 05:28:50'),
(242, 'undefined - Follow Up', 'aaa', 0, 1, 460, 0, '17-09-2022 10:59:00 am', '2022-09-17 05:29:15', '2022-09-17 05:29:15'),
(243, 'prashant - Follow Up', 'fdfddf', 4, 1, 438, 0, '17-09-2022 11:05:00 am', '2022-09-17 05:29:28', '2022-09-17 05:29:28'),
(244, 'prashant - Follow Up', 'aaa', 4, 1, 438, 0, '17-09-2022 10:59:00 am', '2022-09-17 05:29:54', '2022-09-17 05:29:54'),
(245, 'deadpool2 - Follow Up', 'abc', 2, 1, 460, 0, '17-09-2022 11:00:00 am', '2022-09-17 05:30:38', '2022-09-17 05:30:38'),
(246, 'prashant - Follow Up', 'ddffdf', 2, 1, 438, 0, '17-09-2022 12:02:00 pm', '2022-09-17 05:31:15', '2022-09-17 05:31:15'),
(247, 'undefined - Follow Up', 'asas', 0, 1, 460, 0, '17-09-2022 11:01:00 am', '2022-09-17 05:31:38', '2022-09-17 05:31:38'),
(257, 'demo - Follow Up', 'xadasd', 2, 1, 577, 0, '19-09-2022 11:20:00 am', '2022-09-19 05:48:11', '2022-09-19 05:48:11'),
(258, 'rajesh - New Lead', 'he want bulk software', 68, 1, 578, 0, '19-09-2022 12:27:00 pm', '2022-09-19 06:57:00', '2022-09-19 06:57:00'),
(250, 'demo fmssh - New Task', 'yuhhuhtuh', 65, 1, 0, 319, '17-09-2022 11:34:04 am', '2022-09-17 06:04:04', '2022-09-17 06:04:04');

-- --------------------------------------------------------

--
-- Table structure for table `package`
--

DROP TABLE IF EXISTS `package`;
CREATE TABLE IF NOT EXISTS `package` (
  `p_id` int NOT NULL AUTO_INCREMENT,
  `p_name` varchar(80) NOT NULL,
  `p_price` int NOT NULL,
  `no_of_staff` int NOT NULL,
  `description` text NOT NULL,
  `lead` int NOT NULL COMMENT '0.inactive\r\n1.active',
  `task` int NOT NULL COMMENT '0.inactive\r\n1.active',
  `reminder` int NOT NULL COMMENT '0.inactive\r\n1.active',
  `indiamart_lead` int NOT NULL COMMENT '0.inactive\r\n1.active',
  `website_lead` int NOT NULL COMMENT '0.inactive\r\n1.active',
  `sms_integration` int NOT NULL COMMENT '0.inactive\r\n1.active',
  `email_integration` int NOT NULL COMMENT '0.inactive\r\n1.active',
  `customer` int NOT NULL COMMENT '0.inactive\r\n1.active',
  `status` int NOT NULL COMMENT '0.inactive\r\n1.active\r\n-1.deleted',
  `created_at` timestamp NOT NULL DEFAULT CURRENT_TIMESTAMP,
  `updated_at` timestamp NOT NULL DEFAULT CURRENT_TIMESTAMP ON UPDATE CURRENT_TIMESTAMP,
  PRIMARY KEY (`p_id`)
) ENGINE=MyISAM AUTO_INCREMENT=8 DEFAULT CHARSET=utf8mb4 COLLATE=utf8mb4_0900_ai_ci;

--
-- Dumping data for table `package`
--

INSERT INTO `package` (`p_id`, `p_name`, `p_price`, `no_of_staff`, `description`, `lead`, `task`, `reminder`, `indiamart_lead`, `website_lead`, `sms_integration`, `email_integration`, `customer`, `status`, `created_at`, `updated_at`) VALUES
(1, 'Basic', 365, 0, 'Basic', 1, 1, 1, 0, 0, 0, 0, 0, 0, '0000-00-00 00:00:00', '2022-09-13 07:55:51'),
(2, 'Silver', 1000, 2, 'Silver', 1, 1, 1, 0, 0, 0, 1, 1, 0, '0000-00-00 00:00:00', '0000-00-00 00:00:00'),
(3, 'Gold', 1500, 5, 'Gold', 1, 1, 1, 1, 0, 0, 1, 1, 0, '0000-00-00 00:00:00', '0000-00-00 00:00:00'),
(4, 'Platinum', 2000, 8, 'Platinum', 1, 1, 1, 1, 1, 0, 1, 1, 0, '0000-00-00 00:00:00', '0000-00-00 00:00:00'),
(5, 'Diamond', 2500, 10, 'Diamond', 1, 1, 1, 1, 1, 1, 1, 1, 0, '0000-00-00 00:00:00', '0000-00-00 00:00:00'),
(6, 'Staff', 365, 1, 'Staff', 0, 0, 0, 0, 0, 0, 0, 0, 0, '2022-09-10 04:59:24', '2022-09-14 04:18:54');

-- --------------------------------------------------------

--
-- Table structure for table `package_purchase`
--

DROP TABLE IF EXISTS `package_purchase`;
CREATE TABLE IF NOT EXISTS `package_purchase` (
  `p_p_id` int NOT NULL AUTO_INCREMENT,
  `p_id` int NOT NULL,
  `u_id` int NOT NULL,
  `start_date` varchar(50) NOT NULL,
  `exp_date` varchar(50) NOT NULL,
  `no_of_staff` int NOT NULL,
  `amount` int NOT NULL,
  `trial` int NOT NULL COMMENT '0-package\r\n1-trial',
  `status` int NOT NULL,
  `created_at` timestamp NOT NULL DEFAULT CURRENT_TIMESTAMP,
  `updated_at` timestamp NOT NULL DEFAULT CURRENT_TIMESTAMP ON UPDATE CURRENT_TIMESTAMP,
  PRIMARY KEY (`p_p_id`)
) ENGINE=MyISAM AUTO_INCREMENT=158 DEFAULT CHARSET=utf8mb4 COLLATE=utf8mb4_0900_ai_ci;

--
-- Dumping data for table `package_purchase`
--

INSERT INTO `package_purchase` (`p_p_id`, `p_id`, `u_id`, `start_date`, `exp_date`, `no_of_staff`, `amount`, `trial`, `status`, `created_at`, `updated_at`) VALUES
(1, 5, 2, '22-08-2022,04:13:09', '29-08-2022', 10, 2500, 0, 1, '0000-00-00 00:00:00', '2022-09-16 10:38:32'),
(73, 3, 36, '22-08-2022,04:13:09', '29-08-2022', 5, 1500, 1, 0, '0000-00-00 00:00:00', '2022-09-02 09:56:22'),
(72, 4, 35, '22-08-2022,04:12:32', '', 8, 2000, 1, 0, '0000-00-00 00:00:00', '0000-00-00 00:00:00'),
(71, 2, 34, '22 08 2022, 04:02:43', '', 2, 1000, 1, 0, '0000-00-00 00:00:00', '0000-00-00 00:00:00'),
(70, 3, 33, '22 08 2022, 04:02:10', '', 5, 1500, 1, 0, '0000-00-00 00:00:00', '0000-00-00 00:00:00'),
(69, 2, 32, '22 08 2022, 03:58:31', '', 2, 1000, 1, 0, '0000-00-00 00:00:00', '0000-00-00 00:00:00'),
(68, 4, 31, '22 08 2022, 03:58:30', '', 8, 2000, 1, 0, '0000-00-00 00:00:00', '0000-00-00 00:00:00'),
(67, 4, 30, '22 08 2022, 03:58:30', '', 8, 2000, 1, 0, '0000-00-00 00:00:00', '0000-00-00 00:00:00'),
(66, 2, 28, '22 08 2022, 03:58:30', '', 2, 1000, 1, 0, '0000-00-00 00:00:00', '0000-00-00 00:00:00'),
(65, 2, 29, '22 08 2022, 03:58:30', '', 2, 1000, 1, 0, '0000-00-00 00:00:00', '0000-00-00 00:00:00'),
(64, 2, 27, '22 08 2022, 03:58:30', '', 2, 1000, 1, 0, '0000-00-00 00:00:00', '0000-00-00 00:00:00'),
(63, 3, 26, '22 08 2022, 03:52:51', '22 08 2022', 5, 1500, 1, 0, '0000-00-00 00:00:00', '2022-09-02 09:56:29'),
(62, 2, 25, '22 08 2022, 03:52:10', '', 2, 1000, 1, 0, '0000-00-00 00:00:00', '0000-00-00 00:00:00'),
(61, 4, 24, '22 08 2022, 03:51:24', '', 8, 2000, 1, 0, '0000-00-00 00:00:00', '2022-08-30 06:30:52'),
(60, 2, 23, '', '', 2, 1000, 1, 0, '0000-00-00 00:00:00', '0000-00-00 00:00:00'),
(59, 2, 11, '', '', 2, 1000, 1, 0, '0000-00-00 00:00:00', '0000-00-00 00:00:00'),
(58, 4, 10, '', '', 8, 2000, 1, 0, '0000-00-00 00:00:00', '0000-00-00 00:00:00'),
(57, 3, 10, '', '', 5, 1500, 1, 0, '0000-00-00 00:00:00', '0000-00-00 00:00:00'),
(98, 1, 44, '05-09-2022,10:10:19', '12-09-2022,10:10:19', 0, 365, 1, 0, '2022-09-05 04:40:19', '2022-09-05 04:40:19'),
(74, 3, 36, '2022-08-30', '2023-08-30', 5, 1500, 0, 0, '2022-08-30 11:57:24', '2022-08-30 11:57:24'),
(75, 4, 36, '2022-08-30', '2023-08-30', 8, 2000, 0, 0, '2022-08-30 11:57:47', '2022-08-30 11:57:47'),
(76, 5, 33, '2022-08-31', '2023-08-31', 10, 2500, 0, 0, '2022-08-30 11:59:35', '2022-09-14 04:19:28'),
(77, 2, 32, '2022-08-30', '2023-08-30', 2, 1000, 0, 0, '2022-08-30 12:01:16', '2022-08-30 12:01:16'),
(78, 4, 36, '2022-08-30', '2023-08-30', 8, 2000, 0, 0, '2022-08-30 12:15:18', '2022-08-30 12:15:18'),
(79, 3, 32, '2022-08-30', '2023-08-30', 5, 1500, 0, 0, '2022-08-30 12:15:59', '2022-08-30 12:15:59'),
(80, 5, 36, '2022-08-30', '2023-08-30', 10, 2500, 0, 0, '2022-08-30 12:16:51', '2022-08-30 12:16:51'),
(81, 5, 23, '2022-08-30', '2023-08-30', 10, 2500, 0, 0, '2022-08-30 12:36:53', '2022-08-30 12:36:53'),
(82, 4, 11, '2022-08-30', '2023-08-30', 8, 2000, 0, 0, '2022-08-30 12:46:59', '2022-08-30 12:46:59'),
(83, 4, 23, '2022-08-30', '2023-08-30', 8, 2000, 0, 0, '2022-08-30 12:48:54', '2022-08-30 12:48:54'),
(84, 5, 23, '2022-08-30', '2023-08-30', 10, 2500, 0, 0, '2022-08-30 12:49:54', '2022-08-30 12:49:54'),
(85, 5, 11, '2022-08-30', '2023-08-30', 10, 2500, 0, 0, '2022-08-30 12:51:48', '2022-08-30 12:51:48'),
(86, 5, 2, '2022-08-31', '2023-08-31', 1, 365, 0, 0, '2022-08-31 04:04:17', '2022-09-14 04:19:20'),
(87, 3, 2, '2022-08-31', '2023-08-31', 5, 1500, 0, 0, '2022-08-31 04:04:46', '2022-08-31 04:04:46'),
(88, 4, 2, '2022-08-31', '2023-08-31', 8, 2000, 0, 0, '2022-08-31 04:06:36', '2022-08-31 04:06:36'),
(89, 5, 2, '2022-08-31', '2023-08-31', 10, 500, 0, 0, '2022-08-31 04:27:24', '2022-08-31 04:27:24'),
(90, 5, 10, '2022-08-31', '2023-08-31', 10, 500, 0, 0, '2022-08-31 04:28:23', '2022-08-31 04:28:23'),
(91, 4, 2, '2022-08-31', '2023-08-31', 8, 2000, 0, 0, '2022-08-31 04:43:59', '2022-08-31 04:43:59'),
(92, 2, 11, '2022-08-31', '2023-08-31', 2, 1000, 0, 0, '2022-08-31 04:44:09', '2022-08-31 04:44:09'),
(93, 2, 2, '2022-08-31', '2023-08-31', 2, 1000, 0, 0, '2022-08-31 04:48:43', '2022-08-31 04:48:43'),
(94, 3, 2, '2022-08-31', '2023-08-31', 5, 1500, 0, 0, '2022-08-31 09:50:31', '2022-08-31 09:50:31'),
(95, 2, 2, '2022-08-31', '2023-08-31', 2, 1000, 0, 0, '2022-08-31 09:51:17', '2022-08-31 09:51:17'),
(96, 3, 2, '2022-08-31', '2023-08-31', 5, 1500, 0, 0, '2022-08-31 10:00:11', '2022-08-31 10:00:11'),
(97, 5, 2, '2022-08-31', '2023-08-31', 10, 2500, 0, 0, '2022-08-31 10:00:41', '2022-09-16 09:40:31'),
(101, 2, 55, '07-09-2022', '14-09-2022', 2, 1000, 1, 0, '2022-09-07 05:58:41', '2022-09-07 05:58:41'),
(100, 2, 54, '07-09-2022', '14-09-2022', 2, 1000, 1, 0, '2022-09-07 05:53:09', '2022-09-07 05:56:34'),
(104, 2, 61, '09-09-2022', '16-09-2022', 2, 1000, 1, 0, '2022-09-09 10:49:02', '2022-09-09 10:49:03'),
(103, 2, 58, '09-09-2022', '10-09-2022', 2, 1000, 1, 0, '2022-09-09 06:23:33', '2022-09-10 09:36:23'),
(105, 2, 62, '10-09-2022', '17-09-2022', 2, 1000, 1, 0, '2022-09-10 05:36:04', '2022-09-10 05:36:04'),
(106, 1, 63, '10-09-2022', '17-09-2022', 0, 365, 1, 0, '2022-09-10 05:37:30', '2022-09-10 05:37:30'),
(107, 2, 64, '10-09-2022', '17-09-2022', 2, 1000, 1, 0, '2022-09-10 05:38:37', '2022-09-10 05:38:37'),
(108, 5, 54, '2022-09-10', '2023-09-10', 10, 2500, 0, 0, '2022-09-10 06:11:43', '2022-09-10 06:11:43'),
(109, 2, 67, '10-09-2022', '17-09-2022', 2, 1000, 1, 0, '2022-09-10 06:13:38', '2022-09-10 06:13:38'),
(110, 5, 67, '2022-09-10', '2023-09-10', 10, 2500, 0, 0, '2022-09-10 06:29:16', '2022-09-10 06:29:16'),
(112, 2, 67, '10-09-2022', '10-09-2023', 2, 1000, 0, 0, '2022-09-10 09:53:36', '2022-09-10 09:53:36'),
(114, 6, 67, '16-09-2022', '16-09-2023', 3, 1095, 0, 0, '2022-09-16 08:54:20', '2022-09-16 08:54:20'),
(115, 6, 67, '16-09-2022', '16-09-2023', 1, 365, 0, 0, '2022-09-16 08:55:59', '2022-09-16 08:55:59'),
(116, 6, 2, '16-09-2022', '16-09-2023', 2, 730, 0, 0, '2022-09-16 09:41:06', '2022-09-16 09:41:06'),
(117, 6, 2, '16-09-2022', '16-09-2023', 2, 730, 0, 0, '2022-09-16 09:42:04', '2022-09-16 09:42:04'),
(118, 5, 2, '16-09-2022', '16-09-2023', 10, 2500, 0, 0, '2022-09-16 09:43:58', '2022-09-16 09:43:58'),
(119, 5, 2, '16-09-2022', '16-09-2023', 10, 2500, 0, 0, '2022-09-16 09:44:06', '2022-09-16 09:44:06'),
(120, 5, 2, '16-09-2022', '16-09-2023', 10, 2500, 0, 0, '2022-09-16 09:44:29', '2022-09-16 09:44:29'),
(121, 6, 67, '16-09-2022', '16-09-2023', 2, 365, 0, 0, '2022-09-16 09:45:20', '2022-09-16 09:45:20'),
(122, 5, 2, '16-09-2022', '16-09-2023', 10, 2500, 0, 0, '2022-09-16 09:46:54', '2022-09-16 09:46:54'),
(123, 6, 67, '16-09-2022', '16-09-2023', 2, 365, 0, 0, '2022-09-16 09:46:54', '2022-09-16 09:46:54'),
(124, 6, 2, '16-09-2022', '16-09-2023', 2, 365, 0, 0, '2022-09-16 09:47:05', '2022-09-16 09:47:05'),
(125, 6, 2, '16-09-2022', '16-09-2023', 2, 365, 0, 0, '2022-09-16 09:47:48', '2022-09-16 09:47:48'),
(126, 4, 2, '16-09-2022', '16-09-2023', 8, 2000, 0, 0, '2022-09-16 09:48:13', '2022-09-16 09:48:13'),
(127, 4, 2, '16-09-2022', '16-09-2023', 8, 2000, 0, 0, '2022-09-16 09:48:44', '2022-09-16 09:48:44'),
(128, 5, 2, '16-09-2022', '16-09-2023', 0, 2500, 0, 0, '2022-09-16 09:48:59', '2022-09-16 10:03:15'),
(129, 6, 2, '16-09-2022', '16-09-2023', 3, 1000, 0, 0, '2022-09-16 09:49:35', '2022-09-16 09:49:35'),
(130, 6, 2, '16-09-2022', '16-09-2023', 7, 3650, 0, 0, '2022-09-16 09:58:05', '2022-09-16 09:58:05'),
(131, 6, 2, '16-09-2022', '16-09-2023', 3, 1000, 0, 0, '2022-09-16 10:03:15', '2022-09-16 10:03:15'),
(132, 6, 2, '16-09-2022', '16-09-2023', 2, 365, 0, 0, '2022-09-16 10:04:49', '2022-09-16 10:04:49'),
(133, 6, 2, '16-09-2022', '16-09-2023', 2, 365, 0, 0, '2022-09-16 10:07:08', '2022-09-16 10:07:08'),
(134, 4, 2, '16-09-2022', '16-09-2023', 8, 2000, 0, 0, '2022-09-16 10:07:38', '2022-09-16 10:07:38'),
(135, 6, 2, '16-09-2022', '16-09-2023', 3, 365, 0, 0, '2022-09-16 10:08:01', '2022-09-16 10:08:01'),
(136, 6, 2, '16-09-2022', '16-09-2023', 1, 365, 0, 0, '2022-09-16 10:09:09', '2022-09-16 10:09:09'),
(137, 6, 2, '16-09-2022', '16-09-2023', 3, 365, 0, 0, '2022-09-16 10:10:17', '2022-09-16 10:10:17'),
(138, 6, 2, '16-09-2022', '16-09-2023', 3, 365, 0, 0, '2022-09-16 10:10:46', '2022-09-16 10:10:46'),
(139, 6, 2, '16-09-2022', '16-09-2023', 1, 365, 0, 0, '2022-09-16 10:11:08', '2022-09-16 10:11:08'),
(140, 2, 2, '16-09-2022', '16-09-2023', 8, 1000, 0, 0, '2022-09-16 10:12:13', '2022-09-16 10:19:37'),
(141, 6, 2, '16-09-2022', '16-09-2023', 5, 1500, 0, 0, '2022-09-16 10:16:01', '2022-09-16 10:16:01'),
(142, 6, 2, '16-09-2022', '16-09-2023', 2, 730, 0, 0, '2022-09-16 10:17:24', '2022-09-16 10:17:24'),
(143, 6, 2, '16-09-2022', '16-09-2023', 1, 365, 0, 0, '2022-09-16 10:19:37', '2022-09-16 10:19:37'),
(144, 5, 2, '12-09-2022', '15-09-2022', 16, 2500, 0, 0, '2022-09-16 10:20:02', '2022-09-16 10:39:37'),
(145, 6, 2, '16-09-2022', '16-09-2023', 5, 1500, 0, 0, '2022-09-16 10:20:22', '2022-09-16 10:20:22'),
(146, 6, 2, '16-09-2022', '16-09-2023', 1, 365, 0, 0, '2022-09-16 10:20:59', '2022-09-16 10:20:59'),
(157, 5, 2, '16-09-2022', '16-09-2023', 13, 2500, 0, 0, '2022-09-16 10:41:56', '2022-09-16 11:54:12'),
(148, 6, 2, '16-09-2022', '16-09-2023', 1, 365, 0, 0, '2022-09-16 10:53:36', '2022-09-16 10:53:36'),
(149, 3, 67, '16-09-2022', '16-09-2023', 5, 1500, 0, 0, '2022-09-16 11:00:11', '2022-09-16 11:00:11'),
(150, 6, 2, '16-09-2022', '16-09-2023', 2, 720, 0, 0, '2022-09-16 11:08:40', '2022-09-16 11:08:40');

-- --------------------------------------------------------

--
-- Table structure for table `reminder`
--

DROP TABLE IF EXISTS `reminder`;
CREATE TABLE IF NOT EXISTS `reminder` (
  `r_id` int NOT NULL AUTO_INCREMENT,
  `message` text NOT NULL,
  `type` int NOT NULL DEFAULT '0' COMMENT '0-once (Default)\r\n1-Daily\r\n2-Weekly\r\n3-Monthly\r\n4-Yearly',
  `repeat_date` varchar(50) NOT NULL,
  `created_by` int NOT NULL,
  `assign_to` int NOT NULL,
  `status` int NOT NULL,
  `customer_id` int NOT NULL,
  `rem_type` int NOT NULL DEFAULT '0' COMMENT '0-reminder,1-lead-reminder',
  `week_s_date` varchar(50) DEFAULT NULL,
  `created_at` timestamp NOT NULL DEFAULT CURRENT_TIMESTAMP,
  `updated_at` timestamp NOT NULL DEFAULT CURRENT_TIMESTAMP ON UPDATE CURRENT_TIMESTAMP,
  PRIMARY KEY (`r_id`)
) ENGINE=MyISAM AUTO_INCREMENT=143 DEFAULT CHARSET=utf8mb4 COLLATE=utf8mb4_0900_ai_ci;

--
-- Dumping data for table `reminder`
--

INSERT INTO `reminder` (`r_id`, `message`, `type`, `repeat_date`, `created_by`, `assign_to`, `status`, `customer_id`, `rem_type`, `week_s_date`, `created_at`, `updated_at`) VALUES
(82, 'fgfg', 0, '10-09-2022', 58, 59, 0, 296, 0, '', '2022-09-10 05:13:49', '2022-09-10 09:28:07'),
(83, 'helloo', 2, '1', 2, 6, 0, 0, 0, '19-09-2022', '2022-09-10 05:25:52', '2022-09-19 05:25:20'),
(59, '67', 2, '6', 2, 2, 0, 0, 0, '01-10-2022', '2022-09-09 10:41:22', '2022-09-15 05:54:36'),
(119, 'asas', 0, '10-09-2022', 2, 2, 0, 268, 0, '', '2022-09-10 11:42:30', '2022-09-10 12:04:50'),
(118, 'call him for reminder', 1, '10-09-2022', 67, 67, 0, 315, 1, '', '2022-09-10 10:53:59', '2022-09-10 10:53:59'),
(88, 'qqqq', 0, '10-09-2022', 58, 58, 0, 0, 0, '', '2022-09-10 08:39:40', '2022-09-10 08:39:40'),
(89, 'qqqq', 0, '10-09-2022', 58, 58, 0, 0, 0, '', '2022-09-10 08:39:43', '2022-09-10 08:39:43'),
(90, 'qqqq', 0, '10-09-2022', 58, 58, 0, 0, 0, '', '2022-09-10 08:39:43', '2022-09-10 08:39:43'),
(91, 'qqqq', 0, '10-09-2022', 58, 58, 0, 0, 0, '', '2022-09-10 08:39:44', '2022-09-10 08:39:44'),
(116, 'aaaa', 0, '2022-09-16', 2, 2, 0, 0, 0, '', '2022-09-10 09:26:19', '2022-09-15 05:34:09'),
(100, 'hello', 0, '10-09-2022', 58, 58, 0, 0, 0, '', '2022-09-10 08:46:24', '2022-09-10 08:46:24'),
(101, 'hello', 0, '10-09-2022', 58, 58, 0, 0, 0, '', '2022-09-10 08:46:27', '2022-09-10 08:46:27'),
(81, 'weew', 1, '10-09-2022', 58, 58, 0, 0, 0, '', '2022-09-10 05:13:33', '2022-09-10 05:13:33'),
(117, 'undefined', 0, 'undefined', 58, 0, 0, 297, 0, '', '2022-09-10 09:58:00', '2022-09-10 09:58:00'),
(79, 'week', 2, '5', 2, 2, 0, 0, 0, '23-09-2022', '2022-09-10 04:26:58', '2022-09-15 05:54:12'),
(77, 'reminder for tomorrow...', 0, '10-09-2022', 58, 58, 0, 0, 0, '', '2022-09-09 11:12:36', '2022-09-09 11:12:36'),
(78, 'daily reminder for gopal', 1, '2022-09-11', 58, 59, 0, 0, 0, '', '2022-09-09 11:12:55', '2022-09-10 04:14:57'),
(120, 'undefined', 0, '10-09-2022', 2, 2, 0, 269, 0, '', '2022-09-10 12:09:39', '2022-09-10 12:09:39'),
(121, 'swsssshhh', 3, '23-09-2022', 2, 2, 0, 271, 0, '', '2022-09-10 12:21:38', '2022-09-16 05:05:39'),
(122, 'aaaaa', 3, '20-09-2022', 2, 4, 0, 0, 0, '', '2022-09-12 05:02:42', '2022-09-15 11:42:27'),
(123, 'hhhh', 0, '16-09-2022', 2, 2, 0, 0, 0, '', '2022-09-12 05:19:14', '2022-09-15 05:55:46'),
(124, 'asxdsaadass', 0, '2022-09-16', 2, 2, 0, 218, 1, '', '2022-09-13 05:55:26', '2022-09-15 05:33:43'),
(125, 'hhhjh', 2, '4', 2, 2, 0, 0, 0, '29-09-2022', '2022-09-13 11:31:39', '2022-09-15 11:42:43'),
(127, 'aaa', 1, '04-10-2022', 2, 2, 0, 0, 0, '', '2022-09-15 05:54:58', '2022-09-17 08:52:03'),
(128, 'sdSDD', 3, '15-09-2022', 2, 2, 0, 0, 0, '', '2022-09-15 11:22:13', '2022-09-15 11:22:13'),
(129, 'hhh', 2, '2', 2, 2, 0, 347, 0, '20-09-2022', '2022-09-16 05:06:00', '2022-09-16 05:06:00'),
(130, 'dewfdfge hg ghjtyt gnjhkdj jhdghjteit ius\'gjfshg9s8 fgdphgfduigf fjgfxmldfghufdsg  gfdgofdh', 2, '5', 54, 54, 0, 0, 0, '16-09-2022', '2022-09-16 08:33:22', '2022-09-16 08:33:22'),
(131, 'hbbri hisfh eihgifhgeu hiegheoj jgoehjejgdfjgldfj godjgdgjfetioepwrtjwjs jhgoiudyiudgjl lgdmgohieejre', 3, '09-09-2022', 54, 65, 0, 0, 0, '', '2022-09-16 08:33:40', '2022-09-16 08:33:40'),
(132, 'jhgvjdjghifhn jkghjjddfg hgdhdjdj hjjoohbdgx', 1, '16-09-2022', 54, 54, 0, 438, 0, '', '2022-09-16 08:40:58', '2022-09-16 08:40:58'),
(133, 'ldfttf kdghfsdfhihszi iuwtyfiudh', 0, '16-09-2022', 54, 54, 0, 437, 1, '', '2022-09-16 08:41:25', '2022-09-16 08:41:25'),
(134, 'ttryrt ytryt yth', 0, '16-09-2022', 54, 54, 0, 439, 0, '', '2022-09-16 08:49:55', '2022-09-16 08:49:55'),
(135, 'yhfhujf hyrfhujhtyhjuhy', 1, '16-09-2022', 54, 54, 0, 440, 0, '', '2022-09-16 08:50:09', '2022-09-16 08:50:09'),
(142, 'dfssdrfrs', 3, '22-09-2022', 54, 54, 0, 442, 0, '', '2022-09-17 10:43:58', '2022-09-17 10:43:58');

-- --------------------------------------------------------

--
-- Table structure for table `tasks`
--

DROP TABLE IF EXISTS `tasks`;
CREATE TABLE IF NOT EXISTS `tasks` (
  `t_id` int NOT NULL AUTO_INCREMENT,
  `title` varchar(200) NOT NULL,
  `description` text NOT NULL,
  `priority` int NOT NULL COMMENT '1-Low,2-Medium,3-High,4-Urgent',
  `type` int NOT NULL COMMENT '0-once (Default)\r\n1-Daily\r\n2-Weekly\r\n3-Monthly\r\n4-Yearly',
  `start_date` varchar(50) CHARACTER SET utf8mb4 COLLATE utf8mb4_0900_ai_ci DEFAULT NULL,
  `end_date` varchar(50) CHARACTER SET utf8mb4 COLLATE utf8mb4_0900_ai_ci DEFAULT NULL,
  `created_by` int NOT NULL,
  `assign_to` int NOT NULL,
  `status_id` int NOT NULL,
  `created_at` timestamp NOT NULL DEFAULT CURRENT_TIMESTAMP,
  `updated_at` timestamp NOT NULL DEFAULT CURRENT_TIMESTAMP ON UPDATE CURRENT_TIMESTAMP,
  `r_date` varchar(50) DEFAULT NULL,
  `r_type` int NOT NULL DEFAULT '0',
  PRIMARY KEY (`t_id`)
) ENGINE=MyISAM AUTO_INCREMENT=320 DEFAULT CHARSET=utf8mb4 COLLATE=utf8mb4_0900_ai_ci;

--
-- Dumping data for table `tasks`
--

INSERT INTO `tasks` (`t_id`, `title`, `description`, `priority`, `type`, `start_date`, `end_date`, `created_by`, `assign_to`, `status_id`, `created_at`, `updated_at`, `r_date`, `r_type`) VALUES
(234, 'asas', 'sas', 3, 1, '', '', 2, 3, 10, '2022-08-25 04:24:30', '2022-09-17 11:52:06', '25-08-2022', 1),
(283, 'call for order', 'sadsad', 2, 0, '09-09-2022', '09-09-2023', 58, 58, 9, '2022-09-09 09:45:35', '2022-09-09 12:33:59', '10-09-2022', 1),
(293, 'asas', 'sas', 3, 1, '', '', 2, 3, 10, '2022-08-25 04:24:30', '2022-09-17 11:52:31', '25-08-2022', 1),
(151, 'Go to school', 'for updates regarding', 3, 2, 'undefined', 'undefined', 0, 5, 12, '2022-08-20 11:53:07', '2022-08-20 11:53:07', '3', 1),
(132, 'new', 'new des', 2, 2, 'undefined', 'undefined', 0, 5, 78, '2022-08-15 08:59:04', '2022-08-15 08:59:04', '4', 1),
(133, 'nnnnnaaa', 'undefined', 0, 0, 'undefined', 'undefined', 0, 0, 0, '2022-08-15 08:59:17', '2022-08-15 08:59:17', 'undefined', 0),
(152, 'updated', 'fsfff', 2, 2, 'undefined', 'undefined', 0, 5, 11, '2022-08-20 11:53:39', '2022-08-20 11:53:39', '4', 1),
(153, 'updated', 'fsfff', 2, 2, 'undefined', 'undefined', 0, 5, 11, '2022-08-20 11:53:58', '2022-08-20 11:53:58', '4', 1),
(237, 'notification check new', 'ZZxcxc new', 3, 1, 'undefined', 'undefined', 2, 3, 13, '2022-08-26 05:19:54', '2022-09-17 11:52:14', '4', 1),
(154, 'fsfsdsdf updated', 'fsfff', 2, 2, 'undefined', 'undefined', 0, 5, 11, '2022-08-20 11:54:17', '2022-08-20 11:54:17', '4', 1),
(155, 'fsfsdsdf_new', 'fsfff', 2, 2, 'undefined', 'undefined', 0, 5, 10, '2022-08-20 12:05:08', '2022-08-20 12:05:08', '4', 1),
(156, 'fsfsdsdf....', 'fsfff', 2, 2, 'undefined', 'undefined', 0, 5, 10, '2022-08-20 12:06:03', '2022-08-20 12:06:03', '4', 1),
(238, 'notification check 2', 'asas', 1, 1, 'undefined', 'undefined', 2, 3, 10, '2022-08-26 05:24:06', '2022-09-17 11:52:16', '27-08-2022', 1),
(239, 'sasasa', 'new', 2, 1, '27-08-2022', '28-08-2022', 2, 3, 10, '2022-08-26 05:25:15', '2022-09-17 11:52:17', '', 0),
(296, 'new', 'new des', 2, 2, 'undefined', 'undefined', 0, 5, 78, '2022-08-15 08:59:04', '2022-08-15 08:59:04', '4', 1),
(242, 'Year ', 'asas', 1, 1, '', '', 2, 3, 10, '2022-08-31 05:27:05', '2022-09-17 11:52:20', '25-08-2022', 1),
(244, 'task check1', 'asas', 1, 1, '', '', 2, 3, 13, '2022-08-31 05:41:19', '2022-09-17 11:52:19', '31-08-2022', 1),
(289, 'ttt', 'undefined', 1, 0, '10-09-2022', '10-09-2023', 58, 58, 12, '2022-09-10 08:50:03', '2022-09-10 08:50:03', '10-09-2022', 0),
(290, 'ghgf', 'ggg', 1, 1, '13-09-2022', '13-09-2023', 2, 3, 12, '2022-09-13 04:09:53', '2022-09-17 11:52:28', '13-09-2022', 0),
(291, 'test', 'fghbf', 1, 1, '13-09-2022', '13-09-2023', 2, 3, 12, '2022-09-13 10:25:48', '2022-09-17 11:52:30', '2', 1),
(294, 'call for order', 'sadsad', 2, 0, '09-09-2022', '09-09-2023', 58, 58, 9, '2022-09-09 09:45:35', '2022-09-09 12:33:59', '10-09-2022', 1),
(295, 'Go to school', 'for updates regarding', 3, 2, 'undefined', 'undefined', 0, 5, 12, '2022-08-20 11:53:07', '2022-08-20 11:53:07', '3', 1),
(288, 'demo', 'hello', 2, 1, '02-09-2022', '10-09-2023', 2, 3, 12, '2022-09-10 05:25:10', '2022-09-17 11:52:26', '10-09-2022', 0),
(287, 'qwqw', 'undefined', 3, 0, '', '', 58, 58, 10, '2022-09-10 05:12:16', '2022-09-10 10:06:52', '', 0),
(319, 'demo fmssh', 'yuhhuhtuh', 4, 0, '', '', 54, 65, 11, '2022-09-17 06:04:04', '2022-09-19 08:34:50', '17-09-2022', 1),
(282, '', '', 0, 0, '', '', 0, 0, 0, '2022-09-06 07:50:40', '2022-09-06 07:50:40', '', 0),
(284, 'demo task', 'ghdfg', 4, 1, '10-09-2022', '11-09-2023', 2, 3, 11, '2022-09-10 04:34:53', '2022-09-17 11:52:23', '10-09-2022', 0),
(285, 'sxdasd', 'tfght', 1, 1, '10-09-2022', '11-09-2022', 2, 3, 11, '2022-09-10 04:36:27', '2022-09-17 11:52:25', '', 0),
(286, 'Task', 'qwewqewe', 2, 0, '10-09-2022', '10-09-2023', 58, 59, 43, '2022-09-10 05:12:05', '2022-09-10 05:13:04', '10-09-2022', 0),
(297, 'nnnnnaaa', 'undefined', 0, 0, 'undefined', 'undefined', 0, 0, 0, '2022-08-15 08:59:17', '2022-08-15 08:59:17', 'undefined', 0),
(298, 'updated', 'fsfff', 2, 2, 'undefined', 'undefined', 0, 5, 11, '2022-08-20 11:53:39', '2022-08-20 11:53:39', '4', 1),
(299, 'updated', 'fsfff', 2, 2, 'undefined', 'undefined', 0, 5, 11, '2022-08-20 11:53:58', '2022-08-20 11:53:58', '4', 1),
(300, 'notification check new', 'ZZxcxc new', 3, 2, 'undefined', 'undefined', 2, 5, 13, '2022-08-26 05:19:54', '2022-09-10 11:32:06', '4', 1),
(302, 'fsfsdsdf_new', 'fsfff', 2, 2, 'undefined', 'undefined', 0, 5, 10, '2022-08-20 12:05:08', '2022-08-20 12:05:08', '4', 1),
(301, 'fsfsdsdf updated', 'fsfff', 2, 2, 'undefined', 'undefined', 0, 5, 11, '2022-08-20 11:54:17', '2022-08-20 11:54:17', '4', 1),
(303, 'fsfsdsdf....', 'fsfff', 2, 2, 'undefined', 'undefined', 0, 5, 10, '2022-08-20 12:06:03', '2022-08-20 12:06:03', '4', 1),
(304, 'notification check 2qwqwqwqwqwqwqwqw', 'asas', 4, 0, 'undefined', 'undefined', 2, 2, 10, '2022-08-26 05:24:06', '2022-09-14 11:39:35', '27-08-2022', 1),
(305, 'sasasa', 'new', 2, 0, '27-08-2022', '28-08-2022', 2, 4, 11, '2022-08-26 05:25:15', '2022-09-14 08:19:25', '', 0),
(306, 'Year ', 'asas', 1, 4, '', '', 2, 4, 11, '2022-08-31 05:27:05', '2022-09-13 05:55:00', '25-08-2022', 1),
(307, 'task check1', 'asas', 1, 4, '', '', 2, 0, 13, '2022-08-31 05:41:19', '2022-09-10 11:32:09', '31-08-2022', 1),
(308, 'ttt', 'undefined', 1, 0, '10-09-2022', '10-09-2023', 58, 58, 12, '2022-09-10 08:50:03', '2022-09-10 08:50:03', '10-09-2022', 0),
(309, 'ghgf', '', 1, 0, '13-09-2022', '13-09-2023', 2, 4, 12, '2022-09-13 04:09:53', '2022-09-13 10:56:54', '13-09-2022', 0),
(310, 'test', 'fghbf', 1, 2, '13-09-2022', '13-09-2023', 2, 2, 12, '2022-09-13 10:25:48', '2022-09-13 10:25:48', '2', 1),
(311, 'demo', 'hello', 2, 0, '02-09-2022', '10-09-2023', 2, 52, 11, '2022-09-10 05:25:10', '2022-09-16 05:02:52', '10-09-2022', 0),
(312, 'qwqw', 'undefined', 3, 0, '', '', 58, 58, 10, '2022-09-10 05:12:16', '2022-09-10 10:06:52', '', 0),
(313, '', '', 0, 0, '', '', 0, 0, 0, '2022-09-06 07:50:40', '2022-09-06 07:50:40', '', 0),
(314, 'demo task', 'ghdfg', 4, 0, '10-09-2022', '11-09-2023', 2, 6, 11, '2022-09-10 04:34:53', '2022-09-14 11:40:35', '10-09-2022', 0),
(315, 'sxdasd', 'tfght', 1, 0, '10-09-2022', '11-09-2022', 2, 2, 11, '2022-09-10 04:36:27', '2022-09-14 11:40:39', '', 0),
(316, 'Task', 'qwewqewe', 2, 0, '10-09-2022', '10-09-2023', 58, 59, 43, '2022-09-10 05:12:05', '2022-09-10 05:13:04', '10-09-2022', 0),
(317, 'dsafgrsdgfd fdfrfw frfrefre fnfgbfhg hy9spfs hhhsfg9yh  fkhfehgdffdk bfhighbbk hfsiyftgysfg hfgugtytol bgfsifs0g', 'erqwrtewrewfrwfrw rfrgrgtrs frffrfrwr', 3, 2, '16-09-2022', '16-09-2023', 54, 54, 10, '2022-09-16 08:32:31', '2022-09-17 04:50:55', '16-09-2022', 1),
(318, 'dsafgrsdgfd fdfrfw frfrefre fnfgbfhg hy9spfs hhhsfg9yh  fkhfehgdffdk bfhighbbk hfsiyftgysfg hfgugtytol bgfsifs0g', 'erqwrtewrewfrwfrw rfrgrgtrs frffrfrwr', 3, 0, '16-09-2022', '16-09-2023', 54, 65, 13, '2022-09-16 08:32:42', '2022-09-19 08:34:36', '16-09-2022', 1);

-- --------------------------------------------------------

--
-- Table structure for table `task_attachment`
--

DROP TABLE IF EXISTS `task_attachment`;
CREATE TABLE IF NOT EXISTS `task_attachment` (
  `t_a_id` int NOT NULL AUTO_INCREMENT,
  `t_id` int NOT NULL,
  `url` varchar(200) NOT NULL,
  PRIMARY KEY (`t_a_id`)
) ENGINE=MyISAM AUTO_INCREMENT=133 DEFAULT CHARSET=utf8mb4 COLLATE=utf8mb4_0900_ai_ci;

--
-- Dumping data for table `task_attachment`
--

INSERT INTO `task_attachment` (`t_a_id`, `t_id`, `url`) VALUES
(2, 122, 'liveleads.txt'),
(3, 122, 'livetask.txt'),
(4, 122, 'logo sample.jpg'),
(5, 124, 'logo sample1.jpg'),
(27, 111, 'livecronjob.txt'),
(18, 113, 'logo sample1.jpg'),
(9, 112, 'logo sample1.jpg'),
(10, 125, 'liveleads.txt'),
(11, 125, 'livetask.txt'),
(12, 113, 'livetask.txt'),
(21, 126, 'liveleads.txt'),
(22, 126, 'livetask.txt'),
(23, 126, 'logo sample1.jpg'),
(29, 111, 'livetask.txt'),
(25, 128, 'cardviewtimeline.txt'),
(28, 111, 'liveleads.txt'),
(30, 111, 'logo sample1.jpg'),
(36, 0, 'liveleads.txt'),
(32, 129, 'sub as on 08-08-22.txt'),
(33, 130, 'logo sample1.jpg'),
(34, 0, 'livetask.txt'),
(35, 0, 'logo sample1.jpg'),
(37, 132, 'livetask.txt'),
(117, 195, 'logo sample1.jpg'),
(39, 134, 'liveleads.txt'),
(40, 139, 'liveleads.txt'),
(41, 140, 'logo sample1.jpg'),
(42, 142, 'logo sample1.jpg'),
(43, 143, 'livetask.txt'),
(118, 199, 'liveleads.txt'),
(46, 145, 'logo sample1.jpg'),
(47, 146, 'livetask.txt'),
(48, 146, 'logo sample1.jpg'),
(49, 147, 'livetask.txt'),
(50, 147, 'logo sample1.jpg'),
(51, 148, 'livetask.txt'),
(116, 194, 'logo sample1.jpg'),
(101, 161, 'livetask.txt'),
(102, 161, 'logo sample1.jpg'),
(103, 163, 'livetask.txt'),
(104, 163, 'logo sample1.jpg'),
(105, 165, 'logo sample1.jpg'),
(106, 168, 'logo sample1.jpg'),
(107, 171, 'livetask.txt'),
(108, 171, 'logo sample1.jpg'),
(109, 173, 'logo sample1.jpg'),
(110, 177, 'logo sample1.jpg'),
(111, 178, 'logo sample1.jpg'),
(112, 186, 'logo sample1.jpg'),
(115, 190, 'logo sample1.jpg'),
(114, 189, 'liveleads.txt'),
(89, 159, 'GreetingList (3).csv'),
(90, 159, 'GreetingList (2).csv'),
(113, 188, 'download (3).png'),
(119, 199, 'livetask.txt'),
(120, 199, 'logo sample1.jpg'),
(124, 239, 'logo sample1.jpg'),
(123, 239, 'livetask.txt'),
(125, 271, 'logo sample1.jpg'),
(132, 292, 'download.png'),
(129, 286, 'logo sample1.jpg'),
(128, 285, 'LeadData (3).csv');

-- --------------------------------------------------------

--
-- Table structure for table `task_comment`
--

DROP TABLE IF EXISTS `task_comment`;
CREATE TABLE IF NOT EXISTS `task_comment` (
  `t_c_id` int NOT NULL AUTO_INCREMENT,
  `t_id` int NOT NULL,
  `u_id` int NOT NULL,
  `comment` text CHARACTER SET utf8mb4 COLLATE utf8mb4_0900_ai_ci NOT NULL,
  `created_at` timestamp NOT NULL DEFAULT CURRENT_TIMESTAMP,
  `updated_at` timestamp NOT NULL DEFAULT CURRENT_TIMESTAMP ON UPDATE CURRENT_TIMESTAMP,
  PRIMARY KEY (`t_c_id`)
) ENGINE=MyISAM AUTO_INCREMENT=94 DEFAULT CHARSET=utf8mb4 COLLATE=utf8mb4_0900_ai_ci;

--
-- Dumping data for table `task_comment`
--

INSERT INTO `task_comment` (`t_c_id`, `t_id`, `u_id`, `comment`, `created_at`, `updated_at`) VALUES
(46, 158, 2, '<p>vvxcvcxvcxv</p>\n', '2022-08-23 08:04:26', '2022-08-23 08:04:26'),
(45, 158, 2, '<p>sdfsfsdfsd</p>\n', '2022-08-23 08:03:51', '2022-08-23 08:03:51'),
(44, 158, 2, '<p>dsffdfdsfdsdsf</p>\n', '2022-08-23 08:03:16', '2022-08-23 08:03:16'),
(43, 158, 2, '<p>sdfsfdsfsdfsdf</p>\n', '2022-08-23 08:03:02', '2022-08-23 08:03:02'),
(42, 158, 2, '<p>dsdfsdfsdsdfsdfsd</p>\n', '2022-08-23 08:02:54', '2022-08-23 08:02:54'),
(41, 158, 2, '<p>another comment. . .&nbsp;</p>\n', '2022-08-23 07:58:59', '2022-08-23 07:58:59'),
(40, 158, 2, '<p>HI comment added...</p>\n', '2022-08-23 07:49:24', '2022-08-23 07:49:24'),
(39, 159, 3, '<p>fdgdfg</p>\n', '2022-08-23 05:04:43', '2022-08-23 05:04:43'),
(38, 158, 3, '<p>aasa</p>\n', '2022-08-23 04:25:15', '2022-08-23 04:25:15'),
(37, 131, 3, '<p>staff comment 1</p>\n', '2022-08-23 04:21:18', '2022-08-23 04:21:18'),
(36, 144, 2, '<p>vdcvxcvcxvcvc</p>\n', '2022-08-20 12:14:27', '2022-08-20 12:14:27'),
(35, 150, 2, '<p>dsfsdfdsf</p>\n', '2022-08-20 12:14:14', '2022-08-20 12:14:14'),
(34, 144, 2, '<p>cxcxcxc</p>\n', '2022-08-20 11:16:51', '2022-08-20 11:16:51'),
(33, 131, 2, '<p>asdassadassad</p>\n', '2022-08-20 11:16:41', '2022-08-20 11:16:41'),
(32, 148, 2, '<p>bhgvh<strong>hghhghghgvh</strong><strong><em>hghghghgh</em></strong><strong><em><ins>hghghghgh</ins></em></strong></p>\n', '2022-08-20 08:31:54', '2022-08-20 08:31:54'),
(30, 148, 2, '<p>this is another comment...</p>\n', '2022-08-20 08:08:27', '2022-08-20 08:08:27'),
(31, 148, 6, '<p>hi</p>\n', '2022-08-20 08:09:03', '2022-08-20 08:09:03'),
(47, 144, 2, '<p>new task added.</p>\n', '2022-08-23 08:25:18', '2022-08-23 08:25:18'),
(48, 159, 2, '<p>Hi!!!!!!!!!!!</p>\n', '2022-08-23 08:26:01', '2022-08-23 08:26:01'),
(49, 159, 3, '<p>boloooo</p>\n', '2022-08-23 08:26:26', '2022-08-23 08:26:26'),
(50, 159, 3, '<p>sas</p>\n', '2022-08-23 08:26:40', '2022-08-23 08:26:40'),
(51, 159, 2, '<p>is ok???</p>\n', '2022-08-23 08:26:41', '2022-08-23 08:26:41'),
(52, 144, 2, '<p>asdsadsdsads</p>\n', '2022-08-23 09:26:20', '2022-08-23 09:26:20'),
(53, 142, 2, '<p>dsgdssdggf</p>\n', '2022-08-23 09:56:57', '2022-08-23 09:56:57'),
(54, 144, 0, '<p>sssssss</p>\n', '2022-08-23 10:55:07', '2022-08-23 10:55:07'),
(55, 131, 2, '<p>vdvdvvvxccxvcx</p>\n', '2022-08-23 11:11:03', '2022-08-23 11:11:03'),
(56, 142, 2, '<p>cdcfsdfsdfsdf</p>\n', '2022-08-23 11:11:17', '2022-08-23 11:11:17'),
(57, 179, 2, '<p>nmhmmmmn</p>\n', '2022-08-23 11:42:25', '2022-08-23 11:42:25'),
(58, 179, 6, '<p>hhhhiiiiiiiii</p>\n', '2022-08-23 11:42:40', '2022-08-23 11:42:40'),
(59, 195, 2, '<p>igbkbhkjbk</p>\n', '2022-08-23 12:46:25', '2022-08-23 12:46:25'),
(60, 195, 2, '<p>uhnknl,nmlk</p>\n', '2022-08-23 12:46:44', '2022-08-23 12:46:44'),
(61, 198, 2, '<p>check this...</p>\n', '2022-08-24 03:55:23', '2022-08-24 03:55:23'),
(62, 199, 2, '<p>dsdsdsd</p>\n', '2022-08-24 03:57:05', '2022-08-24 03:57:05'),
(63, 210, 2, '<p>sas</p>\n', '2022-08-24 06:04:13', '2022-08-24 06:04:13'),
(64, 210, 2, '<p>asas</p>\n', '2022-08-24 06:04:20', '2022-08-24 06:04:20'),
(65, 211, 2, '<p>asas</p>\n', '2022-08-24 06:04:46', '2022-08-24 06:04:46'),
(66, 237, 2, '<p>HI....jjjj</p>\n', '2022-08-26 05:24:01', '2022-08-26 05:24:01'),
(67, 233, 2, '<p>ujkhjkjhkjhkjj</p>\n', '2022-08-26 05:28:00', '2022-08-26 05:28:00'),
(68, 233, 2, '<p>gfhfghf</p>\n', '2022-08-29 12:05:05', '2022-08-29 12:05:05'),
(69, 239, 2, '<p>jhhk</p>\n', '2022-08-29 12:05:25', '2022-08-29 12:05:25'),
(70, 235, 2, '<p>bvcbvbv</p>\n', '2022-08-31 09:07:33', '2022-08-31 09:07:33'),
(71, 235, 2, '<p>bvcbcvb</p>\n', '2022-08-31 09:07:39', '2022-08-31 09:07:39'),
(72, 235, 2, '<p>bcvbvcbvb</p>\n', '2022-08-31 09:07:44', '2022-08-31 09:07:44'),
(73, 247, 2, '', '2022-09-02 04:19:32', '2022-09-02 04:19:32'),
(74, 236, 2, '<p>fgbdfgdf</p>\n', '2022-09-10 04:35:48', '2022-09-10 04:35:48'),
(75, 286, 58, '<p><span style=\"font-size: 30px;\"><strong>sfsdrfr</strong></span></p>\n', '2022-09-10 05:12:30', '2022-09-10 05:12:30'),
(76, 233, 2, '<p>kjkjnknjknjk</p>\n', '2022-09-12 04:58:48', '2022-09-12 04:58:48'),
(77, 234, 2, '<p>sdsasad</p>\n', '2022-09-13 05:54:06', '2022-09-13 05:54:06'),
(78, 292, 2, '<p><strong>gveg</strong></p>\n', '2022-09-13 10:41:31', '2022-09-13 10:41:31'),
(79, 292, 2, '<p>grrfgrreeeeeeeeeeeeeeeeeeeeeeeeeeeeeeeeeeeeeeeeeeeeeeeeeeeeeeeeeeeeeeeeeeeeeeeeeeeeeeeeeeeeeeeeeeeeeeeeeeeeeeeeeeeeeeee</p>\n', '2022-09-13 10:41:59', '2022-09-13 10:41:59'),
(80, 234, 2, '<p>5549</p>\n', '2022-09-13 10:52:47', '2022-09-13 10:52:47'),
(81, 234, 2, '<p>🤔asssssssssssssssssssssssssssssssssssssssssssssssssssssssssssssssssssssssssssss😍asssssssssssssssssssssssssssssssssssssss</p>\n', '2022-09-14 05:22:05', '2022-09-14 05:22:05'),
(82, 234, 2, '<p>assssssssssssssssssssssssssssssssssssssssssssssssssssssssssssssssssssssssssssssssssssssssssssssssssssssssssssssssssssssssssssssssssssssssssssssssssssssssssssssssssssssssssssssssssssssssssssssssssss', '2022-09-14 05:23:07', '2022-09-14 05:23:07'),
(83, 234, 2, '<p>saaaaaaaaaaaaaaaaaaaaaaaaaaaaaaaaaaaaaaaaaaaaaaaaaaaaaaaaaaaaaaaaaaaaaaaaaaaaaaaaaaaaaaaaaaaaaaaaaaaaaaaaaaaaaaaaaaaaaa😴saaaaaaaaaaaaaaaaaaaaaaaaaaaaaaaaaaaaaaaaaaaaaaaaaaaaaaaaaaaaaaaaaaa<span sty', '2022-09-14 05:29:31', '2022-09-14 05:29:31'),
(84, 234, 2, '<p>sdfaaaaaaaaaaddddddddddddddddddddddddddddddddddddddddddddddddd😂ddddddddddddddddddddddddddddddddd<span style=\"color: rgb(110,107,123);background-color: rgb(255,255,255);font-size: 14px;font-family: Montserrat, Helvetica, Arial, serif;\">sdfaaaaaaaaaaddddddddddddddddddddddddddddddddddddddddddddddddd😂ddddddddddddddddddddddddddddddddd</span> <span style=\"color: rgb(110,107,123);background-color: rgb(255,255,255);font-size: 14px;font-family: Montserrat, Helvetica, Arial, serif;\">sdfaaaaaaaaaaddddddddddddddddddddddddddddddddddddddddddddddddd😂ddddddddddddddddddddddddddddddddd</span> <span style=\"color: rgb(110,107,123);background-color: rgb(255,255,255);font-size: 14px;font-family: Montserrat, Helvetica, Arial, serif;\">sdfaaaaaaaaaaddddddddddddddddddddddddddddddddddddddddddddddddd😂ddddddddddddddddddddddddddddddddd</span> <span style=\"color: rgb(110,107,123);background-color: rgb(255,255,255);font-size: 14px;font-family: Montserrat, Helvetica, Arial, serif;\">sdfaaaaaaaaaaddddddddddddddddddddddddddddddddddddddddddddddddd😂ddddddddddddddddddddddddddddddddd</span> <span style=\"color: rgb(110,107,123);background-color: rgb(255,255,255);font-size: 14px;font-family: Montserrat, Helvetica, Arial, serif;\">sdfaaaaaaaaaaddddddddddddddddddddddddddddddddddddddddddddddddd😂ddddddddddddddddddddddddddddddddd</span> <span style=\"color: rgb(110,107,123);background-color: rgb(255,255,255);font-size: 14px;font-family: Montserrat, Helvetica, Arial, serif;\">sdfaaaaaaaaaaddddddddddddddddddddddddddddddddddddddddddddddddd😂ddddddddddddddddddddddddddddddddd</span>&nbsp;</p>\n', '2022-09-14 05:30:58', '2022-09-14 05:30:58'),
(85, 238, 2, '<p>ashvdasjhsdbn</p>\n', '2022-09-16 12:36:20', '2022-09-16 12:36:20'),
(86, 291, 2, '<p>dsdsdsaddascxzf</p>\n', '2022-09-16 12:45:42', '2022-09-16 12:45:42'),
(87, 284, 2, '<p>cdskskhg</p>\n', '2022-09-17 10:18:43', '2022-09-17 10:18:43'),
(88, 317, 54, '<p>rrtretr</p>\n', '2022-09-17 11:32:22', '2022-09-17 11:32:22'),
(89, 317, 54, 'hgdyhtgdyhhf', '2022-09-19 05:49:50', '2022-09-19 05:49:50'),
(90, 317, 54, 'rrtfgffe', '2022-09-19 06:44:20', '2022-09-19 06:44:20'),
(91, 317, 54, 'trtrrete', '2022-09-19 08:24:22', '2022-09-19 08:24:22'),
(92, 317, 54, '<p>gghghtg</p>\n', '2022-09-19 11:15:23', '2022-09-19 11:15:23'),
(93, 319, 54, '<p>grxftgrfghdrt</p>\n', '2022-09-19 11:15:45', '2022-09-19 11:15:45');

-- --------------------------------------------------------

--
-- Table structure for table `template`
--

DROP TABLE IF EXISTS `template`;
CREATE TABLE IF NOT EXISTS `template` (
  `t_id` int NOT NULL AUTO_INCREMENT,
  `title` text CHARACTER SET utf8mb4 COLLATE utf8mb4_0900_ai_ci,
  `body` text NOT NULL,
  `u_id` int NOT NULL,
  `type` int NOT NULL COMMENT '0-email,1-sms,2-whatsapp',
  PRIMARY KEY (`t_id`)
) ENGINE=MyISAM AUTO_INCREMENT=45 DEFAULT CHARSET=utf8mb4 COLLATE=utf8mb4_0900_ai_ci;

--
-- Dumping data for table `template`
--

INSERT INTO `template` (`t_id`, `title`, `body`, `u_id`, `type`) VALUES
(37, NULL, 'jyhj 5gvyty v54t56t6ygt5y6frccr5y,ryh ,4 ,64rfbnmm fvryhrybnb n gnweewt5e', 67, 2),
(40, 'gvfgf', 'gdfgff', 54, 1),
(36, 'ghj', 'hvbjghuj', 67, 1),
(43, 'asas', 'asas', 2, 1),
(44, NULL, 'asas', 2, 2),
(25, 'Quotation email', '<p>quantity</p>\r\n<p><strong>size</strong></p>\r\n<p><em><ins>price</ins></em></p>\r\n<p>gst</p>\r\n', 58, 0),
(26, 'order email', '<p>quantity</p>\r\n<p>payment</p>\r\n', 58, 0),
(27, 'quotation sms', 'quantity\nprice', 58, 1),
(28, 'meeting sms', 'time\nschedule', 58, 1),
(29, NULL, 'quotation : whatsapp', 58, 2),
(30, NULL, '', 0, 1),
(31, 'hello', '<h2 style=\"text-align:center;\"><ins>hello @ he</ins><del><ins>ll</ins></del><del>o</del></h2>\r\n', 58, 0),
(33, NULL, 'hello', 58, 2),
(34, 'undefined', '<p></p>\r\n', 58, 0),
(35, NULL, '', 58, 1),
(42, 'gdfgffddfg', 'ghfghgvc ', 54, 0),
(41, 'asas', '<p>asa</p>\r\n', 2, 0),
(39, NULL, 'fdsffxdgff', 54, 2);

-- --------------------------------------------------------

--
-- Table structure for table `users`
--

DROP TABLE IF EXISTS `users`;
CREATE TABLE IF NOT EXISTS `users` (
  `u_id` int NOT NULL AUTO_INCREMENT,
  `first_name` varchar(50) CHARACTER SET utf8mb4 COLLATE utf8mb4_0900_ai_ci NOT NULL,
  `last_name` varchar(50) CHARACTER SET utf8mb4 COLLATE utf8mb4_0900_ai_ci NOT NULL,
  `username` varchar(50) CHARACTER SET utf8mb4 COLLATE utf8mb4_0900_ai_ci NOT NULL,
  `email` varchar(60) CHARACTER SET utf8mb4 COLLATE utf8mb4_0900_ai_ci NOT NULL,
  `mo_no` varchar(30) CHARACTER SET utf8mb4 COLLATE utf8mb4_0900_ai_ci NOT NULL,
  `password` text CHARACTER SET utf8mb4 COLLATE utf8mb4_0900_ai_ci NOT NULL,
  `type` int DEFAULT NULL COMMENT '0-superadmin,1store,2staff',
  `token` text,
  `auth_token` varchar(200) NOT NULL,
  `active_package_id` int DEFAULT NULL,
  `p_p_id` int DEFAULT NULL,
  `parent_u_id` int NOT NULL DEFAULT '0',
  `p_lead` int DEFAULT NULL,
  `p_task` int DEFAULT NULL,
  `p_reminder` int DEFAULT NULL,
  `status` int NOT NULL DEFAULT '0',
  `is_login` int NOT NULL COMMENT '0-not login,1-login',
  `d_status` int NOT NULL DEFAULT '0' COMMENT '0-active,1-deactivate',
  `profileimg` text CHARACTER SET utf8mb4 COLLATE utf8mb4_0900_ai_ci,
  `created_at` timestamp NULL DEFAULT CURRENT_TIMESTAMP,
  `updated_at` timestamp NULL DEFAULT CURRENT_TIMESTAMP ON UPDATE CURRENT_TIMESTAMP,
  PRIMARY KEY (`u_id`)
) ENGINE=InnoDB AUTO_INCREMENT=73 DEFAULT CHARSET=utf8mb4 COLLATE=utf8mb4_0900_ai_ci;

--
-- Dumping data for table `users`
--

INSERT INTO `users` (`u_id`, `first_name`, `last_name`, `username`, `email`, `mo_no`, `password`, `type`, `token`, `auth_token`, `active_package_id`, `p_p_id`, `parent_u_id`, `p_lead`, `p_task`, `p_reminder`, `status`, `is_login`, `d_status`, `profileimg`, `created_at`, `updated_at`) VALUES
(1, 'truelinesolution', 'India', 'truelinesolution', '', '8128247202', '81dc9bdb52d04dc20036dbd8313ed055', 0, NULL, 'dHJ1ZWxpbmVzb2x1dGlvbi8xOS0wOS0yMDIyLDEwOjQ2OjEwIGFt', 0, 0, 0, NULL, NULL, NULL, 0, 0, 0, NULL, '0000-00-00 00:00:00', '2022-09-19 05:16:10'),
(2, 'truelinesolution', 'Store1', 'truelinesolution_india', 'harshpatel.tls@gmail.com', '9512364785', '202cb962ac59075b964b07152d234b70', 1, 'eOS5ZARJRgiQqOTWJ-lewh:APA91bHnF__kGrG_WRg9bGMTNqj6J9-U29seIq5Jjm-nNmNgimfFic4GErS_dfQn9ucqdW3tbvobvF4f5LDQ_3qJPV3kBvXibdsfVew9upRpt8yhsfRBMYFsNAxKoSo8zLWn3IEOcQ7y', 'aGFyc2hwYXRlbC50bHNAZ21haWwuY29tLzE5LTA5LTIwMjIsMjo0OTozNSBwbQ==', 5, 157, 0, 1, 1, 1, 0, 1, 0, '1663130286882.jpg', '0000-00-00 00:00:00', '2022-09-19 09:19:35'),
(3, 'itachi5', 'uchiha', 'itachi', 'itachi@gmail.com', '5555555555', '202cb962ac59075b964b07152d234b70', 2, '', 'aXRhY2hpLzE5LTA5LTIwMjIsMTA6NDU6MzUgYW0=', NULL, NULL, 2, 1, 1, 1, 0, 0, 0, '1663128848233.jpg', '0000-00-00 00:00:00', '2022-09-19 05:15:35'),
(4, 'obito', 'uchiha', 'obito', 'obito@gmail.com', '9986554412', '202cb962ac59075b964b07152d234b70', 2, NULL, 'b2JpdG8vMTctMDktMjAyMiw1OjIwOjI0IHBt', NULL, NULL, 2, 1, 1, 1, 0, 0, 0, NULL, '0000-00-00 00:00:00', '2022-09-19 05:05:36'),
(5, 'nagato', 'uchiha', 'pain', 'nagato@gmail.com', '8855412036', '202cb962ac59075b964b07152d234b70', 2, NULL, '', NULL, NULL, 2, 1, 0, 1, 0, 0, 0, NULL, '0000-00-00 00:00:00', '2022-09-16 11:18:15'),
(6, 'sasuke', 'uchiha', 'sasuke', 'sasuke@gmail.com', '8574785747', '202cb962ac59075b964b07152d234b70', 2, NULL, 'c2FzdWtlLzE3LTA5LTIwMjIsNToyMDowNiBwbQ==', NULL, NULL, 2, 1, 1, 1, 0, 0, 0, '1661257529758.jpg', '0000-00-00 00:00:00', '2022-09-17 11:50:06'),
(18, 'abc staff', 'staff1', 'abcstaff1', 'abcstaff1@gmail.com', '1545662359', '202cb962ac59075b964b07152d234b70', 2, NULL, '', NULL, NULL, 11, 1, 1, 1, 1, 0, 0, NULL, NULL, '2022-09-01 05:52:02'),
(23, 'prash', 'balar', '', 'pbalar@yahoo.in', '11111', '202cb962ac59075b964b07152d234b70', 1, '0', '', 5, 84, 0, NULL, NULL, NULL, 0, 0, 0, NULL, NULL, '2022-09-06 07:57:41'),
(38, 'itachi new', 'uchiha', 'itachi', 'itachi@gmail.com', '5555555555', 'd9b1d7db4cd6e70935368a1efb10e377', 2, NULL, '', NULL, NULL, 0, NULL, NULL, NULL, 0, 0, 0, NULL, '2022-09-01 06:23:08', '2022-09-01 06:23:08'),
(39, 'itachi new', 'uchiha', 'itachi', 'itachi@gmail.com', '5555555555', 'd9b1d7db4cd6e70935368a1efb10e377', 2, NULL, '', NULL, NULL, 0, NULL, NULL, 0, 0, 0, 0, NULL, '2022-09-01 06:23:35', '2022-09-01 06:23:35'),
(40, 'itachidsfdsfdsf', 'uchiha', 'itachi', 'itachi@gmail.com', '5555555555', 'd9b1d7db4cd6e70935368a1efb10e377', 2, NULL, '', NULL, NULL, 0, NULL, NULL, NULL, 0, 0, 0, NULL, '2022-09-01 06:27:31', '2022-09-01 06:27:31'),
(41, 'itachia', 'uchiha', 'itachi', 'itachi@gmail.com', '5555555555', 'd9b1d7db4cd6e70935368a1efb10e377', 2, NULL, '', NULL, NULL, 0, NULL, NULL, NULL, 0, 0, 0, NULL, '2022-09-01 06:39:04', '2022-09-01 06:39:04'),
(42, 'itachisss', 'uchiha', 'itachi', 'itachi@gmail.com', '5555555555', 'd9b1d7db4cd6e70935368a1efb10e377', 2, NULL, '', NULL, NULL, 0, NULL, NULL, NULL, 0, 0, 0, NULL, '2022-09-01 06:40:37', '2022-09-01 06:40:37'),
(54, 'Utsav', 'Vaghani', '', 'utsav@gmail.com', '9586244522', '202cb962ac59075b964b07152d234b70', 1, 'cysVNjBbTe-EZnHm71AFHp:APA91bF562ItRe8R_tfHJVr3ivA3wBGTJ8_0W7KDfthfZMFgSY4CJGquGs4gW1zvOa21OX3l2dvEDT1xedgt9nfSYk5AnjRJU4qhHt6ZF5FFUJkZwGqtfLC5haI5PqtWy8qU4FXyH7HC', 'dXRzYXZAZ21haWwuY29tLzE3LTA5LTIwMjIsMTo1MjoyNiBwbQ==', 5, 108, 0, 1, 1, 1, 0, 1, 0, '1663316384017.jpg', '2022-09-07 05:53:10', '2022-09-17 08:22:26'),
(55, 'akash', 'aa', '', 'akash@gmail.com', '1233456789', '202cb962ac59075b964b07152d234b70', 1, '', 'YWthc2hAZ21haWwuY29tLzEzLTA5LTIwMjIsMTE6MDE6NDggYW0=', 2, 101, 0, NULL, NULL, NULL, 1, 0, 1, NULL, '2022-09-07 05:58:41', '2022-09-16 10:45:41'),
(58, 'Prashant', 'Balar', '', 'prashanttls24@gmail.com', '1478523695', '202cb962ac59075b964b07152d234b70', 1, '', 'cHJhc2hhbnR0bHMyNEBnbWFpbC5jb20vMTAtMDktMjAyMiwzOjI2OjExIHBt', 2, 109, 0, 1, 1, 1, 0, 0, 0, '1662787150804.jpg', '2022-09-09 06:23:33', '2022-09-10 09:56:11'),
(59, 'gopal', 'vaghani', 'gopal', 'tlsutsav@gmail.com', '7894561230', '250cf8b51c773f3f8dc8b4be867a9a02', 2, NULL, 'Z29wYWwvMDktMDktMjAyMiw0OjA3OjMxIHBt', NULL, NULL, 58, 1, 1, 1, 1, 0, 1, NULL, '2022-09-09 06:43:43', '2022-09-10 09:42:48'),
(60, 'Aakash', 'Patel', 'akash', 'aakash@tls.in', '1478526547', '68053af2923e00204c3ca7c6a3150cf7', 2, NULL, 'YWthc2gvMDktMDktMjAyMiwzOjQ4OjQxIHBt', NULL, NULL, 58, 1, 1, 1, 1, 0, 1, NULL, '2022-09-09 08:35:30', '2022-09-10 09:42:48'),
(65, 'Staff1', 'vaghani', 'Staff1', 'staff1@gmail.com', '9874561231', '202cb962ac59075b964b07152d234b70', 2, NULL, '', NULL, NULL, 54, 1, 1, 1, 0, 0, 0, NULL, '2022-09-10 05:40:45', '2022-09-16 08:47:08'),
(66, 'Staff2', 'vaghani', 'Staff2', 'staff2@gmail.com', '9632587412', '202cb962ac59075b964b07152d234b70', 2, NULL, '', NULL, NULL, 54, 1, 1, 1, 0, 0, 0, NULL, '2022-09-10 06:13:27', '2022-09-17 11:56:59'),
(67, 'abc', '1', 'abc1', 'abc1@gmail.com', '0147852369', '202cb962ac59075b964b07152d234b70', 1, 'f1jdBfwHSmybxPI67eC-PA:APA91bG4v_1f3dIAJmYSvIH5637Y8zvGZdO1eoCIdXe5UrO-XRv5jEs9rvaU8jzHrpohfzJKlulz0oWNuSN30mT7J8tqXrlwERE_PsfLlhVGXKd2mWRs7XrBLPtTqV7OoQU2vhiEjJSb', 'YWJjMUBnbWFpbC5jb20vMTctMDktMjAyMiw1OjI2OjMyIHBt', 3, 149, 0, 1, 1, 1, 0, 1, 0, '1662790859259.jpg', '2022-09-10 06:13:38', '2022-09-17 11:56:32'),
(68, 'kashyap', 'staff1', 'kstaff1', 'kstaff1@gmail.com', '0011223366', '202cb962ac59075b964b07152d234b70', 2, NULL, '', NULL, NULL, 67, 1, 1, 1, 0, 0, 0, NULL, '2022-09-10 06:29:52', '2022-09-10 06:29:52'),
(69, 'aaaaaaaaaa', 'abbbbbbbbbbbbbb', 'truelinesolution1', 'harshpatel.tls@gmail.com1', '5555555551', '202cb962ac59075b964b07152d234b70', 2, NULL, '', NULL, NULL, 2, NULL, NULL, NULL, 0, 0, 0, NULL, '2022-09-14 03:51:07', '2022-09-16 11:18:19'),
(70, 'firstname', 'lastname', 'fistlastname', 'email@gmail.com', '9876543210', '202cb962ac59075b964b07152d234b70', 2, NULL, '', NULL, NULL, 2, 1, 1, 1, 0, 0, 0, NULL, '2022-09-17 03:59:38', '2022-09-17 03:59:38'),
(71, 'staff', 'staff123', 'staff', 'staff@gmail.com', '7896541230', '202cb962ac59075b964b07152d234b70', 2, NULL, '', NULL, NULL, 2, NULL, NULL, NULL, 0, 0, 0, NULL, '2022-09-17 04:09:56', '2022-09-17 04:09:56'),
(72, 'fname', 'lname', 'surat', 'suratasas@gmail.com', '9632587410', '202cb962ac59075b964b07152d234b70', 2, NULL, '', NULL, NULL, 2, NULL, NULL, NULL, 0, 0, 0, NULL, '2022-09-17 05:14:28', '2022-09-17 05:14:28');

-- --------------------------------------------------------

--
-- Table structure for table `websettings`
--

DROP TABLE IF EXISTS `websettings`;
CREATE TABLE IF NOT EXISTS `websettings` (
  `w_id` int NOT NULL AUTO_INCREMENT,
  `u_id` int NOT NULL,
  `smtp_port` int DEFAULT NULL,
  `smtp_host` varchar(30) DEFAULT NULL,
  `smtp_user` varchar(80) DEFAULT NULL,
  `smtp_password` varchar(110) DEFAULT NULL,
  `smtp_crypto` varchar(10) DEFAULT NULL,
  `from` varchar(80) DEFAULT NULL,
  `cc` varchar(80) DEFAULT NULL,
  `web_api_key` text,
  `indiamart_api` text,
  `indiamart_ph` varchar(20) DEFAULT NULL,
  `indiamart_sdate` varchar(20) DEFAULT NULL,
  `SMSapi` text,
  `SMS_ph` varchar(20) NOT NULL,
  `logo` varchar(300) DEFAULT NULL,
  `company_name` varchar(50) DEFAULT NULL,
  `created_at` timestamp NULL DEFAULT CURRENT_TIMESTAMP,
  `updated_at` timestamp NULL DEFAULT CURRENT_TIMESTAMP ON UPDATE CURRENT_TIMESTAMP,
  PRIMARY KEY (`w_id`)
) ENGINE=MyISAM AUTO_INCREMENT=105 DEFAULT CHARSET=utf8mb4 COLLATE=utf8mb4_0900_ai_ci;

--
-- Dumping data for table `websettings`
--

INSERT INTO `websettings` (`w_id`, `u_id`, `smtp_port`, `smtp_host`, `smtp_user`, `smtp_password`, `smtp_crypto`, `from`, `cc`, `web_api_key`, `indiamart_api`, `indiamart_ph`, `indiamart_sdate`, `SMSapi`, `SMS_ph`, `logo`, `company_name`, `created_at`, `updated_at`) VALUES
(43, 2, 465, 'smtp.googlemail.com', 'jilsutariyapatel10179@gmail.com', 'bwgvyjpqenowdetn', 'ssl', 'jilsutariyapatel10179@gmail.com', 'SFVQAEF', 'aGFyc2hwYXRlbC50bHNAZ21haWwuY29tL3RydWVsaW5lc29sdXRpb25faW5kaWEvMi9TZXB0ZW1iZXIgMTV0aCAyMDIyLCAxMDowOToxMCBhbQ==', 'MTU1Njc4ODM1Mi4wMTQzIzEwMzU5NTgw', '7042445112', '06-SEP-2022', 'asadasdas', '122222', '1663132057544.png', NULL, NULL, '2022-09-15 04:39:10'),
(93, 36, NULL, NULL, NULL, NULL, NULL, NULL, NULL, NULL, '', NULL, NULL, NULL, '', NULL, NULL, NULL, '2022-09-07 08:20:58'),
(92, 35, NULL, NULL, NULL, NULL, NULL, NULL, NULL, NULL, NULL, NULL, NULL, NULL, '', NULL, NULL, NULL, NULL),
(91, 34, NULL, NULL, NULL, NULL, NULL, NULL, NULL, NULL, NULL, NULL, NULL, NULL, '', NULL, NULL, NULL, NULL),
(90, 33, NULL, NULL, NULL, NULL, NULL, NULL, NULL, NULL, NULL, NULL, NULL, NULL, '', NULL, NULL, NULL, NULL),
(89, 32, NULL, NULL, NULL, NULL, NULL, NULL, NULL, NULL, NULL, NULL, NULL, NULL, '', NULL, NULL, NULL, NULL),
(88, 31, NULL, NULL, NULL, NULL, NULL, NULL, NULL, NULL, NULL, NULL, NULL, NULL, '', NULL, NULL, NULL, NULL),
(87, 29, NULL, NULL, NULL, NULL, NULL, NULL, NULL, NULL, NULL, NULL, NULL, NULL, '', NULL, NULL, NULL, NULL),
(86, 30, NULL, NULL, NULL, NULL, NULL, NULL, NULL, NULL, NULL, NULL, NULL, NULL, '', NULL, NULL, NULL, NULL),
(85, 28, NULL, NULL, NULL, NULL, NULL, NULL, NULL, NULL, NULL, NULL, NULL, NULL, '', NULL, NULL, NULL, NULL),
(84, 27, NULL, NULL, NULL, NULL, NULL, NULL, NULL, NULL, NULL, NULL, NULL, NULL, '', NULL, NULL, NULL, NULL),
(83, 26, NULL, NULL, NULL, NULL, NULL, NULL, NULL, NULL, NULL, NULL, NULL, NULL, '', NULL, NULL, NULL, NULL),
(82, 25, NULL, NULL, NULL, NULL, NULL, NULL, NULL, NULL, NULL, NULL, NULL, NULL, '', NULL, NULL, NULL, NULL),
(81, 24, NULL, NULL, NULL, NULL, NULL, NULL, NULL, NULL, NULL, NULL, NULL, NULL, '', NULL, NULL, NULL, NULL),
(80, 23, NULL, NULL, NULL, NULL, NULL, NULL, NULL, NULL, NULL, NULL, NULL, NULL, '', NULL, NULL, NULL, NULL),
(79, 11, NULL, NULL, NULL, NULL, NULL, NULL, NULL, NULL, NULL, NULL, NULL, NULL, '', NULL, NULL, NULL, NULL),
(78, 10, NULL, NULL, NULL, NULL, NULL, NULL, NULL, NULL, NULL, NULL, NULL, NULL, '', NULL, NULL, NULL, NULL),
(77, 10, NULL, NULL, NULL, NULL, NULL, NULL, NULL, NULL, NULL, NULL, NULL, NULL, '', NULL, NULL, NULL, NULL),
(94, 44, NULL, NULL, NULL, NULL, NULL, NULL, NULL, NULL, NULL, NULL, NULL, NULL, '', NULL, NULL, '2022-09-05 04:40:19', '2022-09-05 04:40:19'),
(95, 53, NULL, NULL, NULL, NULL, NULL, NULL, NULL, NULL, NULL, NULL, NULL, NULL, '', NULL, NULL, '2022-09-07 05:42:21', '2022-09-07 05:42:21'),
(96, 54, NULL, NULL, NULL, NULL, NULL, NULL, NULL, 'dXRzYXZAZ21haWwuY29tLy81NC9TZXB0ZW1iZXIgMTZ0aCAyMDIyLCA1OjQ3OjM4IHBt', NULL, NULL, NULL, NULL, '', NULL, NULL, '2022-09-07 05:53:10', '2022-09-16 12:17:38'),
(97, 55, NULL, NULL, NULL, NULL, NULL, NULL, NULL, NULL, NULL, NULL, NULL, NULL, '', NULL, NULL, '2022-09-07 05:58:41', '2022-09-07 05:58:41'),
(98, 57, NULL, NULL, NULL, NULL, NULL, NULL, NULL, NULL, NULL, NULL, NULL, NULL, '', NULL, NULL, '2022-09-09 06:21:50', '2022-09-09 06:21:50'),
(99, 58, 465, 'smtp.googlemail.com', 'jilsutariyapatel10179@gmail.com', 'cbmkokgsaqnnhhef', 'ssl', 'jilsutariyapatel10179@gmail.com', 'jilsutariyapatel10179@gmail.com', NULL, NULL, NULL, NULL, NULL, '', NULL, NULL, '2022-09-09 06:23:33', '2022-09-09 09:12:10'),
(100, 61, NULL, NULL, NULL, NULL, NULL, NULL, NULL, NULL, NULL, NULL, NULL, NULL, '', NULL, NULL, '2022-09-09 10:49:03', '2022-09-09 10:49:03'),
(101, 62, NULL, NULL, NULL, NULL, NULL, NULL, NULL, NULL, NULL, NULL, NULL, NULL, '', NULL, NULL, '2022-09-10 05:36:04', '2022-09-10 05:36:04'),
(102, 63, NULL, NULL, NULL, NULL, NULL, NULL, NULL, NULL, NULL, NULL, NULL, NULL, '', NULL, NULL, '2022-09-10 05:37:30', '2022-09-10 05:37:30'),
(103, 64, NULL, NULL, NULL, NULL, NULL, NULL, NULL, NULL, NULL, NULL, NULL, NULL, '', NULL, NULL, '2022-09-10 05:38:37', '2022-09-10 05:38:37'),
(104, 67, NULL, NULL, NULL, NULL, NULL, NULL, NULL, NULL, NULL, NULL, NULL, NULL, '', NULL, NULL, '2022-09-10 06:13:38', '2022-09-10 06:13:38');
COMMIT;

/*!40101 SET CHARACTER_SET_CLIENT=@OLD_CHARACTER_SET_CLIENT */;
/*!40101 SET CHARACTER_SET_RESULTS=@OLD_CHARACTER_SET_RESULTS */;
/*!40101 SET COLLATION_CONNECTION=@OLD_COLLATION_CONNECTION */;
